"aha_id","year","Find","Send","Receive","Integrate","ClinInteropFx","Available","Used","DataUse","HospitalSend","HospitalReceive","AmbSend","AmbReceive","LTPACSend","LTPACReceive","BHSend","BHReceive","breadth_of_exchange","Barrier_Send","Barrier_Receive","Barrier_Other","Barriers","MFind","MSend","MReceive","Methods","IB_Extent_EHR","IB_Extent_HIE","IB_Extent_Prov","InfoBlocking","Core","Friction","largebed","medbed","smallbed","cah","cbsatype","piemr","mhsmemb","weight"
"6110090",2025,1,1,1,1,1,1,1,1,1,1,1,1,1,1,1,1,1,0.5,0.5,0.5,0.5,0.666666666666667,0.714285714285714,1,0.793650793650794,0,0,0,0,100,43.1216931216931,0,0,1,1,"Rural","Cerner",NA,2.7797508
"6110200",2025,1,1,0.5,0.5,0.75,1,1,1,0.5,0.5,0.5,0.5,0.5,0.5,0,0,0.375,0.5,0.333333333333333,0.6,0.477777777777778,0.5,0.285714285714286,0,0.261904761904762,0,0,0,0,70.8333333333333,24.6560846560847,0,0,1,0,"Rural","CPSI/Evident",1,1.9653661
"6110290",2025,1,1,1,1,1,0.5,0,0.25,1,1,1,1,0,0,0.5,0.5,0.625,0.5,1,0.5,0.666666666666667,0.333333333333333,0.285714285714286,0.285714285714286,0.301587301587302,0,0,1,0.333333333333333,62.5,43.3862433862434,0,0,1,1,"Rural","Cerner",NA,2.7797508
"6110330",2025,1,1,1,1,1,1,1,1,1,1,1,1,0.5,0.5,0,0,0.625,0.333333333333333,0.166666666666667,0.2,0.233333333333333,0.833333333333333,0.571428571428571,0.714285714285714,0.706349206349206,0,0,0,0,87.5,31.3227513227513,0,0,1,1,"Rural","Meditech",NA,2.7797508
"6110380",2025,0.5,0.5,0.5,0,0.375,1,0.5,0.75,0.5,0.5,0.5,0.5,0.5,0.5,0.5,0.5,0.5,0.5,0.5,0.5,0.5,0,0,0,0,1,0,0,0.333333333333333,54.1666666666667,27.7777777777778,0,1,0,0,"Metro","Epic",1,1.6728343
"6110387",2025,1,1,1,0,0.75,1,1,1,0,0,0,0,0,0,0,0,0,0.166666666666667,0.166666666666667,0.1,0.144444444444444,0.166666666666667,0.142857142857143,0.142857142857143,0.150793650793651,0,0,0,0,58.3333333333333,9.84126984126984,0,0,1,1,"Metro","Meditech",NA,2.825819
"6120001",2025,1,1,1,0.5,0.875,1,1,1,1,1,1,0.5,0,0.5,0.5,0.5,0.625,0.5,0.666666666666667,0.6,0.588888888888889,0.333333333333333,0.571428571428571,0.571428571428571,0.492063492063492,0,0,0,0,83.3333333333333,36.031746031746,0,1,0,0,"Metro","Meditech",1,1.9058088
"6120010",2025,1,1,1,1,1,1,0.5,0.75,1,1,1,1,1,0.5,1,0.5,0.875,0.5,0.666666666666667,0.5,0.555555555555555,0.666666666666667,0.571428571428571,0.714285714285714,0.650793650793651,0,1,1,0.666666666666667,87.5,62.4338624338624,0,0,1,1,"Rural","Meditech",1,1.6194139
"6120029",2025,1,1,1,1,1,1,0.5,0.75,1,1,1,1,1,0.5,1,0.5,0.875,0.5,0.666666666666667,0.5,0.555555555555555,0.666666666666667,0.571428571428571,0.714285714285714,0.650793650793651,0,1,1,0.666666666666667,87.5,62.4338624338624,0,0,1,1,"Rural","Meditech",1,1.9884837
"6120030",2025,1,1,1,1,1,0.5,0.5,0.5,0.5,0.5,0.5,0.5,0.5,0.5,0.5,0.5,0.5,0.833333333333333,0.666666666666667,0.7,0.733333333333333,0.333333333333333,0.285714285714286,0.142857142857143,0.253968253968254,0,0,0,0,66.6666666666667,32.9100529100529,0,1,0,0,"Micro","Cerner",NA,1.861112
"6120080",2025,1,1,1,1,1,1,1,1,1,1,1,0.5,1,0.5,1,0.5,0.8125,0.333333333333333,0.5,0.5,0.444444444444444,1,0.714285714285714,0.428571428571429,0.714285714285714,0,0,0,0,93.75,38.6243386243386,0,1,0,0,"Metro","Epic",1,1.7829912
"6120090",2025,1,1,1,0.5,0.875,1,1,1,1,1,1,0.5,0,0.5,0.5,0.5,0.625,0.5,0.666666666666667,0.6,0.588888888888889,0.333333333333333,0.571428571428571,0.571428571428571,0.492063492063492,0,0,0,0,83.3333333333333,36.031746031746,0,0,1,0,"Metro","Meditech",1,2.3652003
"6120170",2025,1,1,1,1,1,1,1,1,1,1,1,1,0,0,0,0,0.5,0.666666666666667,0.333333333333333,0.1,0.366666666666667,0.666666666666667,0.571428571428571,0.428571428571429,0.555555555555556,0,0,1,0.333333333333333,83.3333333333333,41.8518518518518,1,0,0,0,"Micro","Epic",1,1.476721
"6120210",2025,1,1,1,1,1,1,0.5,0.75,1,1,1,1,1,0.5,1,0.5,0.875,0.5,0.666666666666667,0.5,0.555555555555555,0.666666666666667,0.571428571428571,0.714285714285714,0.650793650793651,0,1,1,0.666666666666667,87.5,62.4338624338624,0,0,1,1,"Rural","Meditech",1,1.8494166
"6120220",2025,0,0,0,0,0,0,0,0,0,0,0,0,0,0,0,0,0,0,0,0.4,0.133333333333333,0,0,0,0,0,0,0,0,0,4.44444444444444,0,0,1,1,"Micro","Epic",1,1.8494166
"6120300",2025,1,1,1,0,0.75,0.5,0.5,0.5,0.5,0.5,0.5,0.5,0.5,0.5,0.5,0.5,0.5,0.333333333333333,0.5,0.3,0.377777777777778,0.333333333333333,0.571428571428571,0.428571428571429,0.444444444444444,0,0,0,0,58.3333333333333,27.4074074074074,0,1,0,0,"Metro","Epic",1,1.6728343
"6120310",2025,0,0,0,0,0,0,0,0,0,0,0,0,0,0,0,0,0,0,0,0.4,0.133333333333333,0,0,0,0,0,0,0,0,0,4.44444444444444,0,0,1,1,"Micro","Epic",1,1.8494166
"6120340",2025,1,0.5,0.5,0.5,0.625,1,1,1,0,0,0.5,0.5,0,0.5,0,0,0.1875,0.666666666666667,0.833333333333333,0.2,0.566666666666667,0.666666666666667,0.142857142857143,0,0.26984126984127,0,0,0,0,60.4166666666667,27.8835978835979,0,0,1,1,"Metro","Altera Digital Health",NA,2.5689495
"6120350",2025,1,0.5,0,1,0.625,0.5,0,0.25,1,0.5,1,0.5,1,0,1,0,0.625,0.666666666666667,0.666666666666667,0.7,0.677777777777778,0.666666666666667,0,0,0.222222222222222,0,0,0,0,50,30,0,0,1,1,"Micro","Meditech",NA,2.5293629
"6120380",2025,1,1,1,0.5,0.875,1,1,1,1,1,1,0.5,0,0.5,0.5,0.5,0.625,0.5,0.666666666666667,0.6,0.588888888888889,0.333333333333333,0.571428571428571,0.571428571428571,0.492063492063492,0,0,0,0,83.3333333333333,36.031746031746,0,0,1,0,"Metro","Meditech",1,2.3652003
"6120410",2025,1,1,0,0,0.5,0,0,0,0,0,0,0,0,0,0,0,0,0.5,0.5,0.5,0.5,0.166666666666667,0.142857142857143,0,0.103174603174603,0,0,0,0,16.6666666666667,20.1058201058201,0,0,1,1,"Rural","Meditech",NA,2.7797508
"6130001",2025,1,1,1,1,1,0.5,1,0.75,1,1,1,1,1,1,1,1,1,0.5,0.333333333333333,0.5,0.444444444444444,0.666666666666667,1,0.857142857142857,0.841269841269841,0,0,0,0,91.6666666666667,42.8571428571429,1,0,0,0,"Metro","Epic",1,1.4890608
"6130015",2025,1,1,1,1,1,0.5,1,0.75,1,1,1,1,1,1,1,1,1,0.5,0.333333333333333,0.5,0.444444444444444,0.666666666666667,1,0.857142857142857,0.841269841269841,0,0,0,0,91.6666666666667,42.8571428571429,0,1,0,0,"Micro","Epic",1,1.6558578
"6130040",2025,0.5,1,0.5,0.5,0.625,0.5,0.5,0.5,0.5,0.5,0.5,0.5,0,0,0,0,0.25,0.833333333333333,0.833333333333333,0.8,0.822222222222222,0,0.142857142857143,0,0.0476190476190476,0,1,1,0.666666666666667,45.8333333333333,51.2169312169312,0,0,1,0,"Micro","Meditech",1,1.8494166
"6130120",2025,1,1,1,1,1,0.5,1,0.75,1,1,1,1,1,1,1,1,1,0.5,0.333333333333333,0.5,0.444444444444444,0.666666666666667,1,0.857142857142857,0.841269841269841,0,0,0,0,91.6666666666667,42.8571428571429,0,0,1,1,"Rural","Epic",1,1.8494166
"6130150",2025,1,1,1,1,1,1,1,1,0,0,0,0,0,0,0,0,0,1,1,0.9,0.966666666666667,0.833333333333333,0.571428571428571,0.571428571428571,0.658730158730159,1,0,0,0.333333333333333,66.6666666666667,65.2910052910053,0,0,1,1,"Rural","Cerner",NA,2.7797508
"6130210",2025,1,1,1,1,1,0.5,0.5,0.5,1,0.5,1,0.5,0,0,0,0,0.375,0.5,0.166666666666667,0.4,0.355555555555556,0.5,0.857142857142857,0.428571428571429,0.595238095238095,0,0,0,0,62.5,31.6931216931217,0,1,0,0,"Micro","Cerner",NA,2.1808629
"6130212",2025,1,1,1,0.5,0.875,0.5,0,0.25,1,0,1,0,1,0,1,0,0.5,0.666666666666667,0.166666666666667,0.5,0.444444444444444,0.166666666666667,0.857142857142857,0.285714285714286,0.436507936507936,0,0,0,0,54.1666666666667,29.3650793650794,0,0,1,0,"Metro","Meditech",1,1.8714032
"6130225",2025,1,1,1,1,1,1,0.5,0.75,1,1,1,1,1,0,1,0,0.75,0.666666666666667,0.333333333333333,0.6,0.533333333333333,0.5,0.428571428571429,0.571428571428571,0.5,0,0,0,0,83.3333333333333,34.4444444444444,0,0,1,1,"Rural","Meditech",NA,2.5293629
"6130255",2025,1,0.5,0.5,0.5,0.625,0.5,0,0.25,1,0,0,0,0,0,0,0,0.125,1,0.5,0.8,0.766666666666667,0.333333333333333,0,0,0.111111111111111,1,0,0,0.333333333333333,33.3333333333333,40.3703703703704,0,0,1,1,"Micro","Cerner",NA,2.7797508
"6130290",2025,1,0.5,0.5,1,0.75,0.5,0.5,0.5,1,0.5,1,0,1,0,1,0,0.5625,0.666666666666667,0.666666666666667,0.5,0.611111111111111,0.833333333333333,0.285714285714286,0,0.373015873015873,0,0,0,0,60.4166666666667,32.8042328042328,0,0,1,1,"Micro","Cerner",1,1.8494166
"6140011",2025,1,1,1,0.5,0.875,1,1,1,1,0.5,1,0.5,1,0.5,1,0.5,0.75,0.166666666666667,0.5,0,0.222222222222222,1,0.428571428571429,0.714285714285714,0.714285714285714,0,0,0,0,87.5,31.2169312169312,0,1,0,0,"Metro","Epic",1,1.6728343
"6140012",2025,1,1,1,1,1,1,1,1,1,1,1,1,0.5,0,0.5,1,0.75,0.666666666666667,0.666666666666667,0.7,0.677777777777778,0.666666666666667,0.714285714285714,0.714285714285714,0.698412698412698,1,0,1,0.666666666666667,91.6666666666667,68.0952380952381,0,1,0,0,"Metro","Epic",NA,2.1045341
"6140013",2025,1,1,1,1,1,0,1,0.5,1,1,1,0.5,1,0.5,1,0.5,0.8125,0,0,0,0,0.166666666666667,0.428571428571429,0.428571428571429,0.341269841269841,0,0,0,0,77.0833333333333,11.3756613756614,1,0,0,0,"Metro","Epic",1,1.4890608
"6140016",2025,1,1,1,1,1,1,1,1,1,1,1,1,0.5,0.5,0.5,0.5,0.75,0.833333333333333,0.833333333333333,0.6,0.755555555555556,0.5,0.857142857142857,0.714285714285714,0.690476190476191,0,0,1,0.333333333333333,91.6666666666667,59.3121693121693,1,0,0,0,"Metro","Epic",NA,1.9431787
"6140065",2025,0.5,1,0.5,0,0.5,0.5,0,0.25,0.5,0,1,0,0,0,0,0,0.1875,0.5,0.833333333333333,0.4,0.577777777777778,0,0.714285714285714,0.142857142857143,0.285714285714286,0,0,0,0,31.25,28.7830687830688,0,0,1,1,"Metro","Meditech",1,2.01407
"6140080",2025,1,1,1,1,1,0.5,0.5,0.5,0.5,0.5,0.5,0.5,0.5,0.5,0.5,0,0.4375,0.333333333333333,0.5,0.5,0.444444444444444,0.333333333333333,0.428571428571429,0.142857142857143,0.301587301587302,0,0,0,0,64.5833333333333,24.8677248677249,0,1,0,0,"Metro","Cerner",NA,2.2114289
"6140215",2025,1,1,1,1,1,1,1,1,1,1,1,0.5,1,0.5,1,0.5,0.8125,0.333333333333333,0.5,0.5,0.444444444444444,1,0.714285714285714,0.428571428571429,0.714285714285714,0,0,0,0,93.75,38.6243386243386,1,0,0,0,"Metro","Epic",1,1.4890608
"6140270",2025,1,1,1,1,1,1,1,1,0.5,0.5,0.5,0.5,0.5,0.5,0.5,0.5,0.5,0.5,0.5,0.4,0.466666666666667,0.5,0.285714285714286,0.428571428571429,0.404761904761905,0,0,0,0,83.3333333333333,29.047619047619,1,0,0,0,"Metro","Epic",NA,1.880547
"6140310",2025,1,1,1,1,1,1,1,1,1,1,1,0.5,1,0.5,1,0.5,0.8125,0.333333333333333,0.5,0.5,0.444444444444444,1,0.714285714285714,0.428571428571429,0.714285714285714,0,0,0,0,93.75,38.6243386243386,0,1,0,0,"Metro","Epic",1,1.6728343
"6140428",2025,1,1,1,0.5,0.875,1,1,1,1,0.5,1,0.5,1,0.5,1,0.5,0.75,0.166666666666667,0.5,0,0.222222222222222,1,1,0.714285714285714,0.904761904761905,0,0,0,0,87.5,37.5661375661376,0,1,0,0,"Metro","Epic",1,1.6728343
"6140465",2025,1,1,1,1,1,1,1,1,1,1,1,1,1,1,1,1,1,0.666666666666667,0.5,0.3,0.488888888888889,0.666666666666667,0.285714285714286,0.428571428571429,0.46031746031746,0,0,1,0.333333333333333,100,42.7513227513227,0,1,0,0,"Metro","Epic",1,1.4580649
"6140630",2025,1,1,1,0,0.75,0.5,0.5,0.5,1,0.5,1,0.5,0,0,0.5,0,0.4375,0.333333333333333,0.5,0.4,0.411111111111111,0.5,0.857142857142857,0.857142857142857,0.738095238095238,0,0,0,0,56.25,38.3068783068783,0,1,0,0,"Metro","Meditech",NA,1.8834013
"6140850",2025,1,1,1,0,0.75,1,1,1,1,0,1,0,0,0,0,0,0.25,0.833333333333333,0.333333333333333,0.8,0.655555555555556,0.833333333333333,0.857142857142857,0.714285714285714,0.801587301587302,0,0,0,0,66.6666666666667,48.5714285714286,0,1,0,0,"Metro","Meditech",NA,2.4097648
"6140900",2025,1,1,1,1,1,1,1,1,1,1,1,1,0,0,0.5,0,0.5625,0.666666666666667,0.333333333333333,0.2,0.4,0.5,0.571428571428571,0.428571428571429,0.5,0,0,0,0,85.4166666666667,30,0,1,0,0,"Metro","Epic",1,1.9058088
"6140923",2025,1,1,1,1,1,1,1,1,1,1,1,1,1,1,1,1,1,0.333333333333333,0.333333333333333,0,0.222222222222222,0.5,0.857142857142857,0.571428571428571,0.642857142857143,0,0,0,0,100,28.8359788359788,0,0,1,0,"Metro","Epic",1,2.01407
"6140980",2025,0.5,1,0.5,0,0.5,0.5,0,0.25,0.5,0,1,0,0,0,0,0,0.1875,0.5,0.833333333333333,0.4,0.577777777777778,0,0.714285714285714,0.142857142857143,0.285714285714286,0,0,0,0,31.25,28.7830687830688,0,1,0,0,"Metro","Meditech",1,1.6728343
"6141010",2025,0.5,1,0.5,1,0.75,1,1,1,1,0,1,0,1,0,1,0,0.5,0.833333333333333,0.666666666666667,0.7,0.733333333333333,0,0.428571428571429,0.142857142857143,0.19047619047619,0,0,0,0,75,30.7936507936508,0,0,1,1,"Metro","Meditech",1,1.8714032
"6141110",2025,1,1,0.5,0,0.625,1,0.5,0.75,0.5,0.5,1,0,0.5,0,0,0,0.3125,0.833333333333333,0.666666666666667,0.8,0.766666666666667,0.333333333333333,0.571428571428571,0,0.301587301587302,0,0,0,0,56.25,35.6084656084656,0,1,0,0,"Metro","Meditech",NA,2.2114289
"6141130",2025,1,1,1,1,1,1,1,1,1,1,1,1,1,1,1,1,1,0.333333333333333,0.333333333333333,0,0.222222222222222,0.5,0.857142857142857,0.571428571428571,0.642857142857143,0,0,0,0,100,28.8359788359788,0,1,0,0,"Metro","Epic",1,1.490646
"6141430",2025,1,1,1,1,1,1,1,1,1,1,1,0.5,1,0.5,1,0.5,0.8125,0.333333333333333,0.5,0.5,0.444444444444444,1,0.714285714285714,0.428571428571429,0.714285714285714,0,0,0,0,93.75,38.6243386243386,0,0,1,0,"Micro","Epic",1,1.9884837
"6141640",2025,1,1,1,1,1,1,1,1,1,1,1,0.5,1,0.5,1,0.5,0.8125,0.333333333333333,0.5,0.5,0.444444444444444,1,0.714285714285714,0.428571428571429,0.714285714285714,0,0,0,0,93.75,38.6243386243386,0,0,1,1,"Micro","Epic",1,1.9884837
"6141705",2025,0.5,1,0.5,1,0.75,1,1,1,0.5,0,0.5,0,0.5,0,0.5,0,0.25,0.833333333333333,0.666666666666667,0.7,0.733333333333333,0,0.428571428571429,0.142857142857143,0.19047619047619,0,0,0,0,66.6666666666667,30.7936507936508,0,1,0,0,"Metro","Meditech",1,1.490646
"6142000",2025,1,1,1,1,1,1,1,1,1,1,1,1,0,0,0.5,0,0.5625,0.666666666666667,0.333333333333333,0.2,0.4,0.5,0.571428571428571,0.428571428571429,0.5,0,0,0,0,85.4166666666667,30,0,1,0,0,"Metro","Epic",1,1.6728343
"6149199",2025,0.5,1,0.5,1,0.75,1,1,1,0.5,0,0.5,0,0.5,0,0.5,0,0.25,0.833333333333333,0.666666666666667,0.7,0.733333333333333,0,0.428571428571429,0.142857142857143,0.19047619047619,0,0,0,0,66.6666666666667,30.7936507936508,0,0,1,1,"Metro","Meditech",1,2.01407
"6150080",2025,1,1,1,1,1,1,1,1,1,1,1,1,0,0,0.5,0,0.5625,0.666666666666667,0.333333333333333,0.2,0.4,0.5,0.571428571428571,0.428571428571429,0.5,0,0,0,0,85.4166666666667,30,0,1,0,0,"Metro","Epic",1,1.6728343
"6150130",2025,1,1,1,1,1,1,1,1,1,1,1,1,0,0,0.5,0,0.5625,0.666666666666667,0.333333333333333,0.2,0.4,0.5,0.571428571428571,0.428571428571429,0.5,0,0,0,0,85.4166666666667,30,0,1,0,0,"Metro","Epic",1,1.6281549
"6150150",2025,1,1,1,1,1,1,1,1,1,1,1,1,0,0,0.5,0,0.5625,0.666666666666667,0.333333333333333,0.2,0.4,0.5,0.571428571428571,0.428571428571429,0.5,0,0,0,0,85.4166666666667,30,1,0,0,0,"Metro","Epic",1,1.4890608
"6150205",2025,0,0.5,0.5,0,0.25,0.5,0,0.25,0,0,0,0.5,0,0,0,0,0.0625,0.5,0.666666666666667,1,0.722222222222222,0,0,0,0,0,0,0,0,18.75,24.0740740740741,0,1,0,0,"Metro","Epic",1,1.6728343
"6160001",2025,1,1,1,1,1,1,1,1,1,1,1,1,1,1,1,1,1,0.333333333333333,0.833333333333333,0,0.388888888888889,0.666666666666667,0.857142857142857,0.714285714285714,0.746031746031746,1,0,1,0.666666666666667,100,60.0529100529101,0,1,0,0,"Metro","Epic",1,1.7829912
"6160003",2025,1,1,1,1,1,1,1,1,1,1,1,1,1,1,1,1,1,0.333333333333333,0.833333333333333,0,0.388888888888889,0.666666666666667,0.857142857142857,0.714285714285714,0.746031746031746,1,0,1,0.666666666666667,100,60.0529100529101,1,0,0,0,"Metro","Epic",1,1.4890608
"6160009",2025,1,1,1,1,1,1,1,1,1,1,1,1,0,0,0,0,0.5,0.333333333333333,0.5,0.3,0.377777777777778,1,0.142857142857143,0.142857142857143,0.428571428571429,0,0,0,0,83.3333333333333,26.8783068783069,0,1,0,0,"Metro","Epic",NA,2.2114289
"6160010",2025,1,1,1,1,1,1,1,1,1,1,1,1,1,1,1,1,1,0.333333333333333,0.833333333333333,0,0.388888888888889,0.666666666666667,0.857142857142857,0.714285714285714,0.746031746031746,1,0,1,0.666666666666667,100,60.0529100529101,0,1,0,0,"Metro","Epic",1,1.6728343
"6160013",2025,1,1,1,1,1,1,1,1,1,1,1,1,1,1,1,1,1,0.333333333333333,0.833333333333333,0,0.388888888888889,0.666666666666667,0.857142857142857,0.714285714285714,0.746031746031746,1,0,1,0.666666666666667,100,60.0529100529101,0,1,0,0,"Metro","Epic",1,1.6728343
"6160070",2025,0.5,1,1,0.5,0.75,1,0.5,0.75,0,0.5,0.5,0.5,0.5,0.5,0,0,0.3125,0.666666666666667,0.333333333333333,0.6,0.533333333333333,0,0.857142857142857,0.285714285714286,0.380952380952381,0,0,0,0,60.4166666666667,30.4761904761905,0,1,0,0,"Metro","Meditech",NA,2.2114289
"6160100",2025,1,1,1,1,1,0.5,0.5,0.5,1,0.5,1,0.5,1,0,0,0,0.5,0.833333333333333,0.666666666666667,0.6,0.7,0.833333333333333,0.571428571428571,0.285714285714286,0.563492063492063,0,1,1,0.666666666666667,66.6666666666667,64.3386243386243,0,1,0,0,"Metro","Cerner",1,1.6728343
"6160340",2025,1,1,1,1,1,1,1,1,1,1,1,0.5,1,0,1,0.5,0.75,0.333333333333333,0.166666666666667,0.3,0.266666666666667,0.333333333333333,0.428571428571429,0.285714285714286,0.349206349206349,0,0,0,0,91.6666666666667,20.5291005291005,0,1,0,0,"Metro","Epic",NA,2.2114289
"6160450",2025,1,1,1,1,1,1,1,1,1,1,1,1,1,1,0.5,0,0.8125,1,0.333333333333333,0.5,0.611111111111111,0.833333333333333,0.428571428571429,0.571428571428571,0.611111111111111,1,0,0,0.333333333333333,93.75,51.8518518518518,0,1,0,0,"Metro","Epic",NA,2.2114289
"6160530",2025,1,1,1,1,1,0.5,0.5,0.5,1,0.5,1,0.5,1,0,0,0,0.5,0.833333333333333,0.666666666666667,0.6,0.7,0.833333333333333,0.571428571428571,0.285714285714286,0.563492063492063,0,1,1,0.666666666666667,66.6666666666667,64.3386243386243,0,1,0,0,"Metro","Cerner",1,1.6728343
"6160560",2025,1,1,1,1,1,1,1,1,1,1,1,1,1,1,1,1,1,0.333333333333333,0.833333333333333,0,0.388888888888889,0.666666666666667,0.857142857142857,0.714285714285714,0.746031746031746,1,0,1,0.666666666666667,100,60.0529100529101,0,1,0,0,"Metro","Epic",1,1.6728343
"6160610",2025,1,1,1,1,1,0.5,0.5,0.5,1,0.5,1,0.5,1,0,0,0,0.5,0.833333333333333,0.666666666666667,0.6,0.7,0.833333333333333,0.571428571428571,0.285714285714286,0.563492063492063,0,1,1,0.666666666666667,66.6666666666667,64.3386243386243,0,0,1,0,"Micro","Cerner",1,1.8494166
"6160710",2025,1,1,1,1,1,1,1,1,1,1,1,1,1,1,1,1,1,0.333333333333333,0.833333333333333,0,0.388888888888889,0.666666666666667,0.857142857142857,0.714285714285714,0.746031746031746,1,0,1,0.666666666666667,100,60.0529100529101,0,1,0,0,"Micro","Epic",1,1.6558578
"6160810",2025,1,1,1,1,1,1,1,1,1,1,1,1,1,1,1,1,1,0.333333333333333,0.833333333333333,0,0.388888888888889,0.666666666666667,0.857142857142857,0.714285714285714,0.746031746031746,1,0,1,0.666666666666667,100,60.0529100529101,0,0,1,0,"Metro","Epic",1,1.8714032
"6210001",2025,0.5,1,1,1,0.875,0.5,0.5,0.5,0.5,0.5,0.5,0.5,0,0,0,0,0.25,0.333333333333333,0.5,0.4,0.411111111111111,0,0.285714285714286,0.142857142857143,0.142857142857143,0,0,0,0,54.1666666666667,18.4656084656085,0,1,0,0,"Micro","Epic",1,1.6123059
"6210007",2025,1,0.5,0.5,0.5,0.625,0.5,0.5,0.5,1,0.5,1,0.5,1,0,1,0,0.625,0.666666666666667,0.833333333333333,1,0.833333333333333,0.333333333333333,0,0,0.111111111111111,0,1,1,0.666666666666667,58.3333333333333,53.7037037037037,0,0,1,0,"Rural","Meditech",1,1.9884837
"6210024",2025,1,1,1,1,1,1,1,1,1,1,1,1,0,0,0,0,0.5,0.833333333333333,0.5,0.6,0.644444444444444,0.666666666666667,0.857142857142857,0.714285714285714,0.746031746031746,0,0,1,0.333333333333333,83.3333333333333,57.4603174603175,1,0,0,0,"Metro","Epic",1,1.4890608
"6210025",2025,1,1,1,0.5,0.875,0,0.5,0.25,0.5,0.5,0.5,0.5,0.5,0.5,0.5,0.5,0.5,0.166666666666667,0.333333333333333,0.1,0.2,0.166666666666667,0.285714285714286,0.142857142857143,0.198412698412698,0,0,0,0,54.1666666666667,13.2804232804233,0,1,0,0,"Metro","Meditech",NA,1.8834013
"6210030",2025,1,0,0,1,0.5,1,0.5,0.75,0,0,0,0,0,0,0,0,0,0.5,0.5,0.6,0.533333333333333,0.5,0,0,0.166666666666667,0,0,0,0,41.6666666666667,23.3333333333333,1,0,0,0,"Metro","Epic",NA,2.2075148
"6210033",2025,1,1,1,1,1,1,0.5,0.75,1,1,1,0.5,0.5,0.5,0.5,0,0.625,0.833333333333333,0.666666666666667,0.6,0.7,0.833333333333333,0.857142857142857,0.571428571428571,0.753968253968254,0,0,0,0,79.1666666666667,48.4656084656085,0,1,0,0,"Micro","Epic",1,1.4782664
"6210034",2025,1,1,1,1,1,1,1,1,0.5,0.5,0.5,0.5,0.5,0.5,0.5,0.5,0.5,0.5,0.333333333333333,0.5,0.444444444444444,0.666666666666667,0.857142857142857,0.428571428571429,0.650793650793651,0,0,0,0,83.3333333333333,36.5079365079365,1,0,0,0,"Metro","Epic",NA,2.2934027
"6210037",2025,1,1,1,0.5,0.875,1,1,1,1,1,1,1,1,1,1,1,1,0.333333333333333,0.333333333333333,0.3,0.322222222222222,1,0.714285714285714,0.857142857142857,0.857142857142857,0,0,0,0,95.8333333333333,39.3121693121693,0,1,0,0,"Metro","Epic",1,1.490646
"6210039",2025,1,1,1,1,1,0.5,1,0.75,1,0,1,0,1,0,1,0,0.5,0.5,0.666666666666667,0.6,0.588888888888889,0.166666666666667,0.571428571428571,0.428571428571429,0.388888888888889,0,0,0,0,75,32.5925925925926,0,1,0,0,"Metro","Meditech",NA,2.2114289
"6210170",2025,1,0.5,1,0.5,0.75,1,0.5,0.75,1,0.5,1,0,1,0,1,0,0.5625,0.666666666666667,0,0.8,0.488888888888889,0.166666666666667,0.142857142857143,0.142857142857143,0.150793650793651,0,0,1,0.333333333333333,68.75,32.4338624338624,0,1,0,0,"Micro","Meditech",NA,2.3741946
"6210280",2025,1,1,1,1,1,0.5,0.5,0.5,1,1,1,1,1,1,1,1,1,0.5,0,0,0.166666666666667,0.333333333333333,0.571428571428571,0.571428571428571,0.492063492063492,0,0,0,0,83.3333333333333,21.957671957672,0,1,0,0,"Metro","Altera Digital Health",1,1.490646
"6210335",2025,1,1,1,1,1,1,1,1,1,1,1,1,1,1,0.5,1,0.9375,0.166666666666667,0.333333333333333,0.1,0.2,0.666666666666667,0.714285714285714,0.714285714285714,0.698412698412698,0,0,0,0,97.9166666666667,29.9470899470899,0,1,0,0,"Metro","Epic",1,1.6728343
"6210545",2025,1,1,1,1,1,1,1,1,1,1,1,0.5,1,0,1,0,0.6875,0.666666666666667,0.833333333333333,0.8,0.766666666666667,0.166666666666667,0.142857142857143,0.142857142857143,0.150793650793651,1,0,1,0.666666666666667,89.5833333333333,52.8042328042328,0,1,0,0,"Metro","Altera Digital Health",NA,1.8834013
"6210570",2025,1,1,1,1,1,0.5,1,0.75,1,1,1,1,1,1,1,1,1,0.5,0.5,0.4,0.466666666666667,0.5,0.714285714285714,0.571428571428571,0.595238095238095,0,0,0,0,91.6666666666667,35.3968253968254,0,1,0,0,"Metro","Epic",1,1.4791714
"6210690",2025,1,1,1,1,1,0.5,1,0.75,1,1,1,1,1,1,1,1,1,0.5,0.5,0.4,0.466666666666667,0.5,0.714285714285714,0.571428571428571,0.595238095238095,0,0,0,0,91.6666666666667,35.3968253968254,1,0,0,0,"Metro","Epic",1,1.5115956
"6210740",2025,1,1,1,1,1,0.5,0.5,0.5,1,0,0,0,0,0,0,0,0.125,0.666666666666667,0.833333333333333,0.4,0.633333333333333,0.333333333333333,0.285714285714286,0.285714285714286,0.301587301587302,0,0,0,0,54.1666666666667,31.1640211640212,0,1,0,0,"Metro","Other",NA,2.2114289
"6210965",2025,1,1,1,1,1,0.5,1,0.75,1,1,1,1,1,1,1,1,1,0.5,0.5,0.4,0.466666666666667,0.5,0.714285714285714,0.571428571428571,0.595238095238095,0,0,0,0,91.6666666666667,35.3968253968254,0,1,0,0,"Metro","Epic",1,1.657099
"6210970",2025,1,1,1,0,0.75,0,0,0,1,1,1,0.5,0.5,0,0.5,0,0.5625,1,1,0.6,0.866666666666667,0.333333333333333,0.571428571428571,0.285714285714286,0.396825396825397,0,0,0,0,43.75,42.1164021164021,0,1,0,0,"Metro","Altera Digital Health",NA,2.2114289
"6211070",2025,1,1,1,1,1,1,1,1,0.5,0.5,0.5,0.5,0,0,0.5,0,0.3125,0.5,0.333333333333333,0.4,0.411111111111111,0.333333333333333,0.428571428571429,0.285714285714286,0.349206349206349,0,0,0,0,77.0833333333333,25.3439153439153,1,0,0,0,"Metro","Meditech",NA,2.2631543
"6211120",2025,1,1,1,0,0.75,0.5,1,0.75,0.5,0,0.5,0,0,0,0,0,0.125,0.166666666666667,0.166666666666667,0.2,0.177777777777778,0.166666666666667,0.142857142857143,0.142857142857143,0.150793650793651,0,0,0,0,54.1666666666667,10.952380952381,0,1,0,0,"Metro","Altera Digital Health",NA,2.1830976
"6211185",2025,1,1,1,1,1,1,0.5,0.75,1,1,1,0.5,0.5,0.5,0.5,0,0.625,0.833333333333333,0.666666666666667,0.6,0.7,0.833333333333333,0.857142857142857,0.571428571428571,0.753968253968254,0,0,0,0,79.1666666666667,48.4656084656085,0,0,1,0,"Micro","Epic",1,1.9884837
"6211200",2025,1,1,1,1,1,0.5,0.5,0.5,1,0.5,1,0.5,1,0,0,0,0.5,0.833333333333333,0.666666666666667,0.6,0.7,0.833333333333333,0.571428571428571,0.285714285714286,0.563492063492063,0,1,1,0.666666666666667,66.6666666666667,64.3386243386243,0,0,1,0,"Metro","Cerner",1,1.8714032
"6211225",2025,1,0,0,1,0.5,1,0.5,0.75,0,0,0,0,0,0,0,0,0,0.5,0.5,0.6,0.533333333333333,0.5,0,0,0.166666666666667,0,0,0,0,41.6666666666667,23.3333333333333,0,1,0,0,"Micro","Epic",NA,2.1808629
"6211290",2025,1,1,1,1,1,1,0.5,0.75,1,1,1,0.5,0.5,0.5,0.5,0,0.625,0.833333333333333,0.666666666666667,0.6,0.7,0.833333333333333,0.857142857142857,0.571428571428571,0.753968253968254,0,0,0,0,79.1666666666667,48.4656084656085,0,1,0,0,"Metro","Epic",1,1.6728343
"6211295",2025,0.5,1,1,1,0.875,0.5,0.5,0.5,0.5,0.5,0.5,0.5,0,0,0,0,0.25,0.333333333333333,0.5,0.4,0.411111111111111,0,0.285714285714286,0.142857142857143,0.142857142857143,0,0,0,0,54.1666666666667,18.4656084656085,0,0,1,1,"Metro","Epic",1,2.01407
"6211450",2025,0.5,1,1,1,0.875,0.5,0.5,0.5,0.5,0.5,0.5,0.5,0,0,0,0,0.25,0.333333333333333,0.5,0.4,0.411111111111111,0,0.285714285714286,0.142857142857143,0.142857142857143,0,0,0,0,54.1666666666667,18.4656084656085,0,0,1,1,"Rural","Epic",1,1.9884837
"6211490",2025,1,1,1,1,1,0.5,1,0.75,1,1,1,1,1,1,1,1,1,0.5,0.333333333333333,0.5,0.444444444444444,0.666666666666667,1,0.857142857142857,0.841269841269841,0,0,0,0,91.6666666666667,42.8571428571429,0,0,1,1,"Rural","Epic",1,1.9884837
"6211500",2025,0.5,0.5,0.5,1,0.625,0.5,1,0.75,0,0.5,0,0.5,0,0.5,0,0.5,0.25,0.666666666666667,1,0.6,0.755555555555556,0.166666666666667,0.142857142857143,0,0.103174603174603,0,0,0,0,54.1666666666667,28.6243386243386,0,0,1,1,"Metro","Athenahealth",NA,2.825819
"6211570",2025,0.5,1,0.5,0.5,0.625,0.5,0,0.25,1,0.5,1,0.5,1,0,1,0,0.625,0.833333333333333,1,0.2,0.677777777777778,0,0.142857142857143,0,0.0476190476190476,0,0,0,0,50,24.1798941798942,0,1,0,0,"Metro","Meditech",NA,2.2114289
"6211600",2025,1,1,1,1,1,1,1,1,1,1,1,1,0.5,0.5,0.5,0.5,0.75,0.333333333333333,0.5,0.4,0.411111111111111,0.666666666666667,0.714285714285714,0.714285714285714,0.698412698412698,0,0,0,0,91.6666666666667,36.984126984127,0,1,0,0,"Metro","Epic",1,1.490646
"6211650",2025,0.5,0.5,0,0,0.25,0,0,0,0.5,0,0.5,0,0.5,0,0.5,0,0.25,0,0,0,0,0,0,0,0,0,0,0,0,16.6666666666667,0,0,0,1,0,"Metro","Meditech",1,1.6354469
"6211660",2025,1,1,1,1,1,0.5,0.5,0.5,1,1,1,1,1,1,1,1,1,0.5,0,0,0.166666666666667,0.333333333333333,0.571428571428571,0.571428571428571,0.492063492063492,0,0,0,0,83.3333333333333,21.957671957672,0,1,0,0,"Metro","Altera Digital Health",1,1.490646
"6211670",2025,1,0,0,1,0.5,1,0.5,0.75,0,0,0,0,0,0,0,0,0,0.5,0.5,0.6,0.533333333333333,0.5,0,0,0.166666666666667,0,0,0,0,41.6666666666667,23.3333333333333,0,1,0,0,"Metro","Epic",NA,2.2114289
"6211680",2025,1,1,1,1,1,0.5,0.5,0.5,1,1,1,1,1,1,1,1,1,0.5,0,0,0.166666666666667,0.333333333333333,0.571428571428571,0.571428571428571,0.492063492063492,0,0,0,0,83.3333333333333,21.957671957672,1,0,0,0,"Metro","Altera Digital Health",1,1.4890608
"6211690",2025,1,1,1,0,0.75,1,0.5,0.75,1,1,0.5,0.5,0.5,0.5,0,0,0.5,0.666666666666667,0.333333333333333,0.4,0.466666666666667,0.333333333333333,0.428571428571429,0.428571428571429,0.396825396825397,0,0,1,0.333333333333333,66.6666666666667,39.8941798941799,0,1,0,0,"Micro","Meditech",NA,2.3741946
"6211720",2025,1,1,1,1,1,1,0.5,0.75,1,1,1,0.5,0.5,0.5,0.5,0,0.625,0.833333333333333,0.666666666666667,0.6,0.7,0.833333333333333,0.857142857142857,0.571428571428571,0.753968253968254,0,0,0,0,79.1666666666667,48.4656084656085,0,0,1,1,"Micro","Epic",1,1.8494166
"6211880",2025,1,1,1,1,1,0.5,0.5,0.5,1,1,1,1,1,1,1,1,1,0.5,0,0,0.166666666666667,0.333333333333333,0.571428571428571,0.571428571428571,0.492063492063492,0,0,0,0,83.3333333333333,21.957671957672,0,1,0,0,"Metro","Altera Digital Health",1,1.490646
"6211980",2025,1,1,1,1,1,1,1,1,1,1,1,1,0.5,0.5,0.5,0.5,0.75,0.333333333333333,0.5,0.4,0.411111111111111,0.666666666666667,0.714285714285714,0.714285714285714,0.698412698412698,0,0,0,0,91.6666666666667,36.984126984127,1,0,0,0,"Metro","Epic",1,1.5238466
"6212010",2025,1,1,1,1,1,0.5,1,0.75,1,1,1,1,1,1,1,1,1,0.5,0.5,0.4,0.466666666666667,0.5,0.714285714285714,0.571428571428571,0.595238095238095,0,0,0,0,91.6666666666667,35.3968253968254,0,1,0,0,"Metro","Epic",1,1.657099
"6212040",2025,1,1,1,0.5,0.875,1,1,1,1,1,1,1,1,0.5,1,0.5,0.875,0.5,0.166666666666667,0.3,0.322222222222222,0.5,0.571428571428571,0.857142857142857,0.642857142857143,0,0,0,0,91.6666666666667,32.1693121693122,0,1,0,0,"Micro","Cerner",1,1.7632353
"6212230",2025,0.5,1,1,1,0.875,0.5,0.5,0.5,0.5,0.5,0.5,0.5,0,0,0,0,0.25,0.333333333333333,0.5,0.4,0.411111111111111,0,0.285714285714286,0.142857142857143,0.142857142857143,0,0,0,0,54.1666666666667,18.4656084656085,0,0,1,1,"Metro","Epic",1,2.01407
"6212320",2025,1,1,1,1,1,1,0.5,0.75,1,0.5,1,0.5,1,0.5,1,0.5,0.75,0.333333333333333,0.166666666666667,0.6,0.366666666666667,0.166666666666667,0.285714285714286,0.142857142857143,0.198412698412698,0,0,0,0,83.3333333333333,18.8359788359788,0,1,0,1,"Rural","Meditech",NA,2.3420565
"6212350",2025,1,1,1,1,1,0.5,1,0.75,1,1,1,1,1,1,1,1,1,0.5,0.333333333333333,0.5,0.444444444444444,0.666666666666667,1,0.857142857142857,0.841269841269841,0,0,0,0,91.6666666666667,42.8571428571429,0,1,0,1,"Rural","Epic",1,1.7632353
"6212357",2025,1,1,1,1,1,0.5,0.5,0.5,1,1,1,1,1,1,1,1,1,0,0,0,0,0.166666666666667,0.428571428571429,0.571428571428571,0.388888888888889,0,0,0,0,83.3333333333333,12.962962962963,1,0,0,0,"Metro","Altera Digital Health",1,1.4890608
"6212380",2025,1,1,1,1,1,1,0.5,0.75,1,1,1,0.5,0.5,0.5,0.5,0,0.625,0.833333333333333,0.666666666666667,0.6,0.7,0.833333333333333,0.857142857142857,0.571428571428571,0.753968253968254,0,0,0,0,79.1666666666667,48.4656084656085,0,0,1,0,"Micro","Epic",1,1.9653661
"6212565",2025,1,1,1,1,1,1,0.5,0.75,1,1,1,0.5,0.5,0.5,0.5,0,0.625,0.833333333333333,0.666666666666667,0.6,0.7,0.833333333333333,0.857142857142857,0.571428571428571,0.753968253968254,0,0,0,0,79.1666666666667,48.4656084656085,0,1,0,0,"Metro","Epic",1,1.6728343
"6212630",2025,1,1,1,1,1,0.5,1,0.75,1,1,1,1,1,1,1,1,1,0.5,0.5,0.4,0.466666666666667,0.5,0.714285714285714,0.571428571428571,0.595238095238095,0,0,0,0,91.6666666666667,35.3968253968254,1,0,0,0,"Metro","Epic",1,1.5115956
"6212655",2025,1,1,1,1,1,1,1,1,1,1,1,1,0.5,0.5,0,0,0.625,0.5,0.5,0.4,0.466666666666667,0.5,0.571428571428571,0.714285714285714,0.595238095238095,1,1,1,1,87.5,68.7301587301587,0,1,0,0,"Metro","Epic",NA,1.8247393
"6212675",2025,1,0,1,0.5,0.625,0.5,0.5,0.5,0.5,0,0.5,0.5,1,0.5,0.5,0,0.4375,0.5,0.333333333333333,0.3,0.377777777777778,0.166666666666667,0,0.142857142857143,0.103174603174603,0,0,0,0,52.0833333333333,16.031746031746,1,0,0,0,"Metro","Allscripts",NA,1.9431787
"6212700",2025,1,1,1,1,1,0.5,1,0.75,1,1,1,1,1,1,1,1,1,0.5,0.5,0.4,0.466666666666667,0.5,0.714285714285714,0.571428571428571,0.595238095238095,0,0,0,0,91.6666666666667,35.3968253968254,1,0,0,0,"Metro","Epic",1,1.5115956
"6212830",2025,1,1,1,1,1,0.5,1,0.75,1,1,1,1,1,1,1,1,1,0.5,0.5,0.4,0.466666666666667,0.5,0.714285714285714,0.571428571428571,0.595238095238095,0,0,0,0,91.6666666666667,35.3968253968254,0,1,0,0,"Metro","Epic",1,1.4791714
"6212925",2025,1,1,1,1,1,1,1,1,1,1,1,1,1,1,1,1,1,0.5,0.333333333333333,0.2,0.344444444444444,0.5,0.428571428571429,0.571428571428571,0.5,0,0,1,0.333333333333333,100,39.2592592592593,1,0,0,0,"Metro","Epic",NA,1.880547
"6212990",2025,1,1,1,0.5,0.875,0.5,0.5,0.5,1,1,1,1,1,1,1,1,1,0,0,0,0,0.333333333333333,0.571428571428571,0.571428571428571,0.492063492063492,0,0,0,0,79.1666666666667,16.4021164021164,1,0,0,0,"Metro","Altera Digital Health",1,1.4890608
"6213010",2025,1,1,1,1,1,0.5,1,0.75,1,1,1,1,1,1,1,1,1,0.5,0.5,0.4,0.466666666666667,0.5,0.714285714285714,0.571428571428571,0.595238095238095,0,0,0,0,91.6666666666667,35.3968253968254,0,1,0,0,"Metro","Epic",1,1.4473522
"6213060",2025,1,1,1,1,1,1,1,1,1,1,0.5,0.5,1,1,0,0,0.625,0.666666666666667,0.5,0.3,0.488888888888889,0.666666666666667,1,1,0.888888888888889,0,0,0,0,87.5,45.9259259259259,1,0,0,0,"Metro","Epic",NA,2.2075148
"6213070",2025,1,1,1,1,1,0.5,1,0.75,1,1,1,1,1,1,1,1,1,0.5,0.5,0.4,0.466666666666667,0.5,0.714285714285714,0.571428571428571,0.595238095238095,0,0,0,0,91.6666666666667,35.3968253968254,0,1,0,0,"Metro","Epic",1,1.657099
"6213100",2025,1,1,1,1,1,1,1,1,1,1,1,1,1,1,1,1,1,0.166666666666667,0.333333333333333,0.2,0.233333333333333,0.833333333333333,0.857142857142857,0.714285714285714,0.801587301587302,0,0,0,0,100,34.4973544973545,1,0,0,0,"Metro","Epic",1,1.4890608
"6213140",2025,1,1,1,1,1,1,1,1,1,1,1,1,0.5,0.5,0,0,0.625,0.5,0.5,0.4,0.466666666666667,0.5,0.571428571428571,0.714285714285714,0.595238095238095,1,1,1,1,87.5,68.7301587301587,1,0,0,0,"Metro","Epic",1,1.4890608
"6213180",2025,1,1,1,1,1,0.5,1,0.75,1,1,1,1,1,1,1,1,1,0.5,0.5,0.4,0.466666666666667,0.5,0.714285714285714,0.571428571428571,0.595238095238095,0,0,0,0,91.6666666666667,35.3968253968254,1,0,0,0,"Metro","Epic",1,1.5115956
"6213335",2025,1,1,1,1,1,1,1,1,1,1,1,1,0.5,0.5,0,0,0.625,0.5,0.5,0.4,0.466666666666667,0.5,0.571428571428571,0.714285714285714,0.595238095238095,1,1,1,1,87.5,68.7301587301587,1,0,0,0,"Metro","Epic",1,1.4890608
"6213720",2025,1,1,1,1,1,0.5,1,0.75,1,0.5,1,0.5,1,0,0,0,0.5,0.166666666666667,0,0.2,0.122222222222222,0.666666666666667,0.714285714285714,0.428571428571429,0.603174603174603,0,0,0,0,75,24.1798941798942,0,1,0,0,"Metro","Epic",1,1.7829912
"6213735",2025,1,1,1,1,1,1,1,1,1,1,1,1,0.5,0.5,0,0,0.625,0.5,0.5,0.4,0.466666666666667,0.5,0.285714285714286,0.571428571428571,0.452380952380952,1,1,1,1,87.5,63.968253968254,0,1,0,0,"Metro","Allscripts",1,1.490646
"6213830",2025,0.5,1,1,1,0.875,0.5,0.5,0.5,0.5,0.5,0.5,0.5,0,0,0,0,0.25,0.333333333333333,0.5,0.4,0.411111111111111,0,0.285714285714286,0.142857142857143,0.142857142857143,0,0,0,0,54.1666666666667,18.4656084656085,0,1,0,0,"Micro","Epic",1,1.7632353
"6213900",2025,1,1,1,1,1,1,1,1,1,0.5,1,0.5,0.5,0.5,0.5,0.5,0.625,1,1,0.7,0.9,0.5,0.857142857142857,0.714285714285714,0.690476190476191,0,0,0,0,87.5,53.015873015873,0,0,1,0,"Metro","Meditech",NA,2.825819
"6213977",2025,0,1,1,1,0.75,0.5,0.5,0.5,1,1,1,1,1,1,1,1,1,0,0,0,0,0,0.571428571428571,0.571428571428571,0.380952380952381,0,0,0,0,75,12.6984126984127,0,1,0,0,"Metro","Altera Digital Health",1,1.490646
"6213990",2025,1,1,1,1,1,0.5,1,0.75,1,1,1,1,1,1,1,1,1,0.5,0.333333333333333,0.5,0.444444444444444,0.666666666666667,1,0.857142857142857,0.841269841269841,0,0,0,0,91.6666666666667,42.8571428571429,0,1,0,0,"Micro","Epic",1,1.4782664
"6214055",2025,1,1,1,1,1,1,1,1,1,1,1,1,1,1,0.5,1,0.9375,0.166666666666667,0.333333333333333,0.1,0.2,0.666666666666667,0.714285714285714,0.714285714285714,0.698412698412698,0,0,0,0,97.9166666666667,29.9470899470899,0,1,0,0,"Metro","Epic",1,1.490646
"6214140",2025,1,1,1,1,1,0.5,0.5,0.5,1,0.5,1,0.5,1,0,0,0,0.5,0.833333333333333,0.666666666666667,0.6,0.7,0.833333333333333,0.571428571428571,0.285714285714286,0.563492063492063,0,1,1,0.666666666666667,66.6666666666667,64.3386243386243,0,1,0,0,"Metro","Cerner",1,1.490646
"6214180",2025,1,1,1,1,1,0.5,0.5,0.5,1,0.5,1,0.5,1,0,0,0,0.5,0.833333333333333,0.666666666666667,0.6,0.7,0.833333333333333,0.571428571428571,0.285714285714286,0.563492063492063,0,1,1,0.666666666666667,66.6666666666667,64.3386243386243,0,0,1,0,"Metro","Cerner",1,1.8714032
"6214280",2025,1,1,1,1,1,1,0.5,0.75,1,1,1,0.5,0.5,0.5,0.5,0,0.625,0.833333333333333,0.666666666666667,0.6,0.7,0.833333333333333,0.857142857142857,0.571428571428571,0.753968253968254,0,0,0,0,79.1666666666667,48.4656084656085,1,0,0,0,"Metro","Epic",1,1.7183632
"6214290",2025,1,1,1,1,1,1,0.5,0.75,1,1,1,0.5,0.5,0.5,0.5,0,0.625,0.833333333333333,0.666666666666667,0.6,0.7,0.833333333333333,0.857142857142857,0.571428571428571,0.753968253968254,0,0,0,0,79.1666666666667,48.4656084656085,1,0,0,0,"Metro","Epic",1,1.4890608
"6214330",2025,1,1,1,1,1,1,1,1,1,1,1,1,1,1,1,1,1,0.333333333333333,0.333333333333333,0.2,0.288888888888889,0.166666666666667,0.285714285714286,0.285714285714286,0.246031746031746,0,0,1,0.333333333333333,100,28.9417989417989,1,0,0,0,"Metro","Epic",1,1.4890608
"6214360",2025,1,1,1,1,1,1,1,1,1,1,1,1,1,1,0.5,1,0.9375,0.166666666666667,0.333333333333333,0.1,0.2,0.666666666666667,0.714285714285714,0.571428571428571,0.650793650793651,0,0,0,0,97.9166666666667,28.3597883597884,0,1,0,0,"Metro","Epic",1,1.6728343
"6214390",2025,1,1,1,0,0.75,1,1,1,0.5,0.5,0.5,0.5,0.5,0.5,0.5,0.5,0.5,0.333333333333333,0.166666666666667,0.6,0.366666666666667,0.166666666666667,0.142857142857143,0.142857142857143,0.150793650793651,0,0,0,0,75,17.2486772486773,0,1,0,0,"Metro","Altera Digital Health",NA,2.2114289
"6214410",2025,1,1,1,1,1,1,1,1,1,1,1,1,1,1,0.5,1,0.9375,0.166666666666667,0.333333333333333,0.1,0.2,0.666666666666667,0.714285714285714,0.714285714285714,0.698412698412698,0,0,0,0,97.9166666666667,29.9470899470899,0,1,0,0,"Metro","Epic",1,1.490646
"6214520",2025,1,0,0,1,0.5,1,0.5,0.75,0,0,0,0,0,0,0,0,0,0.5,0.5,0.6,0.533333333333333,0.5,0,0,0.166666666666667,0,0,0,0,41.6666666666667,23.3333333333333,0,1,0,0,"Metro","Epic",NA,1.8834013
"6214616",2025,1,1,1,1,1,1,1,1,1,1,1,1,1,1,0.5,1,0.9375,0.166666666666667,0.333333333333333,0.1,0.2,0.666666666666667,0.857142857142857,0.714285714285714,0.746031746031746,0,0,0,0,97.9166666666667,31.5343915343915,1,0,0,0,"Metro","Epic",1,1.5238466
"6214775",2025,0,0,0,1,0.25,0.5,0,0.25,0,0,0,0,0,0,0,0,0,0.666666666666667,0.666666666666667,0.6,0.644444444444444,0,0.142857142857143,0,0.0476190476190476,1,0,0,0.333333333333333,16.6666666666667,34.1798941798942,1,0,0,0,"Metro","Cerner",NA,1.8599539
"6214885",2025,1,1,1,1,1,1,1,1,1,1,1,1,1,1,1,1,1,0.333333333333333,0.333333333333333,0.3,0.322222222222222,0.5,0.714285714285714,0.571428571428571,0.595238095238095,0,0,0,0,100,30.5820105820106,1,0,0,0,"Metro","Epic",NA,1.8599539
"6214890",2025,1,1,1,0.5,0.875,0.5,0.5,0.5,1,0.5,1,1,1,0.5,1,1,0.875,0.333333333333333,0.5,0.7,0.511111111111111,0.5,0.571428571428571,0.285714285714286,0.452380952380952,0,0,1,0.333333333333333,75,43.2275132275132,1,0,0,0,"Metro","Cerner",NA,2.2934027
"6215150",2025,1,1,1,1,1,1,0.5,0.75,1,1,1,1,1,1,1,1,1,0,0.166666666666667,0.1,0.0888888888888889,0.833333333333333,1,1,0.944444444444445,0,0,0,0,91.6666666666667,34.4444444444444,1,0,0,0,"Metro","Cerner",1,1.4776232
"6215165",2025,1,1,0.5,0.5,0.75,0,1,0.5,1,1,1,1,1,1,1,1,1,0.5,0.166666666666667,0.7,0.455555555555556,0.166666666666667,0.285714285714286,0.142857142857143,0.198412698412698,0,0,0,0,75,21.7989417989418,0,0,1,1,"Rural","Epic",1,1.9884837
"6215280",2025,1,1,1,1,1,1,1,1,1,1,1,1,0.5,0.5,0.5,0.5,0.75,0,0,0,0,0.5,0.857142857142857,0.571428571428571,0.642857142857143,0,0,0,0,91.6666666666667,21.4285714285714,0,0,1,0,"Micro","Epic",1,1.9884837
"6215295",2025,1,1,1,1,1,1,1,1,1,1,1,1,1,1,0,1,0.875,0.166666666666667,0.333333333333333,0.1,0.2,0.666666666666667,0.714285714285714,0.714285714285714,0.698412698412698,0,0,0,0,95.8333333333333,29.9470899470899,1,0,0,0,"Metro","Epic",1,1.5238466
"6215330",2025,1,1,1,1,1,0.5,1,0.75,1,0.5,1,0.5,1,0,0,0,0.5,0.166666666666667,0,0.2,0.122222222222222,0.666666666666667,0.714285714285714,0.571428571428571,0.650793650793651,0,0,0,0,75,25.7671957671958,0,1,0,0,"Metro","Epic",1,1.490646
"6215460",2025,1,1,1,0.5,0.875,1,0,0.5,0,0,0,0,0,0,0,0,0,0.666666666666667,0.333333333333333,0.2,0.4,0.333333333333333,0.428571428571429,0.285714285714286,0.349206349206349,0,0,0,0,45.8333333333333,24.973544973545,0,1,0,0,"Metro","Cerner",NA,2.2114289
"6220001",2025,1,1,1,1,1,0.5,1,0.75,0.5,0.5,0.5,0.5,0.5,0.5,0,0,0.375,0.5,0.5,0.4,0.466666666666667,0.666666666666667,1,0.428571428571429,0.698412698412698,0,0,0,0,70.8333333333333,38.8359788359788,1,0,0,0,"Metro","Epic",1,1.5238466
"6220040",2025,1,1,1,1,1,1,0.5,0.75,1,0.5,0.5,0.5,1,0.5,1,0.5,0.6875,0.833333333333333,0.5,0.3,0.544444444444445,0.166666666666667,0.142857142857143,0.142857142857143,0.150793650793651,0,0,0,0,81.25,23.1746031746032,1,0,0,0,"Metro","Cerner",1,1.7183632
"6220105",2025,0,0.5,0.5,0,0.25,0.5,0,0.25,0,0,0,0.5,0,0,0,0,0.0625,0.5,0.666666666666667,1,0.722222222222222,0,0,0,0,0,0,0,0,18.75,24.0740740740741,1,0,0,0,"Metro","Epic",1,1.7183632
"6220125",2025,1,1,0.5,1,0.875,0.5,0.5,0.5,1,0,1,0.5,1,0,0,0.5,0.5,0,0.333333333333333,0.1,0.144444444444444,0.333333333333333,0.285714285714286,0,0.206349206349206,0,0,0,0,62.5,11.6931216931217,0,1,0,0,"Metro","Cerner",1,1.490646
"6220240",2025,1,1,1,0,0.75,0.5,0,0.25,1,0.5,0.5,0.5,0,0.5,0,0.5,0.4375,0.333333333333333,0.833333333333333,0.7,0.622222222222222,0.166666666666667,0.428571428571429,0.142857142857143,0.246031746031746,0,0,0,0,47.9166666666667,28.9417989417989,0,1,0,0,"Metro","Cerner",1,2.0541086
"6220247",2025,1,1,1,1,1,1,1,1,1,1,1,1,1,1,1,1,1,0.5,0.5,0.2,0.4,0.666666666666667,0.714285714285714,0.714285714285714,0.698412698412698,0,0,0,0,100,36.6137566137566,0,1,0,0,"Metro","Epic",1,1.6728343
"6220322",2025,1,1,1,1,1,1,1,1,1,1,1,0.5,1,0.5,1,0,0.75,0.166666666666667,0.5,0.1,0.255555555555556,0.333333333333333,0.571428571428571,0.285714285714286,0.396825396825397,0,0,0,0,91.6666666666667,21.7460317460317,0,1,0,0,"Metro","Epic",NA,2.2114289
"6220340",2025,1,1,1,1,1,1,1,1,1,1,1,1,1,1,1,1,1,0.5,0.5,0.2,0.4,0.666666666666667,0.714285714285714,0.714285714285714,0.698412698412698,0,0,0,0,100,36.6137566137566,1,0,0,0,"Metro","Epic",1,1.4890608
"6220365",2025,1,1,1,1,1,1,1,1,1,1,1,1,1,0.5,1,0.5,0.875,0.333333333333333,0.666666666666667,0.2,0.4,0.666666666666667,0.571428571428571,0.428571428571429,0.555555555555556,0,0,0,0,95.8333333333333,31.8518518518518,0,1,0,0,"Metro","Epic",1,1.6728343
"6220395",2025,1,1,1,1,1,1,1,1,1,1,1,1,1,1,1,1,1,0.5,0.5,0.2,0.4,0.666666666666667,0.714285714285714,0.714285714285714,0.698412698412698,0,0,0,0,100,36.6137566137566,0,1,0,0,"Metro","Epic",1,1.6728343
"6220425",2025,1,1,1,1,1,1,1,1,1,1,1,1,1,1,1,1,1,0.5,0.5,0.2,0.4,0.666666666666667,0.714285714285714,0.714285714285714,0.698412698412698,0,0,0,0,100,36.6137566137566,0,1,0,0,"Metro","Epic",1,1.6728343
"6220435",2025,1,1,1,1,1,0.5,1,0.75,0.5,0.5,0.5,0.5,0.5,0.5,0,0,0.375,0.5,0.5,0.4,0.466666666666667,0.666666666666667,1,0.428571428571429,0.698412698412698,0,0,0,0,70.8333333333333,38.8359788359788,0,1,0,0,"Metro","Epic",1,1.490646
"6220457",2025,1,1,0.5,1,0.875,0.5,0.5,0.5,1,0,1,0.5,1,0,0,0.5,0.5,0,0.333333333333333,0.1,0.144444444444444,0.333333333333333,0.285714285714286,0,0.206349206349206,0,0,0,0,62.5,11.6931216931217,0,1,0,0,"Metro","Cerner",1,1.6728343
"6220540",2025,1,1,1,1,1,0.5,1,0.75,0.5,0.5,0.5,0.5,0.5,0.5,0,0,0.375,0.5,0.5,0.4,0.466666666666667,0.666666666666667,1,0.428571428571429,0.698412698412698,0,0,0,0,70.8333333333333,38.8359788359788,0,1,0,0,"Metro","Epic",1,1.7829912
"6220560",2025,1,1,1,1,1,0.5,1,0.75,0.5,0.5,0.5,0.5,0.5,0.5,0,0,0.375,0.5,0.5,0.4,0.466666666666667,0.666666666666667,1,0.428571428571429,0.698412698412698,0,0,0,0,70.8333333333333,38.8359788359788,0,1,0,0,"Metro","Epic",1,1.6281549
"6220585",2025,1,1,1,1,1,1,1,1,1,1,1,1,1,1,1,1,1,0.5,0.5,0.2,0.4,0.666666666666667,0.714285714285714,0.714285714285714,0.698412698412698,0,0,0,0,100,36.6137566137566,0,1,0,0,"Metro","Epic",1,1.6728343
"6220650",2025,1,1,1,0.5,0.875,1,1,1,1,0.5,1,0.5,1,0.5,1,0.5,0.75,0.5,0.5,0.6,0.533333333333333,0.833333333333333,0.714285714285714,0.428571428571429,0.658730158730159,0,0,0,0,87.5,39.7354497354497,0,1,0,0,"Metro","Epic",1,1.6605364
"6220680",2025,1,1,1,1,1,1,1,1,1,1,1,1,1,0.5,1,0.5,0.875,0.333333333333333,0.666666666666667,0.2,0.4,0.666666666666667,0.571428571428571,0.428571428571429,0.555555555555556,0,0,0,0,95.8333333333333,31.8518518518518,1,0,0,0,"Metro","Epic",1,1.5238466
"6220740",2025,1,1,1,1,1,1,1,1,1,1,1,1,1,1,1,1,1,0.5,0.5,0.2,0.4,0.666666666666667,0.714285714285714,0.714285714285714,0.698412698412698,0,0,0,0,100,36.6137566137566,1,0,0,0,"Metro","Epic",1,1.4890608
"6220758",2025,1,1,1,1,1,0.5,1,0.75,0.5,0.5,0.5,0.5,0.5,0.5,0,0,0.375,0.5,0.5,0.4,0.466666666666667,0.666666666666667,1,0.428571428571429,0.698412698412698,0,0,0,0,70.8333333333333,38.8359788359788,0,1,0,0,"Metro","Epic",1,1.6728343
"6220800",2025,1,1,1,1,1,0.5,1,0.75,0.5,0.5,0.5,0.5,0.5,0.5,0,0,0.375,0.5,0.5,0.4,0.466666666666667,0.666666666666667,1,0.428571428571429,0.698412698412698,0,0,0,0,70.8333333333333,38.8359788359788,1,0,0,0,"Metro","Epic",1,1.4890608
"6220820",2025,1,1,1,1,1,0.5,1,0.75,0.5,0.5,0.5,0.5,0.5,0.5,0,0,0.375,0.5,0.5,0.4,0.466666666666667,0.666666666666667,1,0.428571428571429,0.698412698412698,0,0,0,0,70.8333333333333,38.8359788359788,0,1,0,0,"Metro","Epic",1,1.4580649
"6220890",2025,0,0.5,0.5,0,0.25,0.5,0,0.25,0,0,0,0.5,0,0,0,0,0.0625,0.5,0.666666666666667,1,0.722222222222222,0,0,0,0,0,0,0,0,18.75,24.0740740740741,0,1,0,0,"Metro","Epic",1,1.6728343
"6220920",2025,1,1,1,1,1,0.5,1,0.75,0.5,0.5,0.5,0.5,0.5,0.5,0,0,0.375,0.5,0.5,0.4,0.466666666666667,0.666666666666667,1,0.428571428571429,0.698412698412698,0,0,0,0,70.8333333333333,38.8359788359788,1,0,0,0,"Metro","Epic",1,1.4890608
"6220950",2025,0,1,0.5,0.5,0.5,0,0,0,0,0,1,0,0,0,0,0,0.125,0.5,0.5,0.9,0.633333333333333,0,0.142857142857143,0,0.0476190476190476,0,0,0,0,20.8333333333333,22.6984126984127,0,1,0,0,"Metro","Altera Digital Health",NA,1.8247393
"6220990",2025,1,1,1,1,1,1,1,1,1,1,1,1,1,0.5,1,0.5,0.875,0.333333333333333,0.666666666666667,0.2,0.4,0.666666666666667,0.571428571428571,0.428571428571429,0.555555555555556,0,0,0,0,95.8333333333333,31.8518518518518,0,1,0,0,"Metro","Epic",1,1.5709749
"6221070",2025,0,0.5,0.5,0,0.25,0.5,0,0.25,0,0,0,0.5,0,0,0,0,0.0625,0.5,0.666666666666667,1,0.722222222222222,0,0,0,0,0,0,0,0,18.75,24.0740740740741,0,1,0,0,"Metro","Epic",1,1.6728343
"6221120",2025,1,1,1,1,1,0.5,0.5,0.5,0.5,0.5,0.5,0,0.5,0.5,0.5,0.5,0.4375,1,1,0.9,0.966666666666667,0.333333333333333,0.428571428571429,0.428571428571429,0.396825396825397,1,0,1,0.666666666666667,64.5833333333333,67.6719576719577,1,0,0,0,"Metro","Cerner",NA,1.9431787
"6221140",2025,1,1,1,1,1,1,1,1,1,1,1,1,1,1,1,1,1,0.5,0.5,0.2,0.4,0.666666666666667,0.714285714285714,0.714285714285714,0.698412698412698,0,0,0,0,100,36.6137566137566,0,1,0,0,"Metro","Epic",1,1.6728343
"6221170",2025,1,1,1,1,1,1,1,1,1,1,1,1,1,1,1,1,1,0.5,0.5,0.2,0.4,0.666666666666667,0.714285714285714,0.714285714285714,0.698412698412698,0,0,0,0,100,36.6137566137566,0,1,0,0,"Metro","Epic",1,1.6728343
"6221175",2025,1,1,1,1,1,1,1,1,1,1,1,1,1,0.5,1,0.5,0.875,0.333333333333333,0.666666666666667,0.2,0.4,0.666666666666667,0.571428571428571,0.428571428571429,0.555555555555556,0,0,0,0,95.8333333333333,31.8518518518518,0,1,0,0,"Metro","Epic",1,1.7829912
"6221190",2025,1,1,1,1,1,1,1,1,1,1,1,1,1,0.5,0.5,0.5,0.8125,0.166666666666667,1,0.1,0.422222222222222,0.666666666666667,0.571428571428571,0.571428571428571,0.603174603174603,0,0,0,0,93.75,34.1798941798942,0,1,0,0,"Metro","Epic",1,1.6728343
"6221210",2025,1,1,1,1,1,0.5,1,0.75,0.5,0.5,0.5,0.5,0.5,0.5,0,0,0.375,0.5,0.5,0.4,0.466666666666667,0.666666666666667,1,0.428571428571429,0.698412698412698,0,0,0,0,70.8333333333333,38.8359788359788,0,0,1,0,"Metro","Epic",1,2.01407
"6221220",2025,1,1,1,1,1,1,1,1,1,1,1,1,1,1,1,1,1,0.5,0.5,0.2,0.4,0.666666666666667,0.714285714285714,0.714285714285714,0.698412698412698,0,0,0,0,100,36.6137566137566,0,1,0,0,"Metro","Epic",1,1.6728343
"6221235",2025,1,1,1,1,1,1,0.5,0.75,0,0,1,0,1,0,0,0,0.25,0.833333333333333,0.5,0.5,0.611111111111111,0.333333333333333,1,0.428571428571429,0.587301587301587,0,0,0,0,66.6666666666667,39.9470899470899,0,1,0,0,"Metro","Meditech",NA,1.8834013
"6221340",2025,1,1,1,1,1,0.5,1,0.75,0.5,0.5,0.5,0.5,0.5,0.5,0,0,0.375,0.5,0.5,0.4,0.466666666666667,0.666666666666667,1,0.428571428571429,0.698412698412698,0,0,0,0,70.8333333333333,38.8359788359788,0,1,0,0,"Metro","Epic",1,1.6728343
"6221370",2025,1,1,1,1,1,1,1,1,1,1,1,1,1,0.5,1,0.5,0.875,0.333333333333333,0.666666666666667,0.2,0.4,0.666666666666667,0.571428571428571,0.428571428571429,0.555555555555556,0,0,0,0,95.8333333333333,31.8518518518518,1,0,0,0,"Metro","Epic",1,1.5238466
"6221390",2025,0.5,0.5,1,0,0.5,0,0,0,0.5,0,0.5,0,0.5,0,0.5,0,0.25,0.666666666666667,0.666666666666667,0.2,0.511111111111111,0,0,0.142857142857143,0.0476190476190476,0,0,0,0,25,18.6243386243386,0,1,0,0,"Metro","Self-developed",NA,2.2114289
"6221395",2025,1,1,1,1,1,0.5,1,0.75,0.5,0.5,0.5,0.5,0.5,0.5,0,0,0.375,0.5,0.5,0.4,0.466666666666667,0.666666666666667,1,0.428571428571429,0.698412698412698,0,0,0,0,70.8333333333333,38.8359788359788,1,0,0,0,"Metro","Epic",1,1.7183632
"6221430",2025,1,1,1,0.5,0.875,0.5,0.5,0.5,0,0.5,1,0.5,0,0,0,0,0.25,0.666666666666667,0.666666666666667,0.3,0.544444444444444,0.5,0.428571428571429,0.428571428571429,0.452380952380952,1,0,0,0.333333333333333,54.1666666666667,44.3386243386243,0,1,0,0,"Metro","Cerner",1,1.6728343
"6221490",2025,1,1,1,1,1,0.5,1,0.75,0.5,0.5,0.5,0.5,0.5,0.5,0,0,0.375,0.5,0.5,0.4,0.466666666666667,0.666666666666667,1,0.428571428571429,0.698412698412698,0,0,0,0,70.8333333333333,38.8359788359788,0,1,0,0,"Metro","Epic",1,1.7829912
"6221500",2025,1,1,1,0.5,0.875,0.5,0.5,0.5,0,0.5,1,0.5,0,0,0,0,0.25,0.666666666666667,0.666666666666667,0.3,0.544444444444444,0.5,0.428571428571429,0.428571428571429,0.452380952380952,1,0,0,0.333333333333333,54.1666666666667,44.3386243386243,0,1,0,0,"Metro","Cerner",1,1.6728343
"6221618",2025,1,1,1,0.5,0.875,1,1,1,1,0.5,1,0.5,1,0.5,1,0.5,0.75,0.5,0.5,0.6,0.533333333333333,0.833333333333333,0.714285714285714,0.428571428571429,0.658730158730159,0,0,0,0,87.5,39.7354497354497,0,1,0,0,"Metro","Epic",1,2.0541086
"6230013",2025,1,1,1,1,1,1,1,1,1,1,1,1,1,1,1,1,1,0.5,0.5,0.6,0.533333333333333,0.5,0.857142857142857,0.571428571428571,0.642857142857143,0,0,0,0,100,39.2063492063492,1,0,0,0,"Metro","Epic",1,1.4890608
"6230019",2025,1,1,0.5,1,0.875,1,1,1,0.5,0.5,0.5,0.5,0.5,0,0.5,0,0.375,0.5,0.5,0.3,0.433333333333333,0.5,0.285714285714286,0.142857142857143,0.30952380952381,0,0,0,0,75,24.7619047619048,0,1,0,0,"Metro","Epic",1,1.490646
"6230022",2025,1,1,1,1,1,1,1,1,1,1,1,1,1,0.5,0.5,0.5,0.8125,0.166666666666667,1,0.1,0.422222222222222,0.666666666666667,0.571428571428571,0.571428571428571,0.603174603174603,0,0,0,0,93.75,34.1798941798942,1,0,0,0,"Metro","Epic",1,1.5238466
"6230023",2025,1,1,1,0.5,0.875,1,1,1,1,1,1,1,1,0.5,1,0.5,0.875,0.5,0.166666666666667,0.3,0.322222222222222,0.5,0.571428571428571,0.857142857142857,0.642857142857143,0,0,0,0,91.6666666666667,32.1693121693122,0,1,0,0,"Micro","Cerner",1,1.6558578
"6230024",2025,1,1,1,0.5,0.875,1,1,1,1,1,1,1,1,0.5,1,0.5,0.875,0.5,0.166666666666667,0.3,0.322222222222222,0.5,0.571428571428571,0.857142857142857,0.642857142857143,0,0,0,0,91.6666666666667,32.1693121693122,0,0,1,0,"Micro","Cerner",1,1.8494166
"6230029",2025,1,1,1,0.5,0.875,1,1,1,1,1,1,1,1,0.5,1,0.5,0.875,0.5,0.166666666666667,0.3,0.322222222222222,0.5,0.571428571428571,0.571428571428571,0.547619047619048,0,0,0,0,91.6666666666667,28.994708994709,1,0,0,0,"Metro","Cerner",1,1.4890608
"6230041",2025,1,1,1,1,1,1,1,1,1,1,1,1,0.5,0.5,0.5,0.5,0.75,0,0,0,0,0.5,0.857142857142857,0.571428571428571,0.642857142857143,0,0,0,0,91.6666666666667,21.4285714285714,0,1,0,0,"Metro","Epic",1,1.490646
"6230051",2025,1,1,1,0,0.75,0.5,0.5,0.5,1,1,1,0.5,1,0.5,1,1,0.875,0.166666666666667,0.5,0.4,0.355555555555556,0.333333333333333,0.428571428571429,0.571428571428571,0.444444444444444,0,0,0,0,70.8333333333333,26.6666666666667,0,1,0,0,"Metro","Cerner",1,1.6728343
"6230052",2025,1,1,1,1,1,1,1,1,1,1,1,1,0.5,0.5,0.5,0.5,0.75,0.333333333333333,0.333333333333333,0.2,0.288888888888889,0.333333333333333,0.571428571428571,0.428571428571429,0.444444444444444,0,0,0,0,91.6666666666667,24.4444444444444,1,0,0,0,"Metro","Epic",1,1.9671024
"6230086",2025,1,1,1,0.5,0.875,1,1,1,1,1,1,1,1,0.5,1,0.5,0.875,0.5,0.166666666666667,0.3,0.322222222222222,0.5,0.571428571428571,0.571428571428571,0.547619047619048,0,0,0,0,91.6666666666667,28.994708994709,0,1,0,0,"Metro","Cerner",1,1.490646
"6230170",2025,1,1,1,1,1,1,1,1,1,1,1,1,1,1,0.5,1,0.9375,0,0.166666666666667,0.1,0.0888888888888889,0.666666666666667,0.714285714285714,0.714285714285714,0.698412698412698,0,0,0,0,97.9166666666667,26.2433862433862,0,0,1,0,"Micro","Epic",1,1.8494166
"6230205",2025,0,0.5,0.5,0,0.25,0.5,0,0.25,0,0,0,0.5,0,0,0,0,0.0625,0.5,0.666666666666667,1,0.722222222222222,0,0,0,0,0,0,0,0,18.75,24.0740740740741,0,1,0,0,"Metro","Epic",1,1.6728343
"6230260",2025,1,1,1,1,1,1,1,1,1,1,1,1,1,0.5,1,0.5,0.875,0.5,0.5,0.3,0.433333333333333,0.666666666666667,0.857142857142857,0.571428571428571,0.698412698412698,0,0,1,0.333333333333333,95.8333333333333,48.8359788359788,0,1,0,0,"Metro","Epic",1,1.6728343
"6230297",2025,1,1,1,0,0.75,0.5,0.5,0.5,1,1,1,0.5,1,0.5,1,1,0.875,0.166666666666667,0.5,0.4,0.355555555555556,0.333333333333333,0.428571428571429,0.571428571428571,0.444444444444444,0,0,0,0,70.8333333333333,26.6666666666667,0,1,0,0,"Metro","Cerner",1,1.490646
"6230310",2025,1,1,1,1,1,1,1,1,1,1,1,1,0.5,0.5,0.5,0.5,0.75,0,0,0,0,0.5,1,0.571428571428571,0.69047619047619,0,0,0,0,91.6666666666667,23.015873015873,0,0,1,0,"Metro","Epic",1,2.01407
"6230360",2025,1,1,0.5,1,0.875,1,1,1,0.5,0.5,0.5,0.5,0.5,0,0.5,0,0.375,0.5,0.5,0.3,0.433333333333333,0.5,0.285714285714286,0.142857142857143,0.30952380952381,0,0,0,0,75,24.7619047619048,0,1,0,0,"Metro","Epic",1,1.490646
"6230456",2025,1,1,1,1,1,1,1,1,1,1,1,1,1,1,1,0,0.875,0.5,0,0,0.166666666666667,0.5,0.571428571428571,0.428571428571429,0.5,0,0,0,0,95.8333333333333,22.2222222222222,0,1,0,0,"Metro","Epic",1,1.6728343
"6230517",2025,1,1,1,0.5,0.875,1,1,1,1,1,1,1,1,0.5,1,0.5,0.875,0.5,0.166666666666667,0.2,0.288888888888889,0.5,0.571428571428571,0.571428571428571,0.547619047619048,0,0,0,0,91.6666666666667,27.8835978835979,0,1,0,0,"Metro","Cerner",1,1.6728343
"6230522",2025,0.5,1,0,0,0.375,0,0,0,1,0,0,0,1,0,0,0,0.25,0.666666666666667,0.333333333333333,0.2,0.4,0,0.142857142857143,0,0.0476190476190476,0,0,0,0,20.8333333333333,14.9206349206349,0,0,1,1,"Rural","Meditech",1,1.8494166
"6230550",2025,1,1,1,1,1,1,1,1,1,1,1,1,1,1,0.5,1,0.9375,0,0.166666666666667,0.1,0.0888888888888889,0.666666666666667,0.714285714285714,0.714285714285714,0.698412698412698,0,0,0,0,97.9166666666667,26.2433862433862,1,0,0,0,"Micro","Epic",1,1.476721
"6230589",2025,0.5,0,0,0,0.125,0,0,0,0,0,0,0,0,0,0,0,0,0.5,0.5,0.5,0.5,0,0,0,0,0,0,0,0,4.16666666666667,16.6666666666667,0,0,1,0,"Metro","Epic",1,2.3652003
"6230599",2025,1,1,1,0,0.75,0.5,0.5,0.5,1,1,1,0.5,1,0.5,1,1,0.875,0.166666666666667,0.5,0.4,0.355555555555556,0.333333333333333,0.428571428571429,0.571428571428571,0.444444444444444,0,0,0,0,70.8333333333333,26.6666666666667,0,1,0,0,"Metro","Cerner",1,1.7829912
"6230601",2025,1,1,1,0,0.75,0.5,0.5,0.5,1,1,1,0.5,1,0.5,1,1,0.875,0.166666666666667,0.5,0.4,0.355555555555556,0.333333333333333,0.428571428571429,0.571428571428571,0.444444444444444,0,0,0,0,70.8333333333333,26.6666666666667,0,0,1,0,"Metro","Cerner",1,1.8714032
"6230602",2025,1,1,1,1,1,1,1,1,1,1,1,1,0.5,0.5,0.5,0.5,0.75,0,0,0,0,0.5,0.857142857142857,0.571428571428571,0.642857142857143,0,0,0,0,91.6666666666667,21.4285714285714,0,1,0,0,"Metro","Epic",1,1.6728343
"6230606",2025,1,1,1,1,1,1,1,1,1,1,1,1,1,1,0.5,1,0.9375,0,0.166666666666667,0.1,0.0888888888888889,0.666666666666667,0.714285714285714,0.714285714285714,0.698412698412698,0,0,0,0,97.9166666666667,26.2433862433862,0,0,1,0,"Metro","Epic",1,1.8714032
"6230680",2025,1,1,1,1,1,1,1,1,1,1,1,1,1,1,1,1,1,0.5,0.5,0.6,0.533333333333333,0.5,0.857142857142857,0.571428571428571,0.642857142857143,0,0,0,0,100,39.2063492063492,0,1,0,0,"Micro","Epic",1,1.4782664
"6230705",2025,1,1,1,0,0.75,0.5,0.5,0.5,1,1,1,0.5,1,0.5,1,1,0.875,0.166666666666667,0.5,0.4,0.355555555555556,0.333333333333333,0.428571428571429,0.571428571428571,0.444444444444444,0,0,0,0,70.8333333333333,26.6666666666667,1,0,0,0,"Metro","Cerner",1,1.4890608
"6230745",2025,1,1,0.5,1,0.875,1,1,1,0.5,0.5,0.5,0.5,0.5,0,0.5,0,0.375,0.5,0.5,0.3,0.433333333333333,0.5,0.285714285714286,0.142857142857143,0.30952380952381,0,0,0,0,75,24.7619047619048,0,1,0,0,"Metro","Epic",1,1.6728343
"6230760",2025,1,1,1,0.5,0.875,1,1,1,1,1,1,1,1,0.5,1,0.5,0.875,0.5,0.166666666666667,0.3,0.322222222222222,0.5,0.571428571428571,0.857142857142857,0.642857142857143,0,0,0,0,91.6666666666667,32.1693121693122,0,1,0,0,"Metro","Cerner",1,1.490646
"6230780",2025,1,1,1,1,1,1,1,1,1,1,1,1,0.5,0.5,0.5,0.5,0.75,0,0,0,0,0.5,0.857142857142857,0.571428571428571,0.642857142857143,0,0,0,0,91.6666666666667,21.4285714285714,0,1,0,0,"Metro","Epic",1,1.490646
"6230805",2025,1,1,1,0.5,0.875,1,1,1,1,1,1,1,1,0.5,1,0.5,0.875,1,0.166666666666667,0.3,0.488888888888889,0.5,0.571428571428571,0.571428571428571,0.547619047619048,0,0,0,0,91.6666666666667,34.5502645502646,0,0,1,0,"Rural","Cerner",1,1.9884837
"6230820",2025,1,1,0.5,1,0.875,1,1,1,0.5,0.5,0.5,0.5,0.5,0,0.5,0,0.375,0.5,0.5,0.3,0.433333333333333,0.5,0.285714285714286,0.142857142857143,0.30952380952381,0,0,0,0,75,24.7619047619048,0,0,1,0,"Metro","Epic",1,1.8714032
"6230855",2025,1,1,1,1,1,1,1,1,1,1,1,1,0.5,0.5,0.5,0.5,0.75,0,0,0,0,0.5,0.857142857142857,0.571428571428571,0.642857142857143,0,0,0,0,91.6666666666667,21.4285714285714,0,0,1,0,"Micro","Epic",1,1.8494166
"6230950",2025,1,1,1,1,1,1,1,1,1,1,1,1,1,1,1,1,1,0.5,0.5,0.6,0.533333333333333,0.5,0.857142857142857,0.571428571428571,0.642857142857143,0,0,0,0,100,39.2063492063492,0,1,0,0,"Metro","Epic",1,1.6728343
"6230979",2025,1,1,1,1,1,1,1,1,1,1,1,1,0.5,0.5,0.5,0.5,0.75,0,0,0,0,0.5,0.857142857142857,0.571428571428571,0.642857142857143,0,0,0,0,91.6666666666667,21.4285714285714,0,1,0,0,"Metro","Epic",1,1.490646
"6231020",2025,1,1,1,1,1,1,1,1,1,1,1,1,1,1,0.5,1,0.9375,0,0.166666666666667,0.1,0.0888888888888889,0.666666666666667,0.714285714285714,0.714285714285714,0.698412698412698,0,0,0,0,97.9166666666667,26.2433862433862,0,0,1,1,"Metro","Epic",1,1.8714032
"6231070",2025,1,1,0,0,0.5,1,1,1,1,0,1,0.5,1,0,1,0,0.5625,0.5,0.166666666666667,0.4,0.355555555555556,0.5,0.285714285714286,0,0.261904761904762,0,0,0,0,68.75,20.5820105820106,0,0,1,1,"Micro","Other",1,1.9884837
"6231100",2025,1,0.5,1,0.5,0.75,1,1,1,1,0.5,1,0.5,1,0.5,1,0.5,0.75,0.333333333333333,0.833333333333333,0.4,0.522222222222222,0.333333333333333,0.142857142857143,0.142857142857143,0.206349206349206,0,0,0,0,83.3333333333333,24.2857142857143,0,1,0,0,"Metro","Meditech",NA,2.0280323
"6231120",2025,1,1,1,1,1,1,1,1,1,1,1,1,1,0.5,0.5,0.5,0.8125,0.166666666666667,1,0.1,0.422222222222222,0.666666666666667,0.571428571428571,0.571428571428571,0.603174603174603,0,0,0,0,93.75,34.1798941798942,1,0,0,0,"Metro","Epic",1,1.5238466
"6231210",2025,1,1,0.5,1,0.875,1,1,1,0.5,0.5,0.5,0.5,0.5,0,0.5,0,0.375,0.5,0.5,0.3,0.433333333333333,0.5,0.285714285714286,0.142857142857143,0.30952380952381,0,0,0,0,75,24.7619047619048,0,1,0,0,"Micro","Epic",1,1.7632353
"6231240",2025,1,1,1,1,1,1,1,1,1,1,1,1,1,1,0.5,1,0.9375,0,0.166666666666667,0.1,0.0888888888888889,0.666666666666667,0.714285714285714,0.714285714285714,0.698412698412698,0,0,0,0,97.9166666666667,26.2433862433862,0,1,0,0,"Micro","Epic",1,1.6558578
"6231330",2025,1,1,1,0.5,0.875,1,1,1,1,1,1,1,1,0.5,1,0.5,0.875,0.5,0.166666666666667,0.3,0.322222222222222,0.5,0.571428571428571,1,0.69047619047619,0,0,0,0,91.6666666666667,33.7566137566138,0,1,0,0,"Metro","Cerner",1,1.6728343
"6231375",2025,1,1,1,1,1,1,1,1,1,1,1,1,1,0.5,1,0.5,0.875,0.5,0.5,0.3,0.433333333333333,0.666666666666667,0.857142857142857,0.571428571428571,0.698412698412698,0,0,1,0.333333333333333,95.8333333333333,48.8359788359788,0,1,0,0,"Metro","Epic",1,1.6728343
"6231415",2025,1,1,1,1,1,1,1,1,1,1,1,1,0.5,0.5,0.5,0.5,0.75,0.333333333333333,0.333333333333333,0.2,0.288888888888889,0.333333333333333,0.571428571428571,0.428571428571429,0.444444444444444,0,0,0,0,91.6666666666667,24.4444444444444,0,0,1,1,"Micro","Epic",1,2.3307545
"6231460",2025,1,0.5,0.5,1,0.75,1,1,1,0,0,0,0,0,0,0,0,0,0.666666666666667,0.666666666666667,0.9,0.744444444444444,0.166666666666667,0,0,0.0555555555555556,1,1,1,1,58.3333333333333,60,0,0,1,1,"Rural","Meditech",NA,2.7797508
"6231480",2025,1,1,1,0.5,0.875,1,1,1,1,1,1,1,1,0.5,1,0.5,0.875,0.5,0.166666666666667,0.3,0.322222222222222,0.5,1,0.571428571428571,0.69047619047619,0,0,0,0,91.6666666666667,33.7566137566138,0,1,0,1,"Metro","Cerner",1,1.7829912
"6231510",2025,1,1,1,0.5,0.875,1,1,1,1,1,1,1,1,0.5,1,0.5,0.875,0.5,0.166666666666667,0.3,0.322222222222222,0.5,0.571428571428571,0.857142857142857,0.642857142857143,0,0,0,0,91.6666666666667,32.1693121693122,0,1,0,0,"Metro","Cerner",1,1.6728343
"6231583",2025,0,0.5,0.5,0,0.25,0.5,0,0.25,0,0,0,0.5,0,0,0,0,0.0625,0.5,0.666666666666667,1,0.722222222222222,0,0,0,0,0,0,0,0,18.75,24.0740740740741,0,1,0,0,"Metro","Epic",1,1.6728343
"6231730",2025,1,1,1,1,1,1,1,1,1,1,1,1,0,1,0,1,0.75,0.5,0.5,0.5,0.5,0.833333333333333,0.857142857142857,0.142857142857143,0.611111111111111,0,0,0,0,91.6666666666667,37.037037037037,1,0,0,0,"Metro","Epic",NA,1.880547
"6231900",2025,1,1,1,1,1,1,1,1,1,1,1,1,1,0.5,0.5,0.5,0.8125,0.166666666666667,1,0.1,0.422222222222222,0.666666666666667,0.571428571428571,0.571428571428571,0.603174603174603,0,0,0,0,93.75,34.1798941798942,1,0,0,0,"Metro","Epic",1,1.4890608
"6231970",2025,1,1,1,1,1,1,1,1,1,1,1,1,1,0.5,1,0.5,0.875,0.5,0.5,0.3,0.433333333333333,0.666666666666667,0.857142857142857,0.571428571428571,0.698412698412698,0,0,1,0.333333333333333,95.8333333333333,48.8359788359788,0,1,0,0,"Metro","Epic",1,1.4580649
"6231980",2025,0,0.5,0.5,0,0.25,0.5,0,0.25,0,0,0,0.5,0,0,0,0,0.0625,0.5,0.666666666666667,1,0.722222222222222,0,0,0,0,0,0,0,0,18.75,24.0740740740741,0,0,1,0,"Metro","Epic",1,2.1731341
"6232170",2025,1,1,1,1,1,1,1,1,1,1,1,1,1,0.5,0.5,0.5,0.8125,0.166666666666667,1,0.1,0.422222222222222,0.666666666666667,0.571428571428571,0.571428571428571,0.603174603174603,0,0,0,0,93.75,34.1798941798942,0,1,0,0,"Metro","Epic",1,1.490646
"6232210",2025,1,1,0.5,1,0.875,1,1,1,1,1,1,1,1,1,1,1,1,0.333333333333333,0.166666666666667,0,0.166666666666667,0.5,0.571428571428571,0,0.357142857142857,0,0,0,0,95.8333333333333,17.4603174603175,0,1,0,0,"Metro","Epic",NA,2.2114289
"6232390",2025,1,1,0.5,1,0.875,1,1,1,1,1,1,1,1,1,1,1,1,0.333333333333333,0.166666666666667,0,0.166666666666667,0.5,0.571428571428571,0,0.357142857142857,0,0,0,0,95.8333333333333,17.4603174603175,0,1,0,0,"Metro","Epic",1,1.6728343
"6232430",2025,1,1,1,0.5,0.875,1,1,1,1,1,1,1,1,0.5,1,0.5,0.875,0.5,0.166666666666667,0.3,0.322222222222222,0.5,0.428571428571429,0.571428571428571,0.5,0,0,0,0,91.6666666666667,27.4074074074074,0,1,0,0,"Metro","Cerner",1,1.490646
"6232510",2025,1,1,1,0.5,0.875,1,1,1,1,1,1,1,1,0.5,1,0.5,0.875,0.5,0.166666666666667,0.3,0.322222222222222,0.5,0.571428571428571,0.571428571428571,0.547619047619048,0,0,0,0,91.6666666666667,28.994708994709,0,1,0,0,"Metro","Cerner",1,1.6728343
"6232540",2025,1,1,1,0.5,0.875,1,1,1,1,1,1,1,1,0.5,1,0.5,0.875,0.5,0.166666666666667,0.3,0.322222222222222,0.5,0.571428571428571,0.571428571428571,0.547619047619048,0,0,0,0,91.6666666666667,28.994708994709,0,1,0,0,"Metro","Cerner",1,1.490646
"6232551",2025,1,1,1,1,1,1,1,1,1,1,1,1,0.5,0.5,0.5,0.5,0.75,0,0,0,0,0.5,0.857142857142857,0.571428571428571,0.642857142857143,0,0,0,0,91.6666666666667,21.4285714285714,0,1,0,0,"Metro","Epic",1,1.490646
"6232610",2025,1,1,1,0.5,0.875,1,1,1,1,1,1,1,1,0.5,1,0.5,0.875,0.5,0.166666666666667,0.3,0.322222222222222,0.5,0.571428571428571,0.571428571428571,0.547619047619048,0,0,0,0,91.6666666666667,28.994708994709,0,1,0,0,"Metro","Cerner",1,1.6728343
"6232690",2025,1,1,1,1,1,1,1,1,1,1,1,1,0.5,0.5,0.5,0.5,0.75,0,0,0,0,0.5,1,0.571428571428571,0.69047619047619,0,0,0,0,91.6666666666667,23.015873015873,0,1,0,0,"Metro","Epic",1,1.490646
"6232725",2025,1,1,1,1,1,1,1,1,1,1,1,1,1,1,0.5,1,0.9375,0,0.166666666666667,0.1,0.0888888888888889,0.666666666666667,0.714285714285714,0.714285714285714,0.698412698412698,0,0,0,0,97.9166666666667,26.2433862433862,0,1,0,0,"Metro","Epic",1,1.490646
"6232770",2025,1,1,0.5,1,0.875,1,1,1,1,1,1,1,1,1,1,1,1,0.333333333333333,0.166666666666667,0,0.166666666666667,0.5,0.571428571428571,0,0.357142857142857,0,0,0,0,95.8333333333333,17.4603174603175,0,1,0,0,"Metro","Epic",1,1.6728343
"6232800",2025,1,1,1,1,1,1,1,1,1,1,1,1,1,1,1,1,1,0.5,0.5,0.6,0.533333333333333,0.5,0.857142857142857,0.571428571428571,0.642857142857143,0,0,0,0,100,39.2063492063492,0,1,0,0,"Micro","Epic",1,1.7632353
"6232920",2025,1,1,1,1,1,1,1,1,1,1,1,1,0.5,0.5,0.5,0.5,0.75,0.333333333333333,0.333333333333333,0.2,0.288888888888889,0.333333333333333,0.571428571428571,0.428571428571429,0.444444444444444,0,0,0,0,91.6666666666667,24.4444444444444,0,0,1,0,"Metro","Epic",1,2.3652003
"6232980",2025,1,1,1,1,1,1,1,1,1,1,1,1,1,1,0.5,1,0.9375,0,0.166666666666667,0.1,0.0888888888888889,0.666666666666667,0.714285714285714,0.714285714285714,0.698412698412698,0,0,0,0,97.9166666666667,26.2433862433862,0,1,0,0,"Metro","Epic",1,1.490646
"6233140",2025,0,0,0,0,0,0,0,0,1,0,1,0,0.5,0,0.5,0,0.375,0.333333333333333,0.833333333333333,1,0.722222222222222,0,0.142857142857143,0,0.0476190476190476,1,0,0,0.333333333333333,12.5,36.7724867724868,0,0,1,0,"Micro","Altera Digital Health",1,1.7208246
"6233170",2025,1,1,1,1,1,1,1,1,1,1,1,1,0.5,0.5,0.5,0.5,0.75,0.333333333333333,0.333333333333333,0.2,0.288888888888889,0.333333333333333,0.571428571428571,0.428571428571429,0.444444444444444,0,0,0,0,91.6666666666667,24.4444444444444,0,0,1,1,"Metro","Epic",1,2.1731341
"6233220",2025,1,1,1,1,1,1,1,1,1,1,1,1,0.5,0.5,0.5,0.5,0.75,0,0,0,0,0.5,0.857142857142857,0.571428571428571,0.642857142857143,0,0,0,0,91.6666666666667,21.4285714285714,0,1,0,0,"Metro","Epic",1,1.490646
"6233280",2025,1,1,1,1,1,1,0.5,0.75,1,1,1,1,1,1,1,0.5,0.9375,0.166666666666667,0,0.2,0.122222222222222,1,1,0.857142857142857,0.952380952380952,0,1,0,0.333333333333333,89.5833333333333,46.9312169312169,0,1,0,0,"Metro","Epic",1,1.6728343
"6233320",2025,1,1,1,1,1,1,0.5,0.75,1,0.5,1,0.5,0.5,0.5,0.5,0,0.5625,0.5,1,0.6,0.7,0.166666666666667,0.285714285714286,0.142857142857143,0.198412698412698,1,0,0,0.333333333333333,77.0833333333333,41.0582010582011,0,1,0,0,"Metro","Altera Digital Health",1,1.6728343
"6233360",2025,1,1,0.5,1,0.875,1,1,1,0.5,0.5,0.5,0.5,0.5,0,0.5,0,0.375,0.5,0.5,0.3,0.433333333333333,0.5,0.285714285714286,0.142857142857143,0.30952380952381,0,0,0,0,75,24.7619047619048,0,0,1,0,"Metro","Epic",1,1.7394828
"6233370",2025,1,1,1,1,1,1,0.5,0.75,1,0.5,1,0.5,0.5,0.5,0.5,0,0.5625,0.5,1,0.6,0.7,0.166666666666667,0.285714285714286,0.142857142857143,0.198412698412698,1,0,0,0.333333333333333,77.0833333333333,41.0582010582011,0,0,1,0,"Rural","Altera Digital Health",1,1.8494166
"6233380",2025,1,1,1,0.5,0.875,1,1,1,1,1,1,1,1,0.5,1,0.5,0.875,0.5,0.166666666666667,0.3,0.322222222222222,0.5,1,0.571428571428571,0.69047619047619,0,0,0,0,91.6666666666667,33.7566137566138,0,0,1,1,"Rural","Cerner",1,1.8494166
"6233400",2025,1,1,1,1,1,1,1,1,1,1,1,1,1,0.5,0.5,0.5,0.8125,0.166666666666667,1,0.1,0.422222222222222,0.666666666666667,0.571428571428571,0.571428571428571,0.603174603174603,0,0,0,0,93.75,34.1798941798942,0,1,0,0,"Metro","Epic",1,1.490646
"6233430",2025,1,1,1,1,1,1,1,1,1,1,1,1,1,0.5,1,0.5,0.875,0.5,0.5,0.3,0.433333333333333,0.666666666666667,0.857142857142857,0.571428571428571,0.698412698412698,0,0,1,0.333333333333333,95.8333333333333,48.8359788359788,0,1,0,0,"Metro","Epic",1,1.6728343
"6233443",2025,1,1,0.5,1,0.875,1,1,1,1,1,1,1,1,1,1,1,1,0.333333333333333,0.166666666666667,0,0.166666666666667,0.5,0.571428571428571,0,0.357142857142857,0,0,0,0,95.8333333333333,17.4603174603175,1,0,0,0,"Metro","Epic",1,1.5238466
"6233500",2025,1,1,1,0.5,0.875,1,1,1,1,1,1,1,1,0.5,1,0.5,0.875,0.5,0.166666666666667,0.3,0.322222222222222,0.5,1,0.571428571428571,0.69047619047619,0,0,0,0,91.6666666666667,33.7566137566138,0,1,0,0,"Metro","Cerner",1,1.490646
"6233520",2025,1,0,0.5,0.5,0.5,0.5,0,0.25,0,0,0,0,0.5,0,0,0,0.0625,0.5,0.5,0.7,0.566666666666667,0.833333333333333,0,0,0.277777777777778,1,1,1,1,27.0833333333333,61.4814814814815,0,0,1,0,"Micro","Meditech",NA,2.7797508
"6233550",2025,1,1,0.5,1,0.875,1,1,1,0.5,0.5,0.5,0.5,0.5,0,0.5,0,0.375,0.5,0.5,0.3,0.433333333333333,0.5,0.285714285714286,0.142857142857143,0.30952380952381,0,0,0,0,75,24.7619047619048,1,0,0,0,"Metro","Epic",1,1.4890608
"6310007",2025,1,1,1,1,1,1,1,1,1,0.5,1,0.5,1,0,1,0,0.625,0.666666666666667,0.666666666666667,0.4,0.577777777777778,0.5,0.428571428571429,0.428571428571429,0.452380952380952,1,0,1,0.666666666666667,87.5,56.5608465608466,1,0,0,0,"Metro","Epic",1,1.4089135
"6310030",2025,1,1,1,0.5,0.875,0.5,0.5,0.5,1,0,1,0.5,0,0,0,0,0.3125,0.333333333333333,0.166666666666667,0.1,0.2,0.166666666666667,0.571428571428571,0.428571428571429,0.388888888888889,0,0,0,0,56.25,19.6296296296296,0,1,0,0,"Micro","Cerner",NA,1.7199929
"6320020",2025,1,1,1,1,1,1,1,1,1,1,0.5,1,1,1,1,1,0.9375,0.333333333333333,0.5,0.1,0.311111111111111,1,1,1,1,0,0,0,0,97.9166666666667,43.7037037037037,1,0,0,0,"Metro","Epic",1,1.5607525
"6320050",2025,1,1,1,1,1,1,1,1,1,1,1,1,0.5,0.5,0,0,0.625,0.166666666666667,0.166666666666667,0.1,0.144444444444444,0.666666666666667,0.857142857142857,1,0.841269841269841,0,0,0,0,87.5,32.8571428571429,1,0,0,0,"Metro","Epic",1,1.4089135
"6320120",2025,1,1,1,0.5,0.875,0.5,1,0.75,1,0.5,1,0.5,0.5,0.5,0,0.5,0.5625,0.333333333333333,0.666666666666667,0.3,0.433333333333333,0.333333333333333,0.285714285714286,0.285714285714286,0.301587301587302,0,0,0,0,72.9166666666667,24.4973544973545,1,0,0,0,"Metro","Cerner",1,1.5607525
"6320125",2025,1,1,1,1,1,1,1,1,1,1,1,1,1,1,1,1,1,0,0.333333333333333,0,0.111111111111111,0.666666666666667,1,0.857142857142857,0.841269841269841,0,0,0,0,100,31.7460317460317,0,1,0,0,"Metro","Epic",NA,2.0128996
"6320127",2025,1,1,1,0.5,0.875,0.5,1,0.75,1,0.5,1,0.5,0.5,0.5,0,0.5,0.5625,0.333333333333333,0.666666666666667,0.3,0.433333333333333,0.333333333333333,0.285714285714286,0.285714285714286,0.301587301587302,0,0,0,0,72.9166666666667,24.4973544973545,0,1,0,0,"Metro","Cerner",1,1.5625702
"6320180",2025,1,1,1,1,1,1,1,1,1,1,1,1,0.5,0.5,0,0,0.625,0.166666666666667,0.166666666666667,0.1,0.144444444444444,0.666666666666667,0.857142857142857,1,0.841269841269841,0,0,0,0,87.5,32.8571428571429,1,0,0,0,"Metro","Epic",1,1.4089135
"6320200",2025,1,1,1,1,1,1,0.5,0.75,1,1,1,1,1,1,1,1,1,0,0,0,0,0.666666666666667,0.857142857142857,0.571428571428571,0.698412698412698,0,0,1,0.333333333333333,91.6666666666667,34.3915343915344,0,1,0,0,"Metro","Epic",1,1.5625702
"6320220",2025,1,1,1,1,1,1,1,1,1,1,1,0.5,0,0,0,0,0.4375,0.333333333333333,0.333333333333333,0.2,0.288888888888889,0.5,0.571428571428571,0.428571428571429,0.5,0,0,0,0,81.25,26.2962962962963,0,1,0,0,"Metro","Epic",NA,2.0128996
"6320260",2025,1,1,1,1,1,1,0.5,0.75,1,1,1,1,1,1,1,1,1,0,0,0,0,0.666666666666667,0.857142857142857,0.571428571428571,0.698412698412698,0,0,1,0.333333333333333,91.6666666666667,34.3915343915344,0,1,0,0,"Metro","Epic",1,1.4102389
"6320280",2025,1,1,1,0.5,0.875,1,0.5,0.75,0.5,1,0.5,1,0.5,1,0.5,1,0.75,0.5,0.5,0.2,0.4,0.666666666666667,1,0.857142857142857,0.841269841269841,0,0,0,0,79.1666666666667,41.3756613756614,1,0,0,0,"Metro","Cerner",1,1.4379987
"6320290",2025,1,1,1,0.5,0.875,0.5,1,0.75,1,0.5,1,0.5,0.5,0.5,0,0.5,0.5625,0.333333333333333,0.666666666666667,0.3,0.433333333333333,0.333333333333333,0.285714285714286,0.285714285714286,0.301587301587302,0,0,0,0,72.9166666666667,24.4973544973545,0,1,0,0,"Metro","Cerner",1,1.5625702
"6320310",2025,1,1,1,0.5,0.875,0.5,1,0.75,1,0.5,1,0.5,0.5,0.5,0,0.5,0.5625,0.333333333333333,0.666666666666667,0.3,0.433333333333333,0.333333333333333,0.285714285714286,0.285714285714286,0.301587301587302,0,0,0,0,72.9166666666667,24.4973544973545,0,1,0,0,"Metro","Cerner",1,1.4102389
"6320330",2025,1,1,1,1,1,1,0.5,0.75,1,1,1,1,1,1,1,1,1,0,0,0,0,0.666666666666667,0.857142857142857,0.571428571428571,0.698412698412698,0,0,1,0.333333333333333,91.6666666666667,34.3915343915344,1,0,0,0,"Metro","Epic",1,1.4089135
"6320350",2025,1,1,1,1,1,1,1,1,1,1,1,1,0.5,0.5,0,0,0.625,0.166666666666667,0.166666666666667,0.1,0.144444444444444,0.666666666666667,0.857142857142857,1,0.841269841269841,0,0,0,0,87.5,32.8571428571429,0,1,0,0,"Metro","Epic",1,1.5625702
"6320416",2025,1,1,1,0.5,0.875,0.5,1,0.75,1,0.5,1,0.5,0.5,0.5,0,0.5,0.5625,0.333333333333333,0.666666666666667,0.3,0.433333333333333,0.333333333333333,0.285714285714286,0.285714285714286,0.301587301587302,0,0,0,0,72.9166666666667,24.4973544973545,0,1,0,0,"Metro","Cerner",1,1.5625702
"6320420",2025,1,1,1,1,1,1,0.5,0.75,1,1,1,1,1,1,1,1,1,0,0,0,0,0.666666666666667,0.857142857142857,0.571428571428571,0.698412698412698,0,0,1,0.333333333333333,91.6666666666667,34.3915343915344,0,1,0,0,"Rural","Epic",1,1.6381562
"6320460",2025,1,1,1,1,1,1,1,1,1,1,1,1,0.5,0.5,0,0,0.625,0.166666666666667,0.166666666666667,0.1,0.144444444444444,0.666666666666667,0.857142857142857,1,0.841269841269841,0,0,0,0,87.5,32.8571428571429,0,1,0,0,"Metro","Epic",1,1.5625702
"6320480",2025,1,1,1,1,1,1,0.5,0.75,1,1,1,1,1,1,1,1,1,0,0,0,0,0.666666666666667,0.857142857142857,0.571428571428571,0.698412698412698,0,0,1,0.333333333333333,91.6666666666667,34.3915343915344,0,1,0,0,"Micro","Epic",1,1.6381562
"6320515",2025,1,1,1,1,1,1,0.5,0.75,1,1,1,1,1,1,1,1,1,0,0,0,0,0.666666666666667,0.857142857142857,0.571428571428571,0.698412698412698,0,0,1,0.333333333333333,91.6666666666667,34.3915343915344,0,1,0,0,"Metro","Epic",1,1.5625702
"6320540",2025,1,0.5,0.5,0.5,0.625,1,0.5,0.75,1,0.5,1,0.5,1,0,0.5,0,0.5625,1,1,0.8,0.933333333333333,0.166666666666667,0,0,0.0555555555555556,0,0,0,0,64.5833333333333,32.962962962963,0,1,0,0,"Metro","Meditech",NA,2.1787324
"6320569",2025,1,1,1,1,1,1,0.5,0.75,1,1,1,1,1,1,1,1,1,0,0,0,0,0.666666666666667,0.857142857142857,0.571428571428571,0.698412698412698,0,0,1,0.333333333333333,91.6666666666667,34.3915343915344,0,1,0,0,"Metro","Epic",1,1.5625702
"6320580",2025,1,1,1,1,1,1,1,1,1,1,1,1,1,0.5,1,1,0.9375,0.333333333333333,0.5,0.4,0.411111111111111,0.5,0.571428571428571,0.571428571428571,0.547619047619048,0,0,0,0,97.9166666666667,31.957671957672,0,1,0,0,"Metro","Epic",1,1.4102389
"6320610",2025,1,1,1,1,1,1,0.5,0.75,1,1,1,1,1,1,1,1,1,0,0,0,0,0.666666666666667,0.857142857142857,0.571428571428571,0.698412698412698,0,0,1,0.333333333333333,91.6666666666667,34.3915343915344,0,1,0,0,"Metro","Epic",1,1.5625702
"6320640",2025,1,1,1,1,1,1,0.5,0.75,1,1,1,1,1,1,1,1,1,0,0,0,0,0.666666666666667,0.857142857142857,0.571428571428571,0.698412698412698,0,0,1,0.333333333333333,91.6666666666667,34.3915343915344,0,1,0,0,"Metro","Epic",1,1.6546744
"6320645",2025,1,1,1,1,1,1,1,1,1,1,0.5,1,1,1,1,1,0.9375,0.333333333333333,0.5,0.1,0.311111111111111,1,1,1,1,0,0,0,0,97.9166666666667,43.7037037037037,0,1,0,0,"Metro","Epic",1,1.5625702
"6320670",2025,1,1,1,0.5,0.875,0.5,1,0.75,1,0.5,1,0.5,0.5,0.5,0,0.5,0.5625,0.333333333333333,0.666666666666667,0.3,0.433333333333333,0.333333333333333,0.285714285714286,0.285714285714286,0.301587301587302,0,0,0,0,72.9166666666667,24.4973544973545,0,0,1,0,"Metro","Cerner",1,1.7285975
"6320685",2025,1,1,1,1,1,1,0.5,0.75,1,1,1,1,1,1,1,0.5,0.9375,0.166666666666667,0,0.2,0.122222222222222,1,1,0.857142857142857,0.952380952380952,0,1,0,0.333333333333333,89.5833333333333,46.9312169312169,0,0,1,0,"Rural","Epic",1,1.8264908
"6320690",2025,1,1,1,0.5,0.875,0.5,1,0.75,1,0.5,1,0.5,0.5,0.5,0,0.5,0.5625,0.333333333333333,0.666666666666667,0.3,0.433333333333333,0.333333333333333,0.285714285714286,0.285714285714286,0.301587301587302,0,0,0,0,72.9166666666667,24.4973544973545,0,1,0,0,"Metro","Cerner",1,1.5625702
"6320730",2025,1,1,1,1,1,1,0.5,0.75,1,1,1,0,0.5,0,0,0,0.4375,0.5,0.166666666666667,0.2,0.288888888888889,0.666666666666667,0.571428571428571,0.428571428571429,0.555555555555556,0,0,0,0,72.9166666666667,28.1481481481481,0,0,1,0,"Metro","Meditech",NA,2.5266035
"6320735",2025,1,1,1,0.5,0.875,1,0.5,0.75,0.5,1,0.5,1,0.5,1,0.5,1,0.75,0.5,0.5,0.2,0.4,0.666666666666667,1,0.857142857142857,0.841269841269841,0,0,0,0,79.1666666666667,41.3756613756614,0,1,0,0,"Metro","Cerner",1,1.5625702
"6320880",2025,1,1,1,0.5,0.875,1,0.5,0.75,0.5,1,0.5,1,0.5,1,0.5,1,0.75,0.5,0.5,0.2,0.4,0.666666666666667,1,0.857142857142857,0.841269841269841,0,0,0,0,79.1666666666667,41.3756613756614,0,1,0,0,"Metro","Cerner",1,1.5625702
"6330030",2025,1,1,1,1,1,0.5,0.5,0.5,0.5,1,0.5,1,0.5,1,0.5,1,0.75,0.833333333333333,0.666666666666667,0.3,0.6,0.333333333333333,0.571428571428571,0.285714285714286,0.396825396825397,1,0,0,0.333333333333333,75,44.3386243386243,0,1,0,0,"Metro","Cerner",NA,1.6895809
"6330120",2025,1,1,1,0.5,0.875,0.5,1,0.75,1,0.5,1,0.5,0.5,0.5,0,0.5,0.5625,0.333333333333333,0.666666666666667,0.3,0.433333333333333,0.333333333333333,0.285714285714286,0.285714285714286,0.301587301587302,0,0,0,0,72.9166666666667,24.4973544973545,1,0,0,0,"Metro","Cerner",1,1.4089135
"6330130",2025,1,1,1,0.5,0.875,0.5,1,0.75,1,0.5,1,0.5,0.5,0.5,0,0.5,0.5625,0.333333333333333,0.666666666666667,0.3,0.433333333333333,0.333333333333333,0.285714285714286,0.285714285714286,0.301587301587302,0,0,0,0,72.9166666666667,24.4973544973545,1,0,0,0,"Metro","Cerner",1,1.4089135
"6330210",2025,1,1,1,1,1,1,1,1,1,1,1,1,0.5,0.5,0,0,0.625,0.166666666666667,0.166666666666667,0.1,0.144444444444444,0.666666666666667,0.857142857142857,1,0.841269841269841,0,0,0,0,87.5,32.8571428571429,0,1,0,0,"Metro","Epic",1,1.5625702
"6340005",2025,1,1,1,0.5,0.875,0.5,0.5,0.5,1,0.5,1,0.5,1,0.5,1,0.5,0.75,0.666666666666667,0.666666666666667,0.9,0.744444444444444,0.833333333333333,0.714285714285714,0.714285714285714,0.753968253968254,0,0,0,0,70.8333333333333,49.9470899470899,0,1,0,0,"Metro","Meditech",NA,2.0128996
"6340008",2025,1,1,1,1,1,1,1,1,1,1,1,0.5,0,0.5,0.5,0.5,0.625,0.5,0.666666666666667,0.6,0.588888888888889,0.333333333333333,0.571428571428571,0.571428571428571,0.492063492063492,0,0,0,0,87.5,36.031746031746,1,0,0,0,"Metro","Meditech",1,1.8086135
"6340009",2025,1,1,1,1,1,1,1,1,1,1,1,0.5,0,0.5,0.5,0.5,0.625,0.5,0.666666666666667,0.6,0.588888888888889,0.333333333333333,0.571428571428571,0.571428571428571,0.492063492063492,0,0,0,0,87.5,36.031746031746,1,0,0,0,"Metro","Meditech",1,1.8086135
"6340012",2025,1,1,1,1,1,1,1,1,1,1,1,0.5,0,0.5,0.5,0.5,0.625,0.5,0.666666666666667,0.6,0.588888888888889,0.333333333333333,0.571428571428571,0.571428571428571,0.492063492063492,0,0,0,0,87.5,36.031746031746,1,0,0,0,"Metro","Meditech",1,1.5896592
"6340020",2025,1,1,1,0.5,0.875,1,1,1,1,0.5,1,0.5,1,0.5,1,0.5,0.75,0,0.333333333333333,0.6,0.311111111111111,0.833333333333333,0.857142857142857,0.428571428571429,0.706349206349206,0,0,0,0,87.5,33.9153439153439,0,1,0,0,"Metro","Epic",1,1.5625702
"6340023",2025,1,1,1,1,1,1,1,1,1,1,1,0.5,0,0.5,0.5,0.5,0.625,0.5,0.666666666666667,0.6,0.588888888888889,0.333333333333333,0.571428571428571,0.571428571428571,0.492063492063492,0,0,0,0,87.5,36.031746031746,0,1,0,0,"Metro","Meditech",1,1.7573649
"6340025",2025,1,1,1,1,1,1,1,1,1,1,1,0.5,0,0.5,0.5,0.5,0.625,0.5,0.666666666666667,0.6,0.588888888888889,0.333333333333333,0.571428571428571,0.571428571428571,0.492063492063492,0,0,0,0,87.5,36.031746031746,0,1,0,0,"Metro","Meditech",1,1.881361
"6340030",2025,1,1,1,0.5,0.875,1,1,1,1,0.5,1,0.5,1,0.5,1,0.5,0.75,0,0.333333333333333,0.6,0.311111111111111,0.833333333333333,0.857142857142857,0.428571428571429,0.706349206349206,0,0,0,0,87.5,33.9153439153439,0,1,0,0,"Metro","Epic",1,1.5625702
"6340040",2025,1,1,1,0.5,0.875,1,0.5,0.75,0.5,0.5,0.5,0.5,0.5,0.5,0.5,0.5,0.5,0.666666666666667,0.833333333333333,0.5,0.666666666666667,0.666666666666667,0.714285714285714,0.714285714285714,0.698412698412698,0,0,1,0.333333333333333,70.8333333333333,56.6137566137566,1,0,0,0,"Metro","Epic",NA,1.7886105
"6340120",2025,1,1,1,1,1,1,1,1,0.5,1,1,0.5,0,0,0,0,0.375,0.333333333333333,0.833333333333333,0.1,0.422222222222222,0.666666666666667,0.857142857142857,0.857142857142857,0.793650793650794,0,0,0,0,79.1666666666667,40.5291005291005,0,1,0,0,"Metro","Epic",1,1.6546744
"6340140",2025,1,1,1,1,1,1,1,1,1,1,1,0.5,0,0.5,0.5,0.5,0.625,0.5,0.666666666666667,0.6,0.588888888888889,0.333333333333333,0.571428571428571,0.571428571428571,0.492063492063492,0,0,0,0,87.5,36.031746031746,0,0,1,0,"Metro","Meditech",1,1.9808805
"6340148",2025,1,1,1,1,1,1,1,1,1,1,1,0.5,0,0.5,0.5,0.5,0.625,0.5,0.666666666666667,0.6,0.588888888888889,0.333333333333333,0.571428571428571,0.571428571428571,0.492063492063492,0,0,0,0,87.5,36.031746031746,0,1,0,0,"Rural","Meditech",1,1.8591231
"6340220",2025,1,1,1,1,1,0.5,0.5,0.5,0.5,0.5,1,0.5,0,0,0,0,0.3125,0.833333333333333,0.5,0.4,0.577777777777778,0.166666666666667,0.428571428571429,0.285714285714286,0.293650793650794,0,1,0,0.333333333333333,60.4166666666667,40.1587301587302,0,1,0,0,"Micro","Meditech",1,1.5483757
"6340231",2025,1,1,1,0.5,0.875,1,1,1,1,0.5,1,0.5,1,0.5,1,0.5,0.75,0,0.333333333333333,0.6,0.311111111111111,0.833333333333333,0.857142857142857,0.428571428571429,0.706349206349206,0,0,0,0,87.5,33.9153439153439,0,1,0,0,"Metro","Epic",1,1.5625702
"6340300",2025,1,1,1,1,1,1,0.5,0.75,0,1,1,1,0,1,0,1,0.625,0.166666666666667,0.5,0.3,0.322222222222222,0.666666666666667,0.857142857142857,0.714285714285714,0.746031746031746,0,0,0,0,79.1666666666667,35.6084656084656,0,0,1,0,"Metro","Epic",1,1.7285975
"6340315",2025,1,1,1,1,1,0.5,0.5,0.5,0.5,0.5,1,0.5,0,0,0,0,0.3125,0.833333333333333,0.5,0.4,0.577777777777778,0.166666666666667,0.428571428571429,0.285714285714286,0.293650793650794,0,1,0,0.333333333333333,60.4166666666667,40.1587301587302,0,0,1,0,"Rural","Altera Digital Health",1,1.9561318
"6340330",2025,1,1,1,1,1,1,1,1,0.5,1,1,0.5,0,0,0,0,0.375,0.333333333333333,0.833333333333333,0.1,0.422222222222222,0.666666666666667,0.857142857142857,0.857142857142857,0.793650793650794,0,0,0,0,79.1666666666667,40.5291005291005,0,1,0,0,"Metro","Epic",1,1.5625702
"6340340",2025,1,1,1,1,1,1,1,1,0.5,1,1,0.5,0,0,0,0,0.375,0.333333333333333,0.833333333333333,0.1,0.422222222222222,0.666666666666667,0.857142857142857,0.857142857142857,0.793650793650794,0,0,0,0,79.1666666666667,40.5291005291005,0,1,0,0,"Metro","Epic",1,1.4774034
"6340350",2025,1,1,1,1,1,1,1,1,1,1,1,0.5,0,0.5,0.5,0.5,0.625,0.5,0.666666666666667,0.6,0.588888888888889,0.333333333333333,0.571428571428571,0.571428571428571,0.492063492063492,0,0,0,0,87.5,36.031746031746,0,1,0,0,"Metro","Meditech",1,1.7573649
"6340400",2025,1,1,1,0.5,0.875,1,1,1,1,0.5,1,0.5,1,0.5,1,0.5,0.75,0,0.333333333333333,0.6,0.311111111111111,0.833333333333333,0.857142857142857,0.428571428571429,0.706349206349206,0,0,0,0,87.5,33.9153439153439,0,1,0,0,"Metro","Epic",1,1.5625702
"6340410",2025,1,1,1,1,1,1,0.5,0.75,1,1,1,1,1,1,1,1,1,0.5,0.833333333333333,0.3,0.544444444444445,0.666666666666667,0.714285714285714,0.428571428571429,0.603174603174603,1,0,0,0.333333333333333,91.6666666666667,49.3650793650794,0,0,1,1,"Rural","Epic",1,1.7102141
"6340425",2025,1,1,1,1,1,1,1,1,1,1,1,1,0.5,0.5,0.5,0.5,0.75,0.333333333333333,0.5,0.2,0.344444444444444,0.333333333333333,0.571428571428571,0.285714285714286,0.396825396825397,0,0,0,0,91.6666666666667,24.7089947089947,0,0,1,0,"Metro","Epic",1,1.7285975
"6340451",2025,1,1,1,1,1,1,1,1,1,1,1,0.5,0,0.5,0.5,0.5,0.625,0.5,0.666666666666667,0.6,0.588888888888889,0.333333333333333,0.571428571428571,0.571428571428571,0.492063492063492,0,0,0,0,87.5,36.031746031746,0,0,1,0,"Metro","Meditech",1,2.1414709
"6340480",2025,1,1,1,1,1,0.5,0.5,0.5,0.5,0.5,1,0.5,0,0,0,0,0.3125,0.833333333333333,0.5,0.4,0.577777777777778,0.166666666666667,0.428571428571429,0.285714285714286,0.293650793650794,0,1,0,0.333333333333333,60.4166666666667,40.1587301587302,0,1,0,0,"Micro","Meditech",1,1.7382555
"6340490",2025,1,1,1,0.5,0.875,1,1,1,1,0.5,1,0.5,1,0.5,1,0.5,0.75,0,0.333333333333333,0.6,0.311111111111111,0.833333333333333,0.857142857142857,0.428571428571429,0.706349206349206,0,0,0,0,87.5,33.9153439153439,1,0,0,0,"Metro","Epic",1,1.4089135
"6340500",2025,1,1,1,1,1,1,1,1,1,1,1,1,0.5,0.5,0.5,0.5,0.75,0.333333333333333,0.5,0.2,0.344444444444444,0.333333333333333,0.571428571428571,0.285714285714286,0.396825396825397,0,0,0,0,91.6666666666667,24.7089947089947,0,0,1,0,"Rural","Epic",1,1.7102141
"6340520",2025,1,1,1,1,1,1,1,1,1,1,1,1,0.5,0.5,0.5,0.5,0.75,0.333333333333333,0.5,0.2,0.344444444444444,0.333333333333333,0.571428571428571,0.285714285714286,0.396825396825397,0,0,0,0,91.6666666666667,24.7089947089947,0,1,0,0,"Metro","Epic",1,1.5625702
"6340521",2025,1,1,1,1,1,1,1,1,1,1,1,1,0.5,0.5,0.5,0.5,0.75,0.333333333333333,0.5,0.2,0.344444444444444,0.333333333333333,0.571428571428571,0.285714285714286,0.396825396825397,0,0,0,0,91.6666666666667,24.7089947089947,0,0,1,0,"Metro","Epic",1,1.8478839
"6340580",2025,1,1,1,1,1,1,1,1,0.5,1,1,0.5,0,0,0,0,0.375,0.333333333333333,0.833333333333333,0.1,0.422222222222222,0.666666666666667,0.857142857142857,0.857142857142857,0.793650793650794,0,0,0,0,79.1666666666667,40.5291005291005,0,1,0,0,"Metro","Epic",1,1.5625702
"6340620",2025,1,1,1,1,1,1,1,1,0.5,1,1,0.5,0,0,0,0,0.375,0.333333333333333,0.833333333333333,0.1,0.422222222222222,0.666666666666667,0.857142857142857,0.857142857142857,0.793650793650794,0,0,0,0,79.1666666666667,40.5291005291005,1,0,0,0,"Metro","Epic",1,1.4089135
"6340677",2025,1,1,1,1,1,1,0.5,0.75,1,1,1,1,1,1,1,1,1,0.5,0.833333333333333,0.3,0.544444444444445,0.666666666666667,0.714285714285714,0.428571428571429,0.603174603174603,1,0,0,0.333333333333333,91.6666666666667,49.3650793650794,0,0,1,1,"Metro","Epic",1,1.7285975
"6340760",2025,1,1,1,1,1,1,1,1,1,1,1,0.5,0,0.5,0.5,0.5,0.625,0.5,0.666666666666667,0.6,0.588888888888889,0.333333333333333,0.571428571428571,0.571428571428571,0.492063492063492,0,0,0,0,87.5,36.031746031746,0,1,0,0,"Metro","Meditech",1,1.881361
"6340780",2025,1,1,1,1,1,1,0.5,0.75,1,1,1,1,1,1,1,1,1,0.5,0.833333333333333,0.3,0.544444444444445,0.666666666666667,0.714285714285714,0.428571428571429,0.603174603174603,1,0,0,0.333333333333333,91.6666666666667,49.3650793650794,0,1,0,0,"Metro","Epic",1,1.5625702
"6340800",2025,1,1,1,1,1,0.5,0.5,0.5,0.5,0.5,1,0.5,0,0,0,0,0.3125,0.833333333333333,0.5,0.4,0.577777777777778,0.166666666666667,0.428571428571429,0.285714285714286,0.293650793650794,0,1,0,0.333333333333333,60.4166666666667,40.1587301587302,0,0,1,0,"Micro","Meditech",1,1.9561318
"6341040",2025,1,1,1,1,1,1,0.5,0.75,1,1,1,1,1,1,1,1,1,0.5,0.833333333333333,0.3,0.544444444444445,0.666666666666667,0.714285714285714,0.428571428571429,0.603174603174603,1,0,0,0.333333333333333,91.6666666666667,49.3650793650794,1,0,0,0,"Metro","Epic",1,1.4089135
"6341063",2025,1,1,1,1,1,1,0.5,0.75,1,1,1,1,1,1,1,1,1,0.5,0.833333333333333,0.3,0.544444444444445,0.666666666666667,0.714285714285714,0.428571428571429,0.603174603174603,1,0,0,0.333333333333333,91.6666666666667,49.3650793650794,0,0,1,0,"Metro","Epic",1,1.7285975
"6341075",2025,1,1,1,1,1,1,1,1,0.5,1,1,0.5,0,0,0,0,0.375,0.333333333333333,0.833333333333333,0.1,0.422222222222222,0.666666666666667,0.857142857142857,0.857142857142857,0.793650793650794,0,0,0,0,79.1666666666667,40.5291005291005,0,0,1,0,"Rural","Epic",1,1.7102141
"6341145",2025,1,1,1,1,1,1,1,1,0.5,1,1,0.5,0,0,0,0,0.375,0.333333333333333,0.833333333333333,0.1,0.422222222222222,0.666666666666667,0.857142857142857,0.857142857142857,0.793650793650794,0,0,0,0,79.1666666666667,40.5291005291005,0,1,0,0,"Metro","Epic",1,1.5625702
"6341153",2025,1,1,1,1,1,1,1,1,0.5,1,1,0.5,0,0,0,0,0.375,0.333333333333333,0.833333333333333,0.1,0.422222222222222,0.666666666666667,0.857142857142857,0.857142857142857,0.793650793650794,0,0,0,0,79.1666666666667,40.5291005291005,0,1,0,0,"Metro","Epic",1,1.5625702
"6341162",2025,1,1,1,1,1,1,1,1,0.5,1,1,0.5,0,0,0,0,0.375,0.333333333333333,0.833333333333333,0.1,0.422222222222222,0.666666666666667,0.857142857142857,0.857142857142857,0.793650793650794,0,0,0,0,79.1666666666667,40.5291005291005,0,1,0,0,"Metro","Epic",1,1.4102389
"6341175",2025,1,1,1,1,1,1,0.5,0.75,1,1,1,1,1,1,1,1,1,0.5,0.833333333333333,0.3,0.544444444444445,0.666666666666667,0.714285714285714,0.428571428571429,0.603174603174603,1,0,0,0.333333333333333,91.6666666666667,49.3650793650794,0,0,1,0,"Micro","Epic",1,1.7102141
"6341195",2025,1,1,1,1,1,1,1,1,0.5,1,1,0.5,0,0,0,0,0.375,0.333333333333333,0.833333333333333,0.1,0.422222222222222,0.666666666666667,0.857142857142857,0.857142857142857,0.793650793650794,0,0,0,0,79.1666666666667,40.5291005291005,0,1,0,0,"Metro","Epic",1,1.6546744
"6341210",2025,1,1,1,1,1,1,1,1,0.5,1,1,0.5,0,0,0,0,0.375,0.333333333333333,0.833333333333333,0.1,0.422222222222222,0.666666666666667,0.857142857142857,0.857142857142857,0.793650793650794,0,0,0,0,79.1666666666667,40.5291005291005,0,1,0,0,"Metro","Epic",1,1.6546744
"6341230",2025,1,1,1,1,1,0.5,0.5,0.5,0.5,0.5,1,0.5,0,0,0,0,0.3125,0.833333333333333,0.5,0.4,0.577777777777778,0.166666666666667,0.428571428571429,0.285714285714286,0.293650793650794,0,1,0,0.333333333333333,60.4166666666667,40.1587301587302,0,0,1,0,"Rural","Meditech",1,1.9561318
"6350006",2025,1,1,1,1,1,0.5,0.5,0.5,0.5,0.5,1,0.5,0,0,0,0,0.3125,0.833333333333333,0.5,0.4,0.577777777777778,0.166666666666667,0.428571428571429,0.285714285714286,0.293650793650794,0,1,0,0.333333333333333,60.4166666666667,40.1587301587302,0,1,0,0,"Metro","Meditech",1,1.7573649
"6350007",2025,1,1,1,1,1,1,0.5,0.75,1,1,1,1,1,1,1,0.5,0.9375,0.166666666666667,0,0.2,0.122222222222222,1,1,0.857142857142857,0.952380952380952,0,1,0,0.333333333333333,89.5833333333333,46.9312169312169,1,0,0,0,"Metro","Epic",1,1.4089135
"6350035",2025,1,1,1,0,0.75,0.5,0.5,0.5,0.5,0,0.5,0,0.5,0,0.5,0,0.25,0.5,0.5,0.4,0.466666666666667,0.333333333333333,0.285714285714286,0.285714285714286,0.301587301587302,1,0,1,0.666666666666667,50,47.8306878306878,0,1,0,0,"Metro","Meditech",1,1.4774034
"6350110",2025,1,1,1,1,1,1,0.5,0.75,1,1,1,1,1,1,1,0.5,0.9375,0.166666666666667,0,0.2,0.122222222222222,1,1,0.857142857142857,0.952380952380952,0,1,0,0.333333333333333,89.5833333333333,46.9312169312169,0,0,1,1,"Rural","Epic",1,1.8264908
"6350220",2025,1,1,1,1,1,1,0.5,0.75,1,1,1,1,1,1,1,0.5,0.9375,0.166666666666667,0,0.2,0.122222222222222,1,1,0.857142857142857,0.952380952380952,0,1,0,0.333333333333333,89.5833333333333,46.9312169312169,0,1,0,0,"Micro","Epic",1,1.399888
"6350295",2025,1,1,1,1,1,1,0.5,0.75,1,1,1,1,1,1,1,0.5,0.9375,0.166666666666667,0,0.2,0.122222222222222,1,1,0.857142857142857,0.952380952380952,0,1,0,0.333333333333333,89.5833333333333,46.9312169312169,0,0,1,1,"Rural","Epic",1,1.8264908
"6350310",2025,1,1,1,1,1,1,0.5,0.75,1,1,1,1,1,1,1,0.5,0.9375,0.166666666666667,0,0.2,0.122222222222222,1,1,0.857142857142857,0.952380952380952,0,1,0,0.333333333333333,89.5833333333333,46.9312169312169,0,0,1,0,"Metro","Epic",1,1.8478839
"6350317",2025,1,1,1,1,1,1,1,1,1,1,1,1,0,0,0,0,0.5,0.5,0.5,0.1,0.366666666666667,0.5,0.142857142857143,0.142857142857143,0.261904761904762,0,0,0,0,83.3333333333333,20.952380952381,0,0,1,1,"Rural","Athenahealth",NA,2.488085
"6350325",2025,1,1,1,0,0.75,0.5,0.5,0.5,0.5,0,0.5,0,0.5,0,0.5,0,0.25,0.5,0.5,0.4,0.466666666666667,0.333333333333333,0.285714285714286,0.285714285714286,0.301587301587302,1,0,1,0.666666666666667,50,47.8306878306878,0,0,1,1,"Rural","Meditech",1,1.8264908
"6350345",2025,1,0.5,0.5,0.5,0.625,1,0.5,0.75,0.5,0.5,0.5,0.5,0.5,0.5,0.5,0.5,0.5,0.5,0.5,0.5,0.5,1,0,0,0.333333333333333,0,0,0,0,62.5,27.7777777777778,0,1,0,0,"Metro","Cerner",1,1.5252128
"6350400",2025,0.5,0.5,0.5,0.5,0.5,1,0.5,0.75,0.5,0.5,0.5,0.5,0.5,0.5,0.5,0.5,0.5,0.5,0.5,0.5,0.5,0,0,0,0,1,1,1,1,58.3333333333333,50,1,0,0,0,"Metro","Cerner",1,1.4379987
"6350420",2025,1,1,1,1,1,1,0.5,0.75,1,1,1,1,1,1,1,0.5,0.9375,0.166666666666667,0,0.2,0.122222222222222,1,1,0.857142857142857,0.952380952380952,0,1,0,0.333333333333333,89.5833333333333,46.9312169312169,0,0,1,1,"Micro","Epic",1,1.8264908
"6350425",2025,0.5,0,0.5,0.5,0.375,0.5,0,0.25,0.5,0,0,0.5,0,0,0,0,0.125,0.833333333333333,0.666666666666667,0.8,0.766666666666667,0.166666666666667,0.142857142857143,0.285714285714286,0.198412698412698,0,0,0,0,25,32.1693121693122,0,0,1,1,"Metro","CPSI/Evident",1,1.8478839
"6350450",2025,1,1,1,1,1,0.5,0.5,0.5,0.5,0.5,0.5,0.5,0.5,0.5,0,0,0.375,0.833333333333333,0.666666666666667,0.9,0.8,0.5,0.142857142857143,0.142857142857143,0.261904761904762,0,0,0,0,62.5,35.3968253968254,0,1,0,0,"Rural","Meditech",1,1.7382555
"6350468",2025,1,1,1,0.5,0.875,1,0.5,0.75,1,0,1,0,1,0,1,0,0.5,0,0.166666666666667,0,0.0555555555555556,0.666666666666667,0.571428571428571,0.428571428571429,0.555555555555556,0,0,0,0,70.8333333333333,20.3703703703704,0,0,1,1,"Metro","CPSI/Evident",NA,2.3118298
"6350480",2025,0.5,0,0,0.5,0.25,0,0,0,0,0,0,0,0,0,0,0,0,0.333333333333333,0.333333333333333,0.5,0.388888888888889,0,0,0,0,0,0,0,0,8.33333333333333,12.962962962963,0,0,1,1,"Rural","MEDHOST",NA,2.4532838
"6350485",2025,1,1,1,1,1,1,0.5,0.75,1,1,1,1,1,1,1,0.5,0.9375,0.166666666666667,0,0.2,0.122222222222222,1,1,0.857142857142857,0.952380952380952,0,1,0,0.333333333333333,89.5833333333333,46.9312169312169,0,1,0,0,"Metro","Epic",1,1.4102389
"6350540",2025,1,1,1,1,1,0.5,0.5,0.5,0,0,0,0,0,0,0,0,0,0.666666666666667,0.333333333333333,0.3,0.433333333333333,0.166666666666667,0.142857142857143,0.285714285714286,0.198412698412698,0,0,0,0,50,21.0582010582011,0,0,1,1,"Metro","Meditech",NA,2.5266035
"6350580",2025,1,1,1,1,1,1,0.5,0.75,1,1,1,1,1,1,1,0.5,0.9375,0.166666666666667,0,0.2,0.122222222222222,1,1,0.857142857142857,0.952380952380952,0,1,0,0.333333333333333,89.5833333333333,46.9312169312169,0,0,1,0,"Rural","Epic",1,1.8071619
"6350600",2025,1,1,1,1,1,1,0.5,0.75,1,1,1,1,1,1,1,0.5,0.9375,0.166666666666667,0,0.2,0.122222222222222,1,1,0.857142857142857,0.952380952380952,0,1,0,0.333333333333333,89.5833333333333,46.9312169312169,0,1,0,0,"Metro","Epic",1,1.5625702
"6350625",2025,1,1,1,1,1,1,0.5,0.75,1,1,1,1,1,1,1,0.5,0.9375,0.166666666666667,0,0.2,0.122222222222222,1,1,0.857142857142857,0.952380952380952,0,1,0,0.333333333333333,89.5833333333333,46.9312169312169,0,0,1,1,"Rural","Epic",1,1.8264908
"6350635",2025,0.5,0.5,0.5,0.5,0.5,0.5,1,0.75,1,0.5,1,0.5,1,0.5,1,0.5,0.75,0,0,0,0,0,0,0,0,0,0,0,0,66.6666666666667,0,0,0,1,0,"Rural","Meditech",1,1.7102141
"6350642",2025,1,1,1,1,1,1,0.5,0.75,1,1,1,1,1,1,1,0.5,0.9375,0.166666666666667,0,0.2,0.122222222222222,1,1,0.857142857142857,0.952380952380952,0,1,0,0.333333333333333,89.5833333333333,46.9312169312169,0,1,0,0,"Micro","Epic",1,1.465358
"6350645",2025,1,1,1,1,1,1,0.5,0.75,1,1,1,1,1,1,1,0.5,0.9375,0.166666666666667,0,0.2,0.122222222222222,1,1,0.857142857142857,0.952380952380952,0,1,0,0.333333333333333,89.5833333333333,46.9312169312169,0,0,1,1,"Metro","Epic",1,1.7285975
"6350672",2025,1,1,1,1,1,1,0.5,0.75,1,1,1,1,1,1,1,0.5,0.9375,0.166666666666667,0,0.2,0.122222222222222,1,1,0.857142857142857,0.952380952380952,0,1,0,0.333333333333333,89.5833333333333,46.9312169312169,0,0,1,1,"Rural","Epic",1,1.8264908
"6350710",2025,1,1,1,1,1,1,0.5,0.75,1,1,1,1,1,1,1,0.5,0.9375,0.166666666666667,0,0.2,0.122222222222222,1,1,0.857142857142857,0.952380952380952,0,1,0,0.333333333333333,89.5833333333333,46.9312169312169,0,1,0,0,"Metro","Epic",1,1.4102389
"6350753",2025,0,0,0,0,0,0,0,0,0,0,0,0,0,0,0,0,0,0,0,0,0,0,0,0,0,0,0,0,0,0,0,0,0,1,1,"Rural","CPSI/Evident",1,1.8264908
"6350755",2025,1,1,1,1,1,1,0.5,0.75,1,1,1,1,1,1,1,0.5,0.9375,0.166666666666667,0,0.2,0.122222222222222,1,1,0.857142857142857,0.952380952380952,0,1,0,0.333333333333333,89.5833333333333,46.9312169312169,0,1,0,0,"Metro","Epic",1,1.4774034
"6350765",2025,1,1,1,1,1,1,0.5,0.75,1,1,1,1,1,1,1,0.5,0.9375,0.166666666666667,0,0.2,0.122222222222222,1,1,0.857142857142857,0.952380952380952,0,1,0,0.333333333333333,89.5833333333333,46.9312169312169,0,0,1,1,"Rural","Epic",1,1.8264908
"6350780",2025,0.5,0.5,0.5,0.5,0.5,0,0,0,0.5,0,0,0,0,0,0,0,0.0625,0.5,0.666666666666667,0.5,0.555555555555555,0,0,0,0,0,0,0,0,18.75,18.5185185185185,0,0,1,0,"Rural","Other",NA,2.4532838
"6350830",2025,1,1,1,1,1,1,0.5,0.75,1,1,1,1,1,1,1,0.5,0.9375,0.166666666666667,0,0.2,0.122222222222222,1,1,0.857142857142857,0.952380952380952,0,1,0,0.333333333333333,89.5833333333333,46.9312169312169,0,1,0,0,"Metro","Epic",1,1.4102389
"6360001",2025,1,1,1,1,1,1,1,1,1,1,1,0,1,0,1,0,0.625,0.833333333333333,0.166666666666667,0,0.333333333333333,0.333333333333333,0.285714285714286,0.285714285714286,0.301587301587302,0,0,0,0,87.5,21.1640211640212,1,0,0,0,"Metro","Epic",1,1.4089135
"6360003",2025,1,1,1,1,1,1,1,1,1,1,1,1,1,0.5,0.5,0,0.75,0.5,0.333333333333333,0.1,0.311111111111111,0.5,0.571428571428571,0.428571428571429,0.5,0,0,0,0,91.6666666666667,27.037037037037,0,1,0,0,"Rural","Epic",1,1.5483757
"6360005",2025,1,1,1,1,1,1,1,1,1,1,1,1,1,0.5,1,0.5,0.875,0.5,0.5,0.1,0.366666666666667,0.5,0.571428571428571,0.571428571428571,0.547619047619048,0,0,0,0,95.8333333333333,30.4761904761905,0,1,0,0,"Micro","Epic",1,1.6232318
"6360008",2025,1,1,1,1,1,0.5,0.5,0.5,0.5,0.5,1,0.5,0,0,0,0,0.3125,0.833333333333333,0.5,0.4,0.577777777777778,0.166666666666667,0.428571428571429,0.285714285714286,0.293650793650794,0,1,0,0.333333333333333,60.4166666666667,40.1587301587302,0,1,0,0,"Metro","Cerner",1,1.6427084
"6360013",2025,1,1,1,0.5,0.875,1,1,1,1,1,1,0.5,0,0.5,0.5,0.5,0.625,0.5,0.666666666666667,0.6,0.588888888888889,0.333333333333333,0.571428571428571,0.571428571428571,0.492063492063492,0,0,0,0,83.3333333333333,36.031746031746,1,0,0,0,"Metro","Cerner",1,1.6006376
"6360018",2025,1,1,1,1,1,1,1,1,1,1,1,1,1,0.5,1,0.5,0.875,0.5,0.5,0.1,0.366666666666667,0.5,0.571428571428571,0.571428571428571,0.547619047619048,0,0,0,0,95.8333333333333,30.4761904761905,0,1,0,0,"Metro","Epic",1,1.4006447
"6360021",2025,1,1,1,1,1,1,1,1,1,1,1,1,1,0.5,0.5,0,0.75,0.5,0.333333333333333,0.1,0.311111111111111,0.5,0.571428571428571,0.428571428571429,0.5,0,0,0,0,91.6666666666667,27.037037037037,0,0,1,1,"Micro","Epic",1,1.8264908
"6360220",2025,1,1,1,0.5,0.875,1,1,1,1,1,1,0.5,0,0.5,0.5,0.5,0.625,0.5,0.666666666666667,0.6,0.588888888888889,0.333333333333333,0.571428571428571,0.571428571428571,0.492063492063492,0,0,0,0,83.3333333333333,36.031746031746,0,0,1,1,"Micro","Cerner",1,1.7102141
"6360222",2025,1,1,1,1,1,0.5,0.5,0.5,0.5,0.5,1,0.5,0,0,0,0,0.3125,0.833333333333333,0.5,0.4,0.577777777777778,0.166666666666667,0.428571428571429,0.285714285714286,0.293650793650794,0,1,0,0.333333333333333,60.4166666666667,40.1587301587302,0,0,1,1,"Rural","Altera Digital Health",1,1.8264908
"6360280",2025,1,1,1,1,1,1,1,1,1,1,1,1,1,0.5,1,0.5,0.875,0.5,0.5,0.1,0.366666666666667,0.5,0.571428571428571,0.571428571428571,0.547619047619048,0,0,0,0,95.8333333333333,30.4761904761905,1,0,0,0,"Metro","Epic",1,1.3993503
"6360305",2025,1,1,1,1,1,1,1,1,1,1,1,1,1,0.5,1,0.5,0.875,0.5,0.5,0.1,0.366666666666667,0.5,0.571428571428571,0.571428571428571,0.547619047619048,0,0,0,0,95.8333333333333,30.4761904761905,0,1,0,0,"Metro","Epic",1,1.5494134
"6360340",2025,0.5,0,0,0,0.125,0,0,0,0,0,0,0,0,0,0,0,0,0,0,0,0,0,0,0,0,0,0,0,0,4.16666666666667,0,0,0,1,0,"Rural","Other",NA,2.2787304
"6360355",2025,1,1,1,0.5,0.875,1,1,1,1,1,1,1,0.5,0,0.5,0,0.625,0.5,0.5,0.3,0.433333333333333,0.5,0.571428571428571,0.285714285714286,0.452380952380952,0,0,0,0,83.3333333333333,29.5238095238095,1,0,0,0,"Metro","Epic",1,1.4089135
"6360360",2025,1,1,1,1,1,1,1,1,1,1,1,1,1,0.5,1,0.5,0.875,0.5,0.5,0.1,0.366666666666667,0.5,0.571428571428571,0.571428571428571,0.547619047619048,0,0,0,0,95.8333333333333,30.4761904761905,1,0,0,0,"Metro","Epic",1,1.4277552
"6360440",2025,1,1,1,0.5,0.875,1,1,1,1,1,1,1,0.5,0,0.5,0,0.625,0.5,0.5,0.3,0.433333333333333,0.5,0.571428571428571,0.285714285714286,0.452380952380952,0,0,0,0,83.3333333333333,29.5238095238095,0,1,0,0,"Metro","Epic",1,1.4102389
"6360445",2025,1,1,1,1,1,1,1,1,1,1,1,1,1,0.5,0.5,0,0.75,0.5,0.333333333333333,0.1,0.311111111111111,0.5,0.571428571428571,0.428571428571429,0.5,0,0,0,0,91.6666666666667,27.037037037037,0,0,1,1,"Rural","Epic",1,1.7102141
"6360450",2025,1,1,1,1,1,1,1,1,0.5,1,1,0.5,0,0,0,0,0.375,0.333333333333333,0.833333333333333,0.1,0.422222222222222,0.666666666666667,0.857142857142857,0.857142857142857,0.793650793650794,0,0,0,0,79.1666666666667,40.5291005291005,0,0,1,0,"Micro","Epic",1,1.8264908
"6360520",2025,1,1,1,1,1,1,1,1,1,1,1,1,1,1,1,1,1,0.166666666666667,0.166666666666667,0.5,0.277777777777778,0.5,0.571428571428571,0.571428571428571,0.547619047619048,0,0,0,0,100,27.5132275132275,0,1,0,0,"Metro","Epic",1,1.6546744
"6360550",2025,1,1,1,0.5,0.875,1,1,1,1,1,1,0.5,0,0.5,0.5,0.5,0.625,0.5,0.666666666666667,0.6,0.588888888888889,0.333333333333333,0.571428571428571,0.571428571428571,0.492063492063492,0,0,0,0,83.3333333333333,36.031746031746,0,0,1,1,"Rural","Cerner",1,1.9561318
"6360690",2025,1,1,1,1,1,1,1,1,1,1,1,1,1,0.5,0.5,0,0.75,0.5,0.333333333333333,0.1,0.311111111111111,0.5,0.571428571428571,0.428571428571429,0.5,0,0,0,0,91.6666666666667,27.037037037037,1,0,0,0,"Metro","Epic",1,1.4089135
"6360730",2025,1,1,1,1,1,0.5,0.5,0.5,0.5,0.5,1,0.5,0,0,0,0,0.3125,0.833333333333333,0.5,0.4,0.577777777777778,0.166666666666667,0.428571428571429,0.285714285714286,0.293650793650794,0,1,0,0.333333333333333,60.4166666666667,40.1587301587302,0,1,0,0,"Micro","Altera Digital Health",1,1.5483757
"6360775",2025,1,1,1,0.5,0.875,1,1,1,1,1,1,0.5,0,0.5,0.5,0.5,0.625,0.5,0.666666666666667,0.6,0.588888888888889,0.333333333333333,0.571428571428571,0.571428571428571,0.492063492063492,0,0,0,0,83.3333333333333,36.031746031746,0,1,0,1,"Rural","Cerner",1,1.6381562
"6360780",2025,1,1,1,1,1,1,1,1,1,1,1,1,1,0.5,1,0.5,0.875,0.5,0.5,0.1,0.366666666666667,0.5,0.571428571428571,0.571428571428571,0.547619047619048,0,0,0,0,95.8333333333333,30.4761904761905,0,1,0,0,"Metro","Epic",1,1.4102389
"6360805",2025,1,0.5,0.5,0.5,0.625,0.5,0.5,0.5,0.5,0.5,0.5,0.5,0,0,0,0,0.25,0.666666666666667,0.333333333333333,0.6,0.533333333333333,0.166666666666667,0.142857142857143,0,0.103174603174603,0,0,0,0,45.8333333333333,21.2169312169312,0,1,0,0,"Metro","Meditech",1,1.6393638
"6360822",2025,1,1,1,1,1,1,1,1,1,1,1,1,1,0.5,0.5,0,0.75,0.5,0.333333333333333,0.1,0.311111111111111,0.5,0.571428571428571,0.428571428571429,0.5,0,0,0,0,91.6666666666667,27.037037037037,0,0,1,0,"Rural","Epic",1,1.7102141
"6360870",2025,1,1,1,1,1,1,1,1,1,1,1,1,1,0.5,1,0.5,0.875,0.5,0.5,0.1,0.366666666666667,0.5,0.571428571428571,0.571428571428571,0.547619047619048,0,0,0,0,95.8333333333333,30.4761904761905,0,1,0,0,"Micro","Epic",1,1.5483757
"6360920",2025,1,1,1,1,1,1,1,1,1,1,1,1,1,0.5,1,0.5,0.875,0.5,0.5,0.1,0.366666666666667,0.5,0.571428571428571,0.571428571428571,0.547619047619048,0,0,0,0,95.8333333333333,30.4761904761905,0,0,1,0,"Metro","Epic",1,1.7285975
"6360931",2025,1,1,1,1,1,1,1,1,1,1,1,1,1,0.5,1,0.5,0.875,0.5,0.5,0.1,0.366666666666667,0.5,0.571428571428571,0.571428571428571,0.547619047619048,0,0,0,0,95.8333333333333,30.4761904761905,0,1,0,0,"Metro","Epic",1,1.6393638
"6360970",2025,1,1,1,0.5,0.875,1,1,1,1,1,1,0.5,0,0.5,0.5,0.5,0.625,0.5,0.666666666666667,0.6,0.588888888888889,0.333333333333333,0.571428571428571,0.571428571428571,0.492063492063492,0,0,0,0,83.3333333333333,36.031746031746,0,0,1,0,"Micro","Cerner",1,1.7102141
"6360978",2025,1,1,1,1,1,1,1,1,1,1,1,1,1,0.5,1,0.5,0.875,0.5,0.5,0.1,0.366666666666667,0.5,0.571428571428571,0.571428571428571,0.547619047619048,0,0,0,0,95.8333333333333,30.4761904761905,0,0,1,0,"Metro","Epic",1,1.7285975
"6360985",2025,1,1,1,1,1,1,1,1,1,1,1,1,1,0.5,1,0.5,0.875,0.5,0.5,0.1,0.366666666666667,0.5,0.571428571428571,0.571428571428571,0.547619047619048,0,0,0,0,95.8333333333333,30.4761904761905,0,1,0,0,"Metro","Epic",1,1.5494134
"6360992",2025,1,1,0.5,0.5,0.75,0.5,0.5,0.5,1,1,1,1,1,0,1,0,0.75,1,0.666666666666667,0.2,0.622222222222222,0.5,0.428571428571429,0,0.30952380952381,0,0,0,0,66.6666666666667,31.0582010582011,0,1,0,0,"Micro","Meditech",NA,2.1221201
"6361055",2025,1,1,1,1,1,1,0.5,0.75,1,1,1,1,1,1,1,1,1,0.166666666666667,0.333333333333333,0.2,0.233333333333333,0.666666666666667,0.428571428571429,0.571428571428571,0.555555555555555,0,0,0,0,91.6666666666667,26.2962962962963,0,0,1,1,"Rural","Epic",1,1.8264908
"6361100",2025,1,1,1,1,1,1,1,1,1,1,1,1,1,0.5,1,0.5,0.875,0.5,0.5,0.1,0.366666666666667,0.5,0.571428571428571,0.571428571428571,0.547619047619048,0,0,0,0,95.8333333333333,30.4761904761905,0,0,1,0,"Micro","Epic",1,1.8264908
"6361180",2025,1,1,1,0.5,0.875,1,1,1,1,1,1,1,0.5,0,0.5,0,0.625,0.5,0.5,0.3,0.433333333333333,0.5,0.571428571428571,0.285714285714286,0.452380952380952,0,0,0,0,83.3333333333333,29.5238095238095,0,1,0,0,"Metro","Epic",1,1.5625702
"6361255",2025,1,1,1,1,1,1,1,1,1,1,1,1,1,0.5,0.5,0,0.75,0.5,0.333333333333333,0.1,0.311111111111111,0.5,0.571428571428571,0.428571428571429,0.5,0,0,0,0,91.6666666666667,27.037037037037,0,0,1,0,"Micro","Epic",1,1.7102141
"6361320",2025,1,1,1,1,1,0.5,0.5,0.5,0.5,0.5,1,0.5,0,0,0,0,0.3125,0.833333333333333,0.5,0.4,0.577777777777778,0.166666666666667,0.428571428571429,0.285714285714286,0.293650793650794,0,1,0,0.333333333333333,60.4166666666667,40.1587301587302,0,0,1,0,"Metro","Meditech",1,2.1414709
"6361330",2025,1,1,1,1,1,0.5,0.5,0.5,0.5,0.5,1,0.5,0,0,0,0,0.3125,0.833333333333333,0.5,0.4,0.577777777777778,0.166666666666667,0.428571428571429,0.285714285714286,0.293650793650794,0,1,0,0.333333333333333,60.4166666666667,40.1587301587302,0,0,1,0,"Micro","Meditech",1,2.1126702
"6361360",2025,1,1,1,1,1,0.5,0.5,0.5,0.5,0.5,1,0.5,0,0,0,0,0.3125,0.833333333333333,0.5,0.4,0.577777777777778,0.166666666666667,0.428571428571429,0.285714285714286,0.293650793650794,0,1,0,0.333333333333333,60.4166666666667,40.1587301587302,0,0,1,0,"Micro","Cerner",1,1.9561318
"6361370",2025,1,1,1,1,1,1,1,1,1,1,1,1,1,0.5,1,0.5,0.875,0.5,0.5,0.1,0.366666666666667,0.5,0.571428571428571,0.571428571428571,0.547619047619048,0,0,0,0,95.8333333333333,30.4761904761905,0,1,0,0,"Micro","Epic",1,1.6232318
"6361403",2025,1,1,1,1,1,1,1,1,1,1,1,1,1,0.5,1,0.5,0.875,0.5,0.5,0.1,0.366666666666667,0.5,0.571428571428571,0.571428571428571,0.547619047619048,0,0,0,0,95.8333333333333,30.4761904761905,0,0,1,1,"Rural","Epic",NA,2.488085
"6361407",2025,1,1,1,0.5,0.875,1,1,1,1,1,1,0.5,0,0.5,0.5,0.5,0.625,0.5,0.666666666666667,0.6,0.588888888888889,0.333333333333333,0.571428571428571,0.571428571428571,0.492063492063492,0,0,0,0,83.3333333333333,36.031746031746,0,0,1,1,"Rural","Cerner",1,1.7102141
"6361421",2025,1,0.5,1,0,0.625,0.5,0.5,0.5,0.5,0.5,1,0.5,1,0.5,1,0.5,0.6875,0.666666666666667,0.5,0.2,0.455555555555555,0.166666666666667,0.142857142857143,0.142857142857143,0.150793650793651,0,0,0,0,60.4166666666667,20.2116402116402,0,1,0,0,"Metro","Cerner",1,1.4102389
"6361470",2025,1,1,1,1,1,1,1,1,1,1,1,1,1,0.5,0.5,0,0.75,0.5,0.333333333333333,0.1,0.311111111111111,0.5,0.571428571428571,0.428571428571429,0.5,0,0,0,0,91.6666666666667,27.037037037037,0,1,0,0,"Metro","Epic",1,1.5625702
"6361490",2025,1,1,1,1,1,1,1,1,1,1,1,1,1,1,1,1,1,0.166666666666667,0.166666666666667,0.5,0.277777777777778,0.5,0.571428571428571,0.571428571428571,0.547619047619048,0,0,0,0,100,27.5132275132275,0,0,1,1,"Rural","Epic",1,1.8264908
"6361515",2025,1,1,1,1,1,1,1,1,1,1,1,1,1,0.5,1,0.5,0.875,0.5,0.5,0.1,0.366666666666667,0.5,0.571428571428571,0.571428571428571,0.547619047619048,0,0,0,0,95.8333333333333,30.4761904761905,0,0,1,0,"Metro","Epic",1,1.8280548
"6361540",2025,1,1,1,1,1,0.5,0.5,0.5,0.5,0.5,1,0.5,0,0,0,0,0.3125,0.833333333333333,0.5,0.4,0.577777777777778,0.166666666666667,0.428571428571429,0.285714285714286,0.293650793650794,0,1,0,0.333333333333333,60.4166666666667,40.1587301587302,0,1,0,0,"Micro","Altera Digital Health",1,1.5355511
"6361635",2025,1,1,1,1,1,0.5,0.5,0.5,0.5,0.5,1,0.5,0,0,0,0,0.3125,0.833333333333333,0.5,0.4,0.577777777777778,0.166666666666667,0.428571428571429,0.285714285714286,0.293650793650794,0,1,0,0.333333333333333,60.4166666666667,40.1587301587302,0,1,0,0,"Micro","Meditech",1,1.6381562
"6361655",2025,1,1,1,1,1,1,1,1,1,1,1,1,1,0.5,0.5,0,0.75,0.5,0.333333333333333,0.1,0.311111111111111,0.5,0.571428571428571,0.428571428571429,0.5,0,0,0,0,91.6666666666667,27.037037037037,0,0,1,1,"Rural","Epic",1,1.8264908
"6361700",2025,1,1,1,1,1,1,1,1,1,1,1,1,1,0.5,1,0.5,0.875,0.5,0.5,0.1,0.366666666666667,0.5,0.571428571428571,0.571428571428571,0.547619047619048,0,0,0,0,95.8333333333333,30.4761904761905,1,0,0,0,"Metro","Epic",1,1.4089135
"6370001",2025,1,1,1,1,1,1,1,1,0.5,1,1,1,0.5,0.5,0.5,0.5,0.6875,0.5,0.166666666666667,0.2,0.288888888888889,1,1,0.857142857142857,0.952380952380952,0,0,0,0,89.5833333333333,41.3756613756614,0,0,1,0,"Metro","Epic",1,1.7285975
"6370009",2025,1,1,1,1,1,1,0.5,0.75,1,1,0.5,0.5,0.5,0,0.5,0.5,0.5625,0.333333333333333,0.333333333333333,0.2,0.288888888888889,0.166666666666667,0.428571428571429,0.428571428571429,0.341269841269841,0,0,0,0,77.0833333333333,21.005291005291,1,0,0,0,"Metro","Epic",1,1.4379987
"6370034",2025,1,1,1,1,1,1,1,1,1,1,1,1,1,1,1,1,1,0.166666666666667,0.5,0.2,0.288888888888889,0.5,0.714285714285714,0.571428571428571,0.595238095238095,0,0,0,0,100,29.4708994708995,0,0,1,0,"Metro","Epic",1,1.8280548
"6370140",2025,1,1,1,1,1,1,1,1,0.5,1,1,1,0.5,0.5,0.5,0.5,0.6875,0.5,0.166666666666667,0.2,0.288888888888889,1,1,0.857142857142857,0.952380952380952,0,0,0,0,89.5833333333333,41.3756613756614,1,0,0,0,"Metro","Epic",1,1.4089135
"6370190",2025,1,1,1,1,1,1,1,1,0.5,1,1,1,0.5,0.5,0.5,0.5,0.6875,0.5,0.166666666666667,0.2,0.288888888888889,1,1,0.857142857142857,0.952380952380952,0,0,0,0,89.5833333333333,41.3756613756614,0,1,0,0,"Metro","Epic",1,1.5625702
"6370232",2025,1,1,1,0.5,0.875,1,1,1,1,1,1,0.5,0,0.5,0.5,0.5,0.625,0.5,0.666666666666667,0.6,0.588888888888889,0.333333333333333,0.571428571428571,0.571428571428571,0.492063492063492,0,0,0,0,83.3333333333333,36.031746031746,1,0,0,0,"Metro","Meditech",1,1.5896592
"6370240",2025,1,1,1,1,1,1,0.5,0.75,1,1,0.5,0.5,0.5,0,0.5,0.5,0.5625,0.333333333333333,0.333333333333333,0.2,0.288888888888889,0.166666666666667,0.428571428571429,0.428571428571429,0.341269841269841,0,0,0,0,77.0833333333333,21.005291005291,0,0,1,0,"Rural","Epic",1,1.8264908
"6370244",2025,1,1,1,1,1,1,1,1,0.5,1,1,1,0.5,0.5,0.5,0.5,0.6875,0.5,0.166666666666667,0.2,0.288888888888889,1,1,0.857142857142857,0.952380952380952,0,0,0,0,89.5833333333333,41.3756613756614,0,1,0,0,"Metro","Epic",1,1.5625702
"6370290",2025,1,1,1,1,1,1,1,1,1,1,1,1,1,1,1,1,1,0.166666666666667,0.5,0.2,0.288888888888889,0.5,0.714285714285714,0.571428571428571,0.595238095238095,0,0,0,0,100,29.4708994708995,0,0,1,0,"Micro","Epic",1,1.8071619
"6370323",2025,1,1,1,1,1,1,1,1,0.5,1,1,1,0.5,0.5,0.5,0.5,0.6875,0.5,0.166666666666667,0.2,0.288888888888889,1,1,0.857142857142857,0.952380952380952,0,0,0,0,89.5833333333333,41.3756613756614,1,0,0,0,"Metro","Epic",1,1.4089135
"6370375",2025,1,1,0.5,0,0.625,1,0.5,0.75,0.5,0.5,0.5,0.5,0.5,0.5,0.5,0.5,0.5,0.5,0.333333333333333,0.2,0.344444444444444,0.333333333333333,0.142857142857143,0,0.158730158730159,0,0,0,0,62.5,16.7724867724868,0,1,0,0,"Micro","Epic",NA,1.7031544
"6370378",2025,1,1,1,1,1,1,1,1,0.5,1,1,1,0.5,0.5,0.5,0.5,0.6875,0.5,0.166666666666667,0.2,0.288888888888889,1,1,0.857142857142857,0.952380952380952,0,0,0,0,89.5833333333333,41.3756613756614,0,0,1,0,"Metro","Epic",1,1.7285975
"6370429",2025,1,1,1,1,1,1,1,1,0.5,1,1,1,0.5,0.5,0.5,0.5,0.6875,0.5,0.166666666666667,0.2,0.288888888888889,1,1,0.857142857142857,0.952380952380952,0,0,0,0,89.5833333333333,41.3756613756614,0,0,1,0,"Metro","Epic",1,1.7285975
"6370444",2025,1,1,1,1,1,1,0.5,0.75,1,1,0.5,0.5,0.5,0,0.5,0.5,0.5625,0.333333333333333,0.333333333333333,0.2,0.288888888888889,0.166666666666667,0.428571428571429,0.428571428571429,0.341269841269841,0,0,0,0,77.0833333333333,21.005291005291,0,0,1,0,"Metro","Epic",1,1.8478839
"6370445",2025,1,1,1,1,1,1,0.5,0.75,1,1,0.5,0.5,0.5,0,0.5,0.5,0.5625,0.333333333333333,0.333333333333333,0.2,0.288888888888889,0.166666666666667,0.428571428571429,0.428571428571429,0.341269841269841,0,0,0,0,77.0833333333333,21.005291005291,0,0,1,0,"Rural","Epic",1,1.7102141
"6370477",2025,1,1,1,0.5,0.875,1,1,1,1,1,1,0.5,0,0.5,0.5,0.5,0.625,0.5,0.666666666666667,0.6,0.588888888888889,0.333333333333333,0.571428571428571,0.571428571428571,0.492063492063492,0,0,0,0,83.3333333333333,36.031746031746,1,0,0,0,"Metro","Meditech",1,1.5896592
"6370495",2025,1,1,1,1,1,1,0.5,0.75,1,1,0.5,0.5,0.5,0,0.5,0.5,0.5625,0.333333333333333,0.333333333333333,0.2,0.288888888888889,0.166666666666667,0.428571428571429,0.428571428571429,0.341269841269841,0,0,0,0,77.0833333333333,21.005291005291,0,0,1,0,"Rural","Epic",1,1.7102141
"6370500",2025,0.5,0.5,0,0.5,0.375,0.5,0.5,0.5,1,0.5,1,0.5,1,0.5,1,0,0.6875,0.666666666666667,0.5,0.4,0.522222222222222,0,0,0,0,0,0,0,0,52.0833333333333,17.4074074074074,0,0,1,0,"Micro","Meditech",1,1.8071619
"6370540",2025,1,1,1,1,1,1,1,1,1,1,0,0.5,1,0,1,0,0.5625,0,0.333333333333333,0.4,0.244444444444444,0.333333333333333,0.285714285714286,0.428571428571429,0.349206349206349,0,0,0,0,85.4166666666667,19.7883597883598,0,0,1,0,"Metro","Epic",1,1.8478839
"6370590",2025,1,1,1,1,1,1,1,1,0.5,1,1,1,0.5,0.5,0.5,0.5,0.6875,0.5,0.166666666666667,0.2,0.288888888888889,1,1,0.857142857142857,0.952380952380952,0,0,0,0,89.5833333333333,41.3756613756614,0,1,0,0,"Micro","Epic",1,1.399888
"6370595",2025,1,1,1,1,1,1,1,1,0.5,1,1,1,0.5,0.5,0.5,0.5,0.6875,0.5,0.166666666666667,0.2,0.288888888888889,1,1,0.857142857142857,0.952380952380952,0,0,0,0,89.5833333333333,41.3756613756614,0,0,1,0,"Metro","Epic",1,1.7285975
"6370610",2025,1,1,1,1,1,1,1,1,1,1,1,1,1,1,1,1,1,0.166666666666667,0.5,0.2,0.288888888888889,0.5,0.714285714285714,0.571428571428571,0.595238095238095,0,0,0,0,100,29.4708994708995,1,0,0,0,"Metro","Epic",1,1.4277552
"6370640",2025,1,1,1,1,1,1,1,1,0.5,1,1,1,0.5,0.5,0.5,0.5,0.6875,0.5,0.166666666666667,0.2,0.288888888888889,1,1,0.857142857142857,0.952380952380952,0,0,0,0,89.5833333333333,41.3756613756614,0,1,0,0,"Metro","Epic",1,1.5625702
"6370660",2025,1,1,1,1,1,1,1,1,1,1,1,1,1,1,1,1,1,0.166666666666667,0.5,0.2,0.288888888888889,0.5,0.714285714285714,0.571428571428571,0.595238095238095,0,0,0,0,100,29.4708994708995,0,0,1,0,"Metro","Epic",1,1.8280548
"6370670",2025,1,1,1,0.5,0.875,1,1,1,1,1,1,0.5,0,0.5,0.5,0.5,0.625,0.5,0.666666666666667,0.6,0.588888888888889,0.333333333333333,0.571428571428571,0.571428571428571,0.492063492063492,0,0,0,0,83.3333333333333,36.031746031746,0,1,0,0,"Rural","Meditech",1,1.7382555
"6380022",2025,1,1,1,0.5,0.875,1,1,1,0.5,0.5,0.5,0.5,0.5,0.5,0.5,0.5,0.5,0.5,0.333333333333333,0.7,0.511111111111111,0.5,0.142857142857143,0.142857142857143,0.261904761904762,0,0,1,0.333333333333333,79.1666666666667,36.8783068783069,0,1,0,0,"Metro","Epic",1,1.6546744
"6380024",2025,1,1,1,0.5,0.875,1,1,1,0.5,0.5,0.5,0.5,0.5,0.5,0.5,0.5,0.5,0.5,0.333333333333333,0.7,0.511111111111111,0.5,0.142857142857143,0.142857142857143,0.261904761904762,0,0,1,0.333333333333333,79.1666666666667,36.8783068783069,0,1,0,0,"Metro","Epic",1,1.6546744
"6380037",2025,1,1,1,1,1,1,1,1,1,1,0.5,1,0,0.5,0.5,0,0.5625,0.333333333333333,0.166666666666667,0.5,0.333333333333333,0.5,0.428571428571429,0.428571428571429,0.452380952380952,0,0,0,0,85.4166666666667,26.1904761904762,0,0,1,0,"Metro","Epic",1,1.8478839
"6380040",2025,1,1,1,0.5,0.875,1,1,1,0.5,0.5,0.5,0.5,0.5,0.5,0.5,0.5,0.5,0.5,0.333333333333333,0.7,0.511111111111111,0.5,0.142857142857143,0.142857142857143,0.261904761904762,0,0,1,0.333333333333333,79.1666666666667,36.8783068783069,0,1,0,0,"Metro","Epic",1,1.4102389
"6380080",2025,1,1,1,1,1,1,1,1,1,1,0.5,1,0,0.5,0.5,0,0.5625,0.333333333333333,0.166666666666667,0.5,0.333333333333333,0.5,0.428571428571429,0.428571428571429,0.452380952380952,0,0,0,0,85.4166666666667,26.1904761904762,1,0,0,0,"Metro","Epic",1,1.4089135
"6380180",2025,1,1,1,0.5,0.875,1,1,1,0.5,0.5,0.5,0.5,0.5,0.5,0.5,0.5,0.5,0.5,0.333333333333333,0.7,0.511111111111111,0.5,0.142857142857143,0.142857142857143,0.261904761904762,0,0,1,0.333333333333333,79.1666666666667,36.8783068783069,1,0,0,0,"Metro","Epic",1,1.6006376
"6380200",2025,1,1,1,1,1,1,1,1,1,1,0.5,1,0,0.5,0.5,0,0.5625,0.333333333333333,0.166666666666667,0.5,0.333333333333333,0.5,0.428571428571429,0.428571428571429,0.452380952380952,0,0,0,0,85.4166666666667,26.1904761904762,0,1,0,0,"Metro","Epic",1,1.4102389
"6380265",2025,1,1,1,0.5,0.875,1,1,1,1,1,1,0.5,0,0.5,0.5,0.5,0.625,0.5,0.666666666666667,0.6,0.588888888888889,0.333333333333333,0.571428571428571,0.571428571428571,0.492063492063492,0,0,0,0,83.3333333333333,36.031746031746,0,1,0,0,"Metro","Meditech",1,1.7573649
"6380270",2025,1,1,1,0.5,0.875,1,1,1,0.5,0.5,0.5,0.5,0.5,0.5,0.5,0.5,0.5,0.5,0.333333333333333,0.7,0.511111111111111,0.5,0.142857142857143,0.142857142857143,0.261904761904762,0,0,1,0.333333333333333,79.1666666666667,36.8783068783069,0,1,0,0,"Metro","Epic",1,1.5625702
"6380315",2025,0,1,0,1,0.5,0.5,0,0.25,1,0,1,0,1,0,1,0,0.5,1,0.666666666666667,0.3,0.655555555555556,0,0.142857142857143,0,0.0476190476190476,0,0,0,0,41.6666666666667,23.4391534391534,0,1,0,0,"Rural","Meditech",NA,2.1221201
"6380338",2025,0.5,1,1,1,0.875,1,1,1,1,1,1,1,0,0,1,1,0.75,0.333333333333333,0.166666666666667,0.5,0.333333333333333,0,0.285714285714286,0.285714285714286,0.19047619047619,0,0,0,0,87.5,17.4603174603175,0,0,1,1,"Metro","Epic",1,1.8280548
"6380365",2025,1,1,1,1,1,1,1,1,1,1,1,1,1,1,1,1,1,0.166666666666667,0.166666666666667,0.5,0.277777777777778,0.5,0.571428571428571,0.571428571428571,0.547619047619048,0,0,0,0,100,27.5132275132275,0,0,1,0,"Micro","Epic",1,1.8264908
"6380385",2025,1,1,1,1,1,1,1,1,1,1,1,1,0,0,1,1,0.75,0.333333333333333,0.166666666666667,0.5,0.333333333333333,0.333333333333333,0.285714285714286,0.285714285714286,0.301587301587302,0,0,0,0,91.6666666666667,21.1640211640212,0,1,0,0,"Metro","Epic",1,1.6546744
"6380395",2025,1,1,1,0.5,0.875,1,1,1,0.5,0.5,0.5,0.5,0.5,0.5,0.5,0.5,0.5,0.5,0.333333333333333,0.7,0.511111111111111,0.5,0.142857142857143,0.142857142857143,0.261904761904762,0,0,1,0.333333333333333,79.1666666666667,36.8783068783069,0,1,0,0,"Metro","Epic",1,1.7573649
"6380400",2025,1,1,1,1,1,1,1,1,1,1,0.5,1,0,0.5,0.5,0,0.5625,0.333333333333333,0.166666666666667,0.5,0.333333333333333,0.5,0.428571428571429,0.428571428571429,0.452380952380952,0,0,0,0,85.4166666666667,26.1904761904762,0,1,0,0,"Metro","Epic",1,1.5625702
"6380401",2025,1,1,1,1,1,1,1,1,1,1,1,1,1,1,1,1,1,0.166666666666667,0.166666666666667,0.5,0.277777777777778,0.5,0.571428571428571,0.571428571428571,0.547619047619048,0,0,0,0,100,27.5132275132275,0,0,1,0,"Metro","Epic",1,1.8478839
"6380405",2025,1,1,1,1,1,1,1,1,1,1,1,1,1,0.5,1,0.5,0.875,0.5,0.5,0.1,0.366666666666667,0.5,0.571428571428571,0.571428571428571,0.547619047619048,0,0,0,0,95.8333333333333,30.4761904761905,0,0,1,1,"Micro","Epic",1,1.5886006
"6380415",2025,1,1,1,0.5,0.875,1,1,1,0.5,0.5,0.5,0.5,0.5,0.5,0.5,0.5,0.5,0.5,0.333333333333333,0.7,0.511111111111111,0.5,0.142857142857143,0.142857142857143,0.261904761904762,0,0,1,0.333333333333333,79.1666666666667,36.8783068783069,0,1,0,0,"Metro","Epic",1,1.5625702
"6380427",2025,0.5,1,1,0.5,0.75,0.5,0,0.25,1,0.5,1,0.5,0,0.5,0.5,0.5,0.5625,0.666666666666667,0.333333333333333,0.3,0.433333333333333,0,0.142857142857143,0.142857142857143,0.0952380952380952,1,0,0,0.333333333333333,52.0833333333333,28.7301587301587,0,0,1,1,"Rural","CPSI/Evident",NA,2.4532838
"6380430",2025,1,1,1,0.5,0.875,1,1,1,0.5,0.5,0.5,0.5,0.5,0.5,0.5,0.5,0.5,0.5,0.333333333333333,0.7,0.511111111111111,0.5,0.142857142857143,0.142857142857143,0.261904761904762,0,0,1,0.333333333333333,79.1666666666667,36.8783068783069,0,1,0,0,"Metro","Epic",1,1.5625702
"6380450",2025,1,1,1,0,0.75,1,0.5,0.75,1,0.5,1,0.5,1,0.5,1,0,0.6875,0.5,0.666666666666667,0.3,0.488888888888889,0.333333333333333,0.142857142857143,0.285714285714286,0.253968253968254,0,0,0,0,72.9166666666667,24.7619047619048,0,1,0,0,"Micro","Cerner",NA,1.9873428
"6380455",2025,1,1,1,0.5,0.875,1,1,1,0.5,0.5,0.5,0.5,0.5,0.5,0.5,0.5,0.5,0.5,0.333333333333333,0.7,0.511111111111111,0.5,0.142857142857143,0.142857142857143,0.261904761904762,0,0,1,0.333333333333333,79.1666666666667,36.8783068783069,0,0,1,0,"Metro","Epic",1,1.8478839
"6380480",2025,1,1,1,1,1,0.5,0.5,0.5,1,0,1,0,1,0,1,0,0.5,0.166666666666667,0.5,0.2,0.288888888888889,0.5,0.857142857142857,0.571428571428571,0.642857142857143,1,0,0,0.333333333333333,66.6666666666667,42.1693121693122,0,1,0,0,"Metro","Epic",1,1.4102389
"6380486",2025,1,0.5,0.5,0.5,0.625,0,0,0,0.5,0.5,0.5,0.5,0.5,0,1,0.5,0.5,1,0.833333333333333,0.7,0.844444444444444,0.166666666666667,0,0,0.0555555555555556,1,1,0,0.666666666666667,37.5,52.2222222222222,1,0,0,0,"Metro","Meditech",1,1.4379987
"6380488",2025,1,1,1,1,1,1,1,1,1,1,0.5,1,0,0.5,0.5,0,0.5625,0.333333333333333,0.166666666666667,0.5,0.333333333333333,0.5,0.428571428571429,0.428571428571429,0.452380952380952,0,0,0,0,85.4166666666667,26.1904761904762,1,0,0,0,"Metro","Epic",1,1.6006376
"6380505",2025,1,1,1,0.5,0.875,1,1,1,1,1,1,0.5,0,0.5,0.5,0.5,0.625,0.5,0.666666666666667,0.6,0.588888888888889,0.333333333333333,0.571428571428571,0.571428571428571,0.492063492063492,0,0,0,0,83.3333333333333,36.031746031746,0,1,0,0,"Micro","Meditech",1,1.7382555
"6380510",2025,1,1,0.5,0,0.625,0,0,0,0.5,0,0.5,0,0.5,0,0.5,0,0.25,0,0,0.3,0.1,0.166666666666667,0.428571428571429,0,0.198412698412698,0,0,0,0,29.1666666666667,9.94708994708995,0,0,1,0,"Micro","Altera Digital Health",NA,2.488085
"6380557",2025,0,1,1,1,0.75,0,0.5,0.25,1,0,1,0,1,0,1,0,0.5,0.666666666666667,0.166666666666667,0.8,0.544444444444444,0,0.285714285714286,0.571428571428571,0.285714285714286,0,0,0,0,50,27.6719576719577,0,0,1,1,"Rural","CPSI/Evident",NA,2.4532838
"6380560",2025,1,1,0,0,0.5,0,0.5,0.25,0.5,0,0.5,0,0.5,0,0.5,0,0.25,0.333333333333333,0.333333333333333,0.7,0.455555555555556,0.5,0.285714285714286,0,0.261904761904762,0,0,0,0,33.3333333333333,23.9153439153439,0,0,1,1,"Rural","CPSI/Evident",NA,2.4532838
"6380570",2025,1,1,1,1,1,1,1,1,1,1,0.5,1,0,0.5,0.5,0,0.5625,0.333333333333333,0.166666666666667,0.5,0.333333333333333,0.5,0.428571428571429,0.428571428571429,0.452380952380952,0,0,0,0,85.4166666666667,26.1904761904762,1,0,0,0,"Metro","Epic",1,1.4089135
"6380574",2025,1,0.5,0,0,0.375,0,0,0,0.5,0,0.5,0,0.5,0,0.5,0,0.25,0,0,0,0,0.333333333333333,0,0,0.111111111111111,0,0,0,0,20.8333333333333,3.7037037037037,0,0,1,0,"Micro","Meditech",NA,2.4532838
"6380577",2025,0,0,0,0,0,1,1,1,1,1,0,0,0.5,0.5,0,0,0.375,0.5,0.333333333333333,0.4,0.411111111111111,0,0,0,0,0,0,0,0,45.8333333333333,13.7037037037037,0,0,1,1,"Metro","CPSI/Evident",NA,2.2811503
"6380595",2025,1,1,1,0.5,0.875,1,1,1,1,1,1,1,1,1,1,1,1,0.5,0.5,0.5,0.5,0.666666666666667,1,0.857142857142857,0.841269841269841,0,0,0,0,95.8333333333333,44.7089947089947,0,0,1,0,"Metro","Epic",1,1.8478839
"6380598",2025,1,1,1,1,1,1,1,1,1,1,1,1,1,0.5,1,0.5,0.875,0.5,0.5,0.1,0.366666666666667,0.5,0.571428571428571,0.571428571428571,0.547619047619048,0,0,0,0,95.8333333333333,30.4761904761905,0,0,1,1,"Metro","Epic",1,1.8478839
"6380640",2025,0,0,0,0,0,0,0,0,0,0,0,0,0,0,0,0,0,0,0,0,0,0,0,0,0,0,0,0,0,0,0,0,1,0,0,"Metro","Epic",1,1.5625702
"6380653",2025,1,1,1,0,0.75,0.5,0.5,0.5,1,0.5,1,0,1,0,1,0,0.5625,0.666666666666667,0.5,0.5,0.555555555555555,0.166666666666667,0.571428571428571,0.285714285714286,0.341269841269841,0,0,0,0,60.4166666666667,29.8941798941799,0,0,1,1,"Rural","Cerner",NA,2.4532838
"6380655",2025,0,0,0,0,0,0,0,0,0,0,0,0,0,0,0,0,0,0.5,0.5,0.5,0.5,0,0,0,0,0,0,0,0,0,16.6666666666667,0,1,0,1,"Rural","Cerner",1,1.6232318
"6380665",2025,1,0.5,0,1,0.625,0,1,0.5,0,0,0,0,0,0,0,0,0,0.666666666666667,0.666666666666667,0.8,0.711111111111111,0.5,0,0,0.166666666666667,0,0,1,0.333333333333333,37.5,40.3703703703704,0,0,1,1,"Rural","Cerner",NA,2.4532838
"6380676",2025,1,1,1,0.5,0.875,1,1,1,0.5,0.5,0.5,0.5,0.5,0.5,0.5,0.5,0.5,0.5,0.333333333333333,0.7,0.511111111111111,0.5,0.142857142857143,0.142857142857143,0.261904761904762,0,0,1,0.333333333333333,79.1666666666667,36.8783068783069,0,0,1,0,"Metro","Epic",1,1.8478839
"6380715",2025,1,1,1,0.5,0.875,1,1,1,0.5,0.5,0.5,0.5,0.5,0.5,0.5,0.5,0.5,0.5,0.333333333333333,0.7,0.511111111111111,0.5,0.142857142857143,0.142857142857143,0.261904761904762,0,0,1,0.333333333333333,79.1666666666667,36.8783068783069,0,1,0,0,"Metro","Epic",1,1.7573649
"6380730",2025,1,1,1,1,1,1,1,1,1,1,1,1,1,0.5,1,0.5,0.875,0.5,0.5,0.1,0.366666666666667,0.5,0.571428571428571,0.571428571428571,0.547619047619048,0,0,0,0,95.8333333333333,30.4761904761905,1,0,0,0,"Metro","Epic",1,1.4089135
"6380745",2025,1,1,1,0.5,0.875,1,1,1,0.5,0.5,0.5,0.5,0.5,0.5,0.5,0.5,0.5,0.5,0.333333333333333,0.7,0.511111111111111,0.5,0.142857142857143,0.142857142857143,0.261904761904762,0,0,1,0.333333333333333,79.1666666666667,36.8783068783069,0,0,1,0,"Metro","Epic",1,1.9808805
"6380805",2025,1,1,1,1,1,1,1,1,1,1,1,1,1,0.5,1,0.5,0.875,0.5,0.5,0.1,0.366666666666667,0.5,0.571428571428571,0.571428571428571,0.547619047619048,0,0,0,0,95.8333333333333,30.4761904761905,0,0,1,0,"Micro","Epic",1,1.8264908
"6380860",2025,1,1,1,0.5,0.875,1,1,1,0.5,0.5,0.5,0.5,0.5,0.5,0.5,0.5,0.5,0.5,0.333333333333333,0.7,0.511111111111111,0.5,0.142857142857143,0.142857142857143,0.261904761904762,0,0,1,0.333333333333333,79.1666666666667,36.8783068783069,0,0,1,0,"Metro","Epic",1,1.8478839
"6380885",2025,1,0.5,0.5,0.5,0.625,0.5,0.5,0.5,0.5,0.5,0.5,0.5,0,0,0.5,0,0.3125,0.833333333333333,0.666666666666667,0.5,0.666666666666667,0.333333333333333,0,0,0.111111111111111,0,0,0,0,47.9166666666667,25.9259259259259,0,0,1,1,"Metro","Cerner",NA,2.490901
"6380890",2025,1,0.5,1,0.5,0.75,0,0.5,0.25,1,0.5,0,0,0,0,0,0,0.1875,0.333333333333333,0.333333333333333,0.2,0.288888888888889,0.166666666666667,0,0.285714285714286,0.150793650793651,0,0,0,0,39.5833333333333,14.6560846560847,0,1,0,0,"Micro","Meditech",NA,1.7031544
"6380945",2025,0,0.5,0.5,0,0.25,0.5,0,0.25,0,0,0,0.5,0,0,0,0,0.0625,0.5,0.666666666666667,1,0.722222222222222,0,0,0,0,0,0,0,0,18.75,24.0740740740741,0,1,0,0,"Metro","Epic",1,1.5625702
"6380950",2025,1,1,1,1,1,1,1,1,1,1,1,1,1,0.5,1,0.5,0.875,0.5,0.5,0.1,0.366666666666667,0.5,0.571428571428571,0.571428571428571,0.547619047619048,0,0,0,0,95.8333333333333,30.4761904761905,0,1,0,0,"Metro","Epic",1,1.5625702
"6380960",2025,1,1,1,1,1,1,1,1,1,1,1,1,1,1,1,1,1,0.166666666666667,0.166666666666667,0.5,0.277777777777778,0.5,0.571428571428571,0.571428571428571,0.547619047619048,0,0,0,0,100,27.5132275132275,0,1,0,0,"Metro","Epic",1,1.7573649
"6381027",2025,1,1,1,0.5,0.875,1,1,1,1,1,1,0.5,0,0.5,0.5,0.5,0.625,0.5,0.666666666666667,0.6,0.588888888888889,0.333333333333333,0.571428571428571,0.571428571428571,0.492063492063492,0,0,0,0,83.3333333333333,36.031746031746,1,0,0,0,"Metro","Epic",1,1.5865906
"6381075",2025,1,1,1,0.5,0.875,1,1,1,0.5,0.5,0.5,0.5,0.5,0.5,0.5,0.5,0.5,0.5,0.333333333333333,0.7,0.511111111111111,0.5,0.142857142857143,0.142857142857143,0.261904761904762,0,0,1,0.333333333333333,79.1666666666667,36.8783068783069,0,1,0,0,"Metro","Epic",1,1.6546744
"6381097",2025,1,1,1,1,1,1,0.5,0.75,0.5,0,0,0,0,0,0,0,0.0625,0.166666666666667,0.666666666666667,0.6,0.477777777777778,0.5,0.428571428571429,0.428571428571429,0.452380952380952,0,0,0,0,60.4166666666667,31.005291005291,0,1,0,1,"Metro","Cerner",NA,2.1511657
"6381115",2025,1,1,1,0.5,0.875,1,1,1,0.5,0.5,0.5,0.5,0.5,0.5,0.5,0.5,0.5,0.5,0.333333333333333,0.7,0.511111111111111,0.5,0.142857142857143,0.142857142857143,0.261904761904762,0,0,1,0.333333333333333,79.1666666666667,36.8783068783069,0,1,0,0,"Metro","Epic",1,1.6546744
"6381130",2025,1,1,1,0.5,0.875,0.5,0.5,0.5,0.5,0.5,1,0.5,0.5,0,0.5,0.5,0.5,0.333333333333333,0.166666666666667,0.8,0.433333333333333,0.166666666666667,0.142857142857143,0.142857142857143,0.150793650793651,0,0,0,0,62.5,19.4708994708995,0,0,1,0,"Micro","Meditech",1,1.8264908
"6381150",2025,1,1,1,0.5,0.875,1,1,1,0.5,0.5,0.5,0.5,0.5,0.5,0.5,0.5,0.5,0.5,0.333333333333333,0.7,0.511111111111111,0.5,0.142857142857143,0.142857142857143,0.261904761904762,0,0,1,0.333333333333333,79.1666666666667,36.8783068783069,0,0,1,0,"Metro","Epic",1,1.8478839
"6381215",2025,1,1,1,1,1,1,1,1,1,1,1,1,0,0,1,1,0.75,0.333333333333333,0.166666666666667,0.5,0.333333333333333,0.333333333333333,0.285714285714286,0.285714285714286,0.301587301587302,0,0,0,0,91.6666666666667,21.1640211640212,0,1,0,0,"Metro","Epic",1,1.6393638
"6381223",2025,1,0.5,0,0.5,0.5,0,0,0,1,0,1,0,1,0,1,0,0.5,0.5,0.333333333333333,0.1,0.311111111111111,0.166666666666667,0,0,0.0555555555555556,0,0,0,0,33.3333333333333,12.2222222222222,0,1,0,1,"Metro","CPSI/Evident",NA,2.5868783
"6381225",2025,0.5,1,1,0,0.625,0.5,0.5,0.5,0,0.5,0,0,0.5,0,0,0,0.125,0.833333333333333,0.5,0.5,0.611111111111111,0,0.142857142857143,0.142857142857143,0.0952380952380952,0,0,0,0,41.6666666666667,23.5449735449735,0,1,0,0,"Metro","Meditech",1,1.5625702
"6381250",2025,1,1,1,0.5,0.875,1,1,1,1,1,1,0.5,0,0.5,0.5,0.5,0.625,0.5,0.666666666666667,0.6,0.588888888888889,0.333333333333333,0.571428571428571,0.571428571428571,0.492063492063492,0,0,0,0,83.3333333333333,36.031746031746,0,1,0,0,"Micro","Meditech",1,1.5483757
"6389065",2025,1,1,1,1,1,0.5,0.5,0.5,1,1,0.5,1,0.5,0.5,0.5,0.5,0.6875,0.833333333333333,0.833333333333333,0.8,0.822222222222222,0.666666666666667,0.571428571428571,0.571428571428571,0.603174603174603,0,0,0,0,72.9166666666667,47.5132275132275,0,1,0,0,"Rural","Cerner",1,1.6381562
"6389100",2025,1,1,1,0.5,0.875,1,1,1,0.5,0.5,0.5,0.5,0.5,0.5,0.5,0.5,0.5,0.5,0.333333333333333,0.7,0.511111111111111,0.5,0.142857142857143,0.142857142857143,0.261904761904762,0,0,1,0.333333333333333,79.1666666666667,36.8783068783069,0,1,0,0,"Metro","Epic",1,1.5625702
"6389155",2025,1,0.5,0,0,0.375,0,0,0,0,0,0.5,0,0,0,0,0,0.0625,0,0,0,0,0.5,0,0,0.166666666666667,0,0,0,0,14.5833333333333,5.55555555555556,0,0,1,0,"Rural","CPSI/Evident",NA,2.4532838
"6390002",2025,1,1,1,0.5,0.875,0,0.5,0.25,0.5,0,0.5,0,0.5,0,0.5,0,0.25,0.5,0.5,1,0.666666666666667,0.666666666666667,0.857142857142857,0.571428571428571,0.698412698412698,1,1,1,1,45.8333333333333,78.8359788359788,0,0,1,0,"Micro","Meditech",NA,2.4532838
"6390004",2025,1,1,1,1,1,1,1,1,1,1,1,1,0.5,0.5,0.5,0.5,0.75,0.5,0.333333333333333,0.5,0.444444444444444,0.5,0.571428571428571,0.571428571428571,0.547619047619048,0,0,0,0,91.6666666666667,33.0687830687831,0,1,0,0,"Metro","Epic",1,1.6546744
"6390005",2025,1,1,1,1,1,1,1,1,1,1,1,1,1,1,1,1,1,0.166666666666667,0.166666666666667,0.5,0.277777777777778,0.5,0.571428571428571,0.571428571428571,0.547619047619048,0,0,0,0,100,27.5132275132275,0,1,0,0,"Metro","Epic",1,1.5625702
"6390010",2025,1,1,0.5,0.5,0.75,0.5,0,0.25,1,0,1,0,1,0,1,0,0.5,0.333333333333333,0.5,0.1,0.311111111111111,0.5,0.857142857142857,0.142857142857143,0.5,0,0,0,0,50,27.037037037037,0,0,1,0,"Metro","Cerner",1,1.8478839
"6390034",2025,1,1,1,0,0.75,1,1,1,1,0.5,1,0,1,0.5,0,0,0.5,0.666666666666667,0.666666666666667,0.6,0.644444444444444,0.666666666666667,1,0.714285714285714,0.793650793650794,0,0,0,0,75,47.9365079365079,1,0,0,0,"Metro","Epic",1,1.4277552
"6390039",2025,1,1,1,1,1,1,1,1,1,1,1,1,0.5,0.5,0.5,0.5,0.75,0.5,0.333333333333333,0.5,0.444444444444444,0.5,0.571428571428571,0.571428571428571,0.547619047619048,0,0,0,0,91.6666666666667,33.0687830687831,0,1,0,0,"Metro","Epic",1,1.4774034
"6390043",2025,1,1,1,0.5,0.875,1,1,1,1,1,1,0.5,0,0.5,0.5,0.5,0.625,0.5,0.666666666666667,0.6,0.588888888888889,0.333333333333333,0.571428571428571,0.571428571428571,0.492063492063492,0,0,0,0,83.3333333333333,36.031746031746,0,1,0,0,"Metro","Meditech",1,1.7573649
"6390046",2025,1,1,1,1,1,1,1,1,1,1,1,1,1,1,1,1,1,0.166666666666667,0.166666666666667,0.5,0.277777777777778,0.5,0.571428571428571,0.571428571428571,0.547619047619048,0,0,0,0,100,27.5132275132275,0,1,0,0,"Metro","Epic",1,1.6546744
"6390048",2025,1,1,1,0.5,0.875,1,1,1,1,1,1,0.5,0,0.5,0.5,0.5,0.625,0.5,0.666666666666667,0.6,0.588888888888889,0.333333333333333,0.571428571428571,0.571428571428571,0.492063492063492,0,0,0,0,83.3333333333333,36.031746031746,0,1,0,0,"Metro","Meditech",1,1.7573649
"6390052",2025,1,1,1,0.5,0.875,1,0.5,0.75,1,0.5,1,0.5,1,0,1,0,0.625,0.666666666666667,0.666666666666667,0.6,0.644444444444444,0.666666666666667,0.857142857142857,0.285714285714286,0.603174603174603,0,0,0,0,75,41.5873015873016,1,0,0,0,"Metro","Altera Digital Health",1,1.3993503
"6390053",2025,1,1,0.5,0.5,0.75,0.5,0,0.25,1,0,1,0,1,0,1,0,0.5,0.333333333333333,0.5,0.1,0.311111111111111,0.5,0.857142857142857,0.142857142857143,0.5,0,0,0,0,50,27.037037037037,1,0,0,0,"Metro","Cerner",1,1.4379987
"6390055",2025,1,1,1,0.5,0.875,1,1,1,1,1,1,0.5,0,0.5,0.5,0.5,0.625,0.5,0.5,0.6,0.533333333333333,0.333333333333333,0.571428571428571,0.571428571428571,0.492063492063492,0,0,0,0,83.3333333333333,34.1798941798942,0,1,0,0,"Metro","Meditech",1,1.7573649
"6390060",2025,1,1,1,1,1,1,1,1,1,1,1,1,1,1,1,1,1,0.166666666666667,0.166666666666667,0.5,0.277777777777778,0.5,0.571428571428571,0.571428571428571,0.547619047619048,0,0,0,0,100,27.5132275132275,0,0,1,0,"Metro","Epic",1,1.8478839
"6390068",2025,1,1,1,1,1,1,0.5,0.75,1,1,1,1,0.5,0,0.5,0,0.625,0.833333333333333,0.5,0.1,0.477777777777778,0.5,0.857142857142857,0.571428571428571,0.642857142857143,0,0,0,0,79.1666666666667,37.3544973544974,0,1,0,0,"Metro","Epic",1,1.4102389
"6390070",2025,1,1,1,0.5,0.875,1,1,1,1,1,1,0.5,0,0.5,0.5,0.5,0.625,0.5,0.666666666666667,0.6,0.588888888888889,0.333333333333333,0.571428571428571,0.571428571428571,0.492063492063492,0,0,0,0,83.3333333333333,36.031746031746,1,0,0,0,"Metro","Meditech",1,1.8086135
"6390074",2025,1,1,1,0.5,0.875,1,1,1,1,1,1,0.5,0,0.5,0.5,0.5,0.625,0.5,0.666666666666667,0.6,0.588888888888889,0.333333333333333,0.571428571428571,0.571428571428571,0.492063492063492,0,0,0,0,83.3333333333333,36.031746031746,1,0,0,0,"Metro","Meditech",1,1.8086135
"6390079",2025,1,1,0.5,0.5,0.75,0.5,0,0.25,1,0,1,0,1,0,1,0,0.5,0.333333333333333,0.5,0.1,0.311111111111111,0.5,0.857142857142857,0.142857142857143,0.5,0,0,0,0,50,27.037037037037,1,0,0,0,"Metro","Cerner",1,1.4379987
"6390082",2025,1,1,1,1,1,1,1,1,1,1,1,1,0.5,0.5,0.5,0.5,0.75,0.5,0.333333333333333,0.5,0.444444444444444,0.5,0.571428571428571,0.571428571428571,0.547619047619048,0,0,0,0,91.6666666666667,33.0687830687831,1,0,0,0,"Metro","Epic",1,1.4089135
"6390086",2025,0.5,1,0,0,0.375,0.5,0,0.25,1,0,1,0,1,0,1,0,0.5,0.333333333333333,0.333333333333333,0.4,0.355555555555556,0.166666666666667,0.285714285714286,0.142857142857143,0.198412698412698,0,0,0,0,37.5,18.4656084656085,0,1,0,0,"Metro","Meditech",1,1.881361
"6390090",2025,1,1,0.5,0.5,0.75,0.5,0,0.25,1,0,1,0,1,0,1,0,0.5,0.333333333333333,0.5,0.1,0.311111111111111,0.5,0.857142857142857,0.142857142857143,0.5,0,0,0,0,50,27.037037037037,1,0,0,0,"Metro","Cerner",1,1.4379987
"6390093",2025,1,1,1,1,1,1,0.5,0.75,1,1,1,1,1,1,1,1,1,0.333333333333333,0.5,0,0.277777777777778,0.5,0.428571428571429,0.428571428571429,0.452380952380952,0,0,0,0,91.6666666666667,24.3386243386243,0,1,0,0,"Metro","Epic",1,1.5625702
"6390102",2025,1,1,1,1,1,1,1,1,1,1,1,1,0.5,0.5,0.5,0.5,0.75,0.5,0.333333333333333,0.5,0.444444444444444,0.5,0.571428571428571,0.571428571428571,0.547619047619048,0,0,0,0,91.6666666666667,33.0687830687831,0,1,0,0,"Metro","Epic",1,1.6546744
"6390109",2025,1,1,1,0.5,0.875,1,0.5,0.75,1,1,1,1,1,1,1,1,1,0.333333333333333,0.666666666666667,0.4,0.466666666666667,0.666666666666667,0.857142857142857,0.857142857142857,0.793650793650794,0,0,0,0,87.5,42.010582010582,0,1,0,0,"Metro","Cerner",1,1.881361
"6390111",2025,1,1,1,0,0.75,1,1,1,1,0.5,1,0,1,0.5,0,0,0.5,0.666666666666667,0.666666666666667,0.6,0.644444444444444,0.666666666666667,1,0.714285714285714,0.793650793650794,0,0,0,0,75,47.9365079365079,0,1,0,0,"Metro","Epic",1,1.5494134
"6390120",2025,1,1,1,1,1,1,1,1,1,1,1,1,1,1,1,1,1,0.166666666666667,0.166666666666667,0.5,0.277777777777778,0.5,0.571428571428571,0.571428571428571,0.547619047619048,0,0,0,0,100,27.5132275132275,0,1,0,0,"Metro","Epic",1,1.5625702
"6390135",2025,1,1,1,1,1,1,1,1,1,1,1,1,1,1,1,1,1,0.166666666666667,0.166666666666667,0.5,0.277777777777778,0.5,0.571428571428571,0.571428571428571,0.547619047619048,0,0,0,0,100,27.5132275132275,0,1,0,0,"Metro","Epic",1,1.6546744
"6390150",2025,1,1,1,0,0.75,0.5,0.5,0.5,1,0,1,0,1,0,1,0,0.5,0,0,0.3,0.1,0.166666666666667,0.142857142857143,0.428571428571429,0.246031746031746,0,0,0,0,58.3333333333333,11.5343915343915,0,1,0,0,"Metro","Epic",1,1.4006447
"6390160",2025,1,1,0.5,0.5,0.75,0.5,0,0.25,1,0,1,0,1,0,1,0,0.5,0.333333333333333,0.5,0.1,0.311111111111111,0.5,0.857142857142857,0.142857142857143,0.5,0,0,0,0,50,27.037037037037,0,1,0,0,"Metro","Cerner",1,1.4102389
"6390161",2025,1,1,1,1,1,1,1,1,1,1,1,1,1,1,1,1,1,0.166666666666667,0.166666666666667,0.5,0.277777777777778,0.5,0.571428571428571,0.571428571428571,0.547619047619048,0,0,0,0,100,27.5132275132275,0,1,0,0,"Metro","Epic",1,1.6546744
"6390170",2025,1,1,0.5,0.5,0.75,0.5,0,0.25,1,0,1,0,1,0,1,0,0.5,0.333333333333333,0.5,0.1,0.311111111111111,0.5,0.857142857142857,0.142857142857143,0.5,0,0,0,0,50,27.037037037037,0,1,0,0,"Metro","Cerner",1,1.6546744
"6390180",2025,1,1,1,0.5,0.875,1,1,1,1,1,1,0.5,0,0.5,0.5,0.5,0.625,0.5,0.666666666666667,0.6,0.588888888888889,0.333333333333333,0.571428571428571,0.571428571428571,0.492063492063492,0,0,0,0,83.3333333333333,36.031746031746,0,1,0,0,"Metro","Meditech",1,1.7573649
"6390190",2025,1,1,1,1,1,1,1,1,1,1,1,1,1,1,1,1,1,0.166666666666667,0.166666666666667,0.5,0.277777777777778,0.5,0.571428571428571,0.571428571428571,0.547619047619048,0,0,0,0,100,27.5132275132275,0,1,0,0,"Metro","Epic",1,1.4774034
"6390200",2025,1,1,1,1,1,1,1,1,1,1,1,1,1,1,1,1,1,0.666666666666667,0.5,0.2,0.455555555555555,0.5,0.571428571428571,0.571428571428571,0.547619047619048,0,0,0,0,100,33.4391534391534,0,0,1,0,"Metro","Epic",1,1.8478839
"6390205",2025,1,1,1,1,1,1,1,1,1,1,1,1,1,0.5,1,0.5,0.875,0.5,0.333333333333333,0.4,0.411111111111111,0.5,0.285714285714286,0.571428571428571,0.452380952380952,0,0,0,0,95.8333333333333,28.7830687830688,0,1,0,0,"Metro","Epic",1,1.4102389
"6390210",2025,1,1,1,0,0.75,0.5,0.5,0.5,1,0,1,0,1,0,1,0,0.5,0,0,0.3,0.1,0.166666666666667,0.142857142857143,0.428571428571429,0.246031746031746,0,0,0,0,58.3333333333333,11.5343915343915,1,0,0,0,"Metro","Epic",1,1.4277552
"6390215",2025,1,1,1,0,0.75,0.5,0.5,0.5,1,0,1,0,1,0,1,0,0.5,0,0,0.3,0.1,0.166666666666667,0.142857142857143,0.428571428571429,0.246031746031746,0,0,0,0,58.3333333333333,11.5343915343915,0,1,0,0,"Metro","Epic",1,1.5494134
"6390225",2025,1,1,1,0.5,0.875,1,1,1,1,1,1,0.5,0,0.5,0.5,0.5,0.625,0.5,0.666666666666667,0.6,0.588888888888889,0.333333333333333,0.571428571428571,0.571428571428571,0.492063492063492,0,0,0,0,83.3333333333333,36.031746031746,1,0,0,0,"Metro","Meditech",1,1.8086135
"6390240",2025,1,1,1,1,1,1,0.5,0.75,1,1,1,1,0.5,0,0.5,0,0.625,0.833333333333333,0.5,0.1,0.477777777777778,0.5,0.857142857142857,0.571428571428571,0.642857142857143,0,0,0,0,79.1666666666667,37.3544973544974,1,0,0,0,"Metro","Epic",1,1.4277552
"6390248",2025,1,0.5,1,0.5,0.75,0.5,0.5,0.5,0,0,0,0,0.5,0,0,0,0.0625,1,0.833333333333333,0.9,0.911111111111111,0.333333333333333,0,0.142857142857143,0.158730158730159,0,0,1,0.333333333333333,43.75,46.7724867724868,0,0,1,0,"Metro","Altera Digital Health",1,1.7285975
"6390253",2025,1,1,1,0.5,0.875,1,1,1,1,1,1,0.5,0,0.5,0.5,0.5,0.625,0.5,0.666666666666667,0.6,0.588888888888889,0.333333333333333,0.571428571428571,0.571428571428571,0.492063492063492,0,0,0,0,83.3333333333333,36.031746031746,0,1,0,0,"Metro","Meditech",1,1.7573649
"6390282",2025,1,1,1,0.5,0.875,1,1,1,1,1,1,0.5,0,0.5,0.5,0.5,0.625,0.5,0.666666666666667,0.6,0.588888888888889,0.333333333333333,0.571428571428571,0.571428571428571,0.492063492063492,0,0,0,0,83.3333333333333,36.031746031746,0,1,0,0,"Metro","Meditech",1,1.7573649
"6390283",2025,1,1,1,1,1,1,1,1,1,1,1,1,0.5,0.5,0.5,0.5,0.75,0.5,0.333333333333333,0.5,0.444444444444444,0.5,0.571428571428571,0.571428571428571,0.547619047619048,0,0,0,0,91.6666666666667,33.0687830687831,1,0,0,0,"Metro","Epic",1,1.4089135
"6390286",2025,1,1,1,1,1,1,1,1,1,1,1,1,1,1,1,1,1,0.166666666666667,0.166666666666667,0.5,0.277777777777778,0.5,0.571428571428571,0.571428571428571,0.547619047619048,0,0,0,0,100,27.5132275132275,0,1,0,0,"Metro","Epic",1,1.6546744
"6390292",2025,0.5,0.5,0,0.5,0.375,0.5,0,0.25,0,0.5,0,0,0,0,0,0,0.0625,0.833333333333333,0.833333333333333,0.9,0.855555555555556,0,0,0,0,0,1,1,0.666666666666667,22.9166666666667,50.7407407407407,0,1,0,0,"Metro","MEDHOST",NA,2.3636248
"6390295",2025,1,1,1,0,0.75,1,1,1,1,0.5,1,0,1,0.5,0,0,0.5,0.666666666666667,0.666666666666667,0.6,0.644444444444444,0.666666666666667,1,0.714285714285714,0.793650793650794,0,0,0,0,75,47.9365079365079,1,0,0,0,"Metro","Epic",1,1.4277552
"6390305",2025,1,1,1,0.5,0.875,1,1,1,1,1,1,0.5,0,0.5,0.5,0.5,0.625,0.5,0.666666666666667,0.6,0.588888888888889,0.333333333333333,0.571428571428571,0.571428571428571,0.492063492063492,0,0,0,0,83.3333333333333,36.031746031746,0,1,0,0,"Metro","Cerner",1,1.7573649
"6390308",2025,1,1,1,1,1,1,1,1,1,1,1,1,1,1,1,1,1,0.666666666666667,0.5,0.2,0.455555555555555,0.5,0.571428571428571,0.571428571428571,0.547619047619048,0,0,0,0,100,33.4391534391534,1,0,0,0,"Metro","Epic",1,1.4379987
"6390323",2025,1,1,1,1,1,1,0.5,0.75,1,1,1,1,0.5,0,0.5,0,0.625,0.833333333333333,0.5,0.1,0.477777777777778,0.5,0.857142857142857,0.571428571428571,0.642857142857143,0,0,0,0,79.1666666666667,37.3544973544974,1,0,0,0,"Metro","Epic",1,1.6826277
"6390385",2025,1,1,1,0.5,0.875,1,1,1,1,1,1,0.5,0,0.5,0.5,0.5,0.625,0.5,0.666666666666667,0.6,0.588888888888889,0.333333333333333,0.571428571428571,0.571428571428571,0.492063492063492,0,0,0,0,83.3333333333333,36.031746031746,0,1,0,0,"Metro","Meditech",1,1.7573649
"6390409",2025,1,1,1,0.5,0.875,1,1,1,1,1,1,0.5,0,0.5,0.5,0.5,0.625,0.5,0.666666666666667,0.6,0.588888888888889,0.333333333333333,0.571428571428571,0.571428571428571,0.492063492063492,0,0,0,0,83.3333333333333,36.031746031746,1,0,0,0,"Metro","Meditech",1,1.8086135
"6390411",2025,1,1,1,1,1,1,1,1,1,1,1,1,1,1,1,1,1,0.666666666666667,0.5,0.2,0.455555555555555,0.5,0.571428571428571,0.571428571428571,0.547619047619048,0,0,0,0,100,33.4391534391534,0,1,0,0,"Metro","Epic",1,1.6546744
"6390440",2025,1,1,1,0.5,0.875,1,1,1,1,1,1,0.5,0,0.5,0.5,0.5,0.625,0.5,0.666666666666667,0.6,0.588888888888889,0.333333333333333,0.571428571428571,0.571428571428571,0.492063492063492,0,0,0,0,83.3333333333333,36.031746031746,1,0,0,0,"Metro","Meditech",1,1.7549179
"6390445",2025,1,1,1,0.5,0.875,1,1,1,1,1,1,0.5,0,0.5,0.5,0.5,0.625,0.5,0.666666666666667,0.6,0.588888888888889,0.333333333333333,0.571428571428571,0.571428571428571,0.492063492063492,0,0,0,0,83.3333333333333,36.031746031746,0,0,1,0,"Micro","Meditech",1,2.1126702
"6390470",2025,1,1,0.5,0,0.625,0.5,0.5,0.5,1,0.5,1,0.5,1,0,0,0,0.5,0.5,0.666666666666667,0.1,0.422222222222222,0.333333333333333,0.857142857142857,0,0.396825396825397,0,0,0,0,54.1666666666667,27.3015873015873,1,0,0,0,"Metro","Cerner",NA,2.0814397
"6390480",2025,1,1,1,1,1,1,1,1,1,1,1,1,1,1,1,1,1,0.166666666666667,0.166666666666667,0.5,0.277777777777778,0.5,0.571428571428571,0.571428571428571,0.547619047619048,0,0,0,0,100,27.5132275132275,0,1,0,0,"Metro","Epic",1,1.6546744
"6390489",2025,1,1,1,0.5,0.875,1,1,1,1,1,1,0.5,0,0.5,0.5,0.5,0.625,0.5,0.666666666666667,0.6,0.588888888888889,0.333333333333333,0.571428571428571,0.571428571428571,0.492063492063492,0,0,0,0,83.3333333333333,36.031746031746,0,1,0,0,"Metro","Meditech",1,1.7573649
"6390499",2025,1,0,0,0,0.25,0,0,0,1,0,1,0,1,1,1,0,0.625,0,0,0,0,0.166666666666667,0.142857142857143,0,0.103174603174603,0,0,0,0,29.1666666666667,3.43915343915344,0,0,1,1,"Rural","CPSI/Evident",NA,2.4532838
"6390505",2025,1,0.5,0.5,1,0.75,0.5,0,0.25,0.5,0.5,0.5,0.5,0,0,0,0,0.25,0.833333333333333,0.333333333333333,0,0.388888888888889,0.5,0,0,0.166666666666667,0,0,0,0,41.6666666666667,18.5185185185185,0,0,1,0,"Metro","Meditech",NA,2.5266035
"6390509",2025,1,1,1,0.5,0.875,1,1,1,1,1,1,0.5,0,0.5,0.5,0.5,0.625,0.5,0.666666666666667,0.6,0.588888888888889,0.333333333333333,0.571428571428571,0.571428571428571,0.492063492063492,0,0,0,0,83.3333333333333,36.031746031746,0,1,0,0,"Metro","Meditech",1,1.7573649
"6390510",2025,1,1,1,0,0.75,1,0.5,0.75,0.5,0.5,1,0.5,0.5,0.5,0,0,0.4375,0.333333333333333,0.166666666666667,0.7,0.4,0.5,0.571428571428571,0.428571428571429,0.5,0,0,0,0,64.5833333333333,30,0,0,1,0,"Rural","CPSI/Evident",1,1.8071619
"6390515",2025,1,1,1,0.5,0.875,1,1,1,1,1,1,0.5,0,0.5,0.5,0.5,0.625,0.5,0.666666666666667,0.6,0.588888888888889,0.333333333333333,0.571428571428571,0.571428571428571,0.492063492063492,0,0,0,0,83.3333333333333,36.031746031746,0,1,0,0,"Metro","Meditech",1,1.7573649
"6390573",2025,1,1,1,1,1,1,0.5,0.75,1,1,1,1,1,0.5,1,0.5,0.875,0.5,0.666666666666667,0.2,0.455555555555555,1,0.714285714285714,0.428571428571429,0.714285714285714,0,0,0,0,87.5,38.994708994709,1,0,0,0,"Metro","Cerner",NA,1.7190247
"6390625",2025,1,1,1,1,1,0.5,0.5,0.5,1,0.5,0.5,0.5,0,0,0,0,0.3125,1,0.833333333333333,1,0.944444444444445,0.5,0.571428571428571,0.285714285714286,0.452380952380952,1,1,1,1,60.4166666666667,79.8941798941799,0,1,0,0,"Metro","Cerner",NA,1.6895809
"6390668",2025,1,1,1,1,1,1,1,1,1,1,1,1,1,1,1,1,1,0.166666666666667,0.166666666666667,0.5,0.277777777777778,0.5,0.571428571428571,0.571428571428571,0.547619047619048,0,0,0,0,100,27.5132275132275,0,1,0,0,"Metro","Epic",1,1.6546744
"6390670",2025,1,1,1,1,1,1,1,1,1,1,1,1,1,1,1,1,1,0.166666666666667,0.166666666666667,0.5,0.277777777777778,0.5,0.571428571428571,0.571428571428571,0.547619047619048,0,0,0,0,100,27.5132275132275,0,1,0,0,"Metro","Epic",1,1.4102389
"6390673",2025,1,1,1,0.5,0.875,1,1,1,1,1,1,0.5,0,0.5,0.5,0.5,0.625,0.5,0.666666666666667,0.6,0.588888888888889,0.333333333333333,0.571428571428571,0.571428571428571,0.492063492063492,0,0,0,0,83.3333333333333,36.031746031746,0,0,1,0,"Metro","Meditech",1,2.1414709
"6390674",2025,1,1,0.5,0.5,0.75,0.5,0,0.25,1,0,1,0,1,0,1,0,0.5,0.333333333333333,0.5,0.1,0.311111111111111,0.5,0.857142857142857,0.142857142857143,0.5,0,0,0,0,50,27.037037037037,0,1,0,0,"Metro","Cerner",1,1.5625702
"6390675",2025,1,1,1,0.5,0.875,1,1,1,1,1,1,0.5,0,0.5,0.5,0.5,0.625,0.5,0.666666666666667,0.6,0.588888888888889,0.333333333333333,0.571428571428571,0.571428571428571,0.492063492063492,0,0,0,0,83.3333333333333,36.031746031746,0,1,0,0,"Micro","Meditech",1,1.8591231
"6390680",2025,1,1,1,0.5,0.875,1,1,1,1,1,1,0.5,0,0.5,0.5,0.5,0.625,0.5,0.666666666666667,0.6,0.588888888888889,0.333333333333333,0.571428571428571,0.571428571428571,0.492063492063492,0,0,0,0,83.3333333333333,36.031746031746,0,1,0,0,"Metro","Meditech",1,1.7573649
"6390682",2025,1,1,1,1,1,1,1,1,1,1,1,1,1,1,1,1,1,0.166666666666667,0.166666666666667,0.5,0.277777777777778,0.5,0.571428571428571,0.571428571428571,0.547619047619048,0,0,0,0,100,27.5132275132275,0,1,0,0,"Metro","Epic",1,1.5625702
"6390683",2025,1,1,1,0.5,0.875,1,1,1,1,1,1,0.5,0,0.5,0.5,0.5,0.625,0.5,0.666666666666667,0.6,0.588888888888889,0.333333333333333,0.571428571428571,0.571428571428571,0.492063492063492,0,0,0,0,83.3333333333333,36.031746031746,0,0,1,0,"Metro","Meditech",1,2.1414709
"6390690",2025,1,1,1,1,1,1,1,1,1,1,1,1,1,1,1,1,1,0.166666666666667,0.166666666666667,0.5,0.277777777777778,0.5,0.571428571428571,0.571428571428571,0.547619047619048,0,0,0,0,100,27.5132275132275,1,0,0,0,"Metro","Epic",1,1.4089135
"6390695",2025,1,1,1,1,1,1,0.5,0.75,1,1,1,1,1,1,1,1,1,0.333333333333333,0.5,0,0.277777777777778,0.5,0.428571428571429,0.428571428571429,0.452380952380952,0,0,0,0,91.6666666666667,24.3386243386243,1,0,0,0,"Metro","Epic",1,1.4379987
"6390700",2025,1,1,1,0.5,0.875,1,1,1,1,1,1,0.5,0,0.5,0.5,0.5,0.625,0.5,0.666666666666667,0.6,0.588888888888889,0.333333333333333,0.571428571428571,0.571428571428571,0.492063492063492,0,0,0,0,83.3333333333333,36.031746031746,0,1,0,0,"Metro","Meditech",1,1.7573649
"6390727",2025,1,1,1,1,1,1,1,1,1,1,1,1,1,1,1,1,1,0.166666666666667,0.166666666666667,0.5,0.277777777777778,0.5,0.571428571428571,0.571428571428571,0.547619047619048,0,0,0,0,100,27.5132275132275,0,1,0,0,"Metro","Epic",1,1.4774034
"6390733",2025,1,1,1,0.5,0.875,1,1,1,1,1,1,0.5,0,0.5,0.5,0.5,0.625,0.5,0.666666666666667,0.6,0.588888888888889,0.333333333333333,0.571428571428571,0.571428571428571,0.492063492063492,0,0,0,0,83.3333333333333,36.031746031746,0,0,1,0,"Metro","Meditech",1,1.7285975
"6390745",2025,1,1,1,0.5,0.875,1,1,1,1,1,1,0.5,0,0.5,0.5,0.5,0.625,0.5,0.666666666666667,0.6,0.588888888888889,0.333333333333333,0.571428571428571,0.571428571428571,0.492063492063492,0,0,0,0,83.3333333333333,36.031746031746,0,0,1,0,"Micro","Meditech",1,2.1126702
"6390753",2025,1,1,1,0.5,0.875,1,1,1,1,1,1,0.5,0,0.5,0.5,0.5,0.625,0.5,0.666666666666667,0.6,0.588888888888889,0.333333333333333,0.571428571428571,0.571428571428571,0.492063492063492,0,0,0,0,83.3333333333333,36.031746031746,0,1,0,0,"Metro","Meditech",1,1.7573649
"6390761",2025,1,1,1,0.5,0.875,1,0.5,0.75,1,0.5,1,0.5,1,0,1,0,0.625,0.666666666666667,0.666666666666667,0.6,0.644444444444444,0.666666666666667,0.857142857142857,0.285714285714286,0.603174603174603,0,0,0,0,75,41.5873015873016,0,1,0,0,"Metro","Altera Digital Health",1,1.6393638
"6390764",2025,1,1,1,1,1,1,1,1,1,1,1,1,1,1,1,1,1,0.166666666666667,0.166666666666667,0.5,0.277777777777778,0.5,0.571428571428571,0.571428571428571,0.547619047619048,0,0,0,0,100,27.5132275132275,0,1,0,0,"Metro","Epic",1,1.6546744
"6390765",2025,1,1,1,0,0.75,1,1,1,1,0.5,1,0,1,0.5,0,0,0.5,0.666666666666667,0.666666666666667,0.6,0.644444444444444,0.666666666666667,1,0.714285714285714,0.793650793650794,0,0,0,0,75,47.9365079365079,0,1,0,0,"Metro","Epic",1,1.5494134
"6390767",2025,1,1,0.5,0.5,0.75,0.5,0,0.25,1,0,1,0,1,0,1,0,0.5,0.333333333333333,0.5,0.1,0.311111111111111,0.5,0.857142857142857,0.142857142857143,0.5,0,0,0,0,50,27.037037037037,0,0,1,0,"Metro","Cerner",1,1.8478839
"6390773",2025,1,1,1,1,1,1,1,1,1,1,1,1,1,1,1,1,1,0.166666666666667,0.166666666666667,0.5,0.277777777777778,0.5,0.571428571428571,0.571428571428571,0.547619047619048,0,0,0,0,100,27.5132275132275,0,0,1,0,"Metro","Epic",1,1.8478839
"6390776",2025,1,1,1,0.5,0.875,1,1,1,1,1,1,0.5,0,0.5,0.5,0.5,0.625,0.5,0.666666666666667,0.6,0.588888888888889,0.333333333333333,0.571428571428571,0.571428571428571,0.492063492063492,0,0,0,0,83.3333333333333,36.031746031746,0,1,0,0,"Metro","Meditech",1,1.881361
"6390792",2025,1,0.5,1,0.5,0.75,0.5,0.5,0.5,0,0,0,0,0.5,0,0,0,0.0625,1,0.833333333333333,0.9,0.911111111111111,0.333333333333333,0,0.142857142857143,0.158730158730159,0,0,1,0.333333333333333,43.75,46.7724867724868,0,1,0,0,"Metro","Altera Digital Health",1,1.4102389
"6390793",2025,1,1,1,0.5,0.875,1,1,1,1,1,1,0.5,0,0.5,0.5,0.5,0.625,0.5,0.666666666666667,0.6,0.588888888888889,0.333333333333333,0.571428571428571,0.571428571428571,0.492063492063492,0,0,0,0,83.3333333333333,36.031746031746,0,1,0,0,"Metro","Meditech",1,1.7573649
"6390845",2025,1,1,0.5,0.5,0.75,0.5,0,0.25,1,0,1,0,1,0,1,0,0.5,0.333333333333333,0.5,0.1,0.311111111111111,0.5,0.857142857142857,0.142857142857143,0.5,0,0,0,0,50,27.037037037037,0,1,0,0,"Metro","Cerner",1,1.4774034
"6390846",2025,1,1,1,0.5,0.875,1,1,1,1,1,1,0.5,0,0.5,0.5,0.5,0.625,0.5,0.666666666666667,0.6,0.588888888888889,0.333333333333333,0.571428571428571,0.571428571428571,0.492063492063492,0,0,0,0,83.3333333333333,36.031746031746,0,1,0,0,"Metro","Meditech",1,1.7573649
"6390849",2025,1,1,1,0,0.75,0.5,0.5,0.5,1,0,1,0,1,0,1,0,0.5,0,0,0.3,0.1,0.166666666666667,0.142857142857143,0.428571428571429,0.246031746031746,0,0,0,0,58.3333333333333,11.5343915343915,0,1,0,0,"Metro","Epic",1,1.4006447
"6390851",2025,1,1,1,1,1,1,1,1,1,1,1,1,1,1,1,1,1,0.166666666666667,0.166666666666667,0.5,0.277777777777778,0.5,0.571428571428571,0.571428571428571,0.547619047619048,0,0,0,0,100,27.5132275132275,0,1,0,0,"Metro","Epic",1,1.881361
"6390865",2025,1,1,1,0.5,0.875,1,1,1,1,1,1,0.5,0,0.5,0.5,0.5,0.625,0.5,0.666666666666667,0.6,0.588888888888889,0.333333333333333,0.571428571428571,0.571428571428571,0.492063492063492,0,0,0,0,83.3333333333333,36.031746031746,0,1,0,0,"Metro","Meditech",1,1.881361
"6390895",2025,1,1,1,1,1,1,0.5,0.75,1,1,1,1,1,1,1,1,1,0.333333333333333,0.5,0,0.277777777777778,0.5,0.428571428571429,0.428571428571429,0.452380952380952,0,0,0,0,91.6666666666667,24.3386243386243,0,0,1,0,"Metro","Epic",1,1.8478839
"6390900",2025,1,1,1,1,1,1,1,1,1,1,1,1,0.5,0.5,0,0,0.625,0.333333333333333,0.333333333333333,0.1,0.255555555555556,0.666666666666667,0.857142857142857,1,0.841269841269841,0,0,0,0,87.5,36.5608465608466,0,1,0,0,"Metro","Epic",1,1.382997
"6390930",2025,1,1,1,1,1,1,0.5,0.75,1,1,1,1,1,1,1,1,1,0.333333333333333,0.5,0,0.277777777777778,0.5,0.428571428571429,0.428571428571429,0.452380952380952,0,0,0,0,91.6666666666667,24.3386243386243,0,1,0,0,"Metro","Epic",1,1.4102389
"6390932",2025,1,1,1,0.5,0.875,1,1,1,1,1,1,0.5,0,0.5,0.5,0.5,0.625,0.5,0.666666666666667,0.6,0.588888888888889,0.333333333333333,0.571428571428571,0.571428571428571,0.492063492063492,0,0,0,0,83.3333333333333,36.031746031746,0,1,0,0,"Metro","Meditech",1,1.7573649
"6390935",2025,1,1,1,0.5,0.875,1,1,1,1,1,1,0.5,0,0.5,0.5,0.5,0.625,0.5,0.666666666666667,0.6,0.588888888888889,0.333333333333333,0.571428571428571,0.571428571428571,0.492063492063492,0,0,0,0,83.3333333333333,36.031746031746,0,1,0,0,"Metro","Meditech",1,1.881361
"6390940",2025,1,1,0.5,0.5,0.75,0.5,0,0.25,1,0,1,0,1,0,1,0,0.5,0.333333333333333,0.5,0.1,0.311111111111111,0.5,0.857142857142857,0.142857142857143,0.5,0,0,0,0,50,27.037037037037,1,0,0,0,"Metro","Cerner",1,1.4379987
"6390944",2025,1,1,1,0.5,0.875,1,1,1,1,1,1,0.5,0,0.5,0.5,0.5,0.625,0.5,0.666666666666667,0.6,0.588888888888889,0.333333333333333,0.571428571428571,0.571428571428571,0.492063492063492,0,0,0,0,83.3333333333333,36.031746031746,0,1,0,0,"Metro","Cerner",1,1.7573649
"6390955",2025,1,1,1,0.5,0.875,1,1,1,1,1,1,0.5,0,0.5,0.5,0.5,0.625,0.5,0.666666666666667,0.6,0.588888888888889,0.333333333333333,0.571428571428571,0.571428571428571,0.492063492063492,0,0,0,0,83.3333333333333,36.031746031746,0,1,0,0,"Metro","Meditech",1,1.7573649
"6390956",2025,1,1,1,0.5,0.875,1,1,1,1,1,1,0.5,0,0.5,0.5,0.5,0.625,0.5,0.666666666666667,0.6,0.588888888888889,0.333333333333333,0.571428571428571,0.571428571428571,0.492063492063492,0,0,0,0,83.3333333333333,36.031746031746,0,1,0,0,"Metro","Meditech",1,1.7573649
"6390965",2025,0.5,1,0,0,0.375,0.5,0,0.25,1,0,1,0,1,0,1,0,0.5,0.333333333333333,0.333333333333333,0.4,0.355555555555556,0.166666666666667,0.285714285714286,0.142857142857143,0.198412698412698,0,0,0,0,37.5,18.4656084656085,0,1,0,0,"Metro","Meditech",1,1.881361
"6390975",2025,1,1,1,0.5,0.875,1,1,1,1,1,1,0.5,0,0.5,0.5,0.5,0.625,0.5,0.666666666666667,0.6,0.588888888888889,0.333333333333333,0.571428571428571,0.571428571428571,0.492063492063492,0,0,0,0,83.3333333333333,36.031746031746,0,0,1,0,"Metro","Meditech",1,2.1414709
"6390993",2025,0.5,0.5,0,0.5,0.375,0.5,0,0.25,0,0.5,0,0,0,0,0,0,0.0625,0.833333333333333,0.833333333333333,0.9,0.855555555555556,0,0,0,0,0,1,1,0.666666666666667,22.9166666666667,50.7407407407407,0,1,0,0,"Metro","MEDHOST",NA,2.3636248
"6390997",2025,1,1,1,0.5,0.875,1,1,1,1,1,1,0.5,0,0.5,0.5,0.5,0.625,0.5,0.666666666666667,0.6,0.588888888888889,0.333333333333333,0.571428571428571,0.571428571428571,0.492063492063492,0,0,0,0,83.3333333333333,36.031746031746,0,1,0,0,"Metro","Meditech",1,1.7573649
"6391000",2025,1,1,1,1,1,1,1,1,1,1,1,1,1,0.5,1,0.5,0.875,0.5,0.333333333333333,0.4,0.411111111111111,0.5,0.285714285714286,0.571428571428571,0.452380952380952,0,0,0,0,95.8333333333333,28.7830687830688,1,0,0,0,"Metro","Epic",1,1.509708
"6391033",2025,1,1,1,0.5,0.875,1,1,1,1,1,1,0.5,0,0.5,0.5,0.5,0.625,0.5,0.666666666666667,0.6,0.588888888888889,0.333333333333333,0.571428571428571,0.571428571428571,0.492063492063492,0,0,0,0,83.3333333333333,36.031746031746,0,1,0,0,"Metro","Meditech",1,1.7573649
"6391060",2025,1,1,1,1,1,0.5,1,0.75,1,1,1,1,1,1,1,1,1,0.333333333333333,0.5,0.2,0.344444444444444,0.666666666666667,0.571428571428571,0.285714285714286,0.507936507936508,0,0,0,0,91.6666666666667,28.4126984126984,1,0,0,0,"Metro","Epic",1,1.4089135
"6391069",2025,1,1,1,0,0.75,0.5,1,0.75,1,0.5,1,0.5,0.5,0,0.5,0,0.5,0.833333333333333,0.666666666666667,0.3,0.6,0.666666666666667,0.571428571428571,0.428571428571429,0.555555555555556,1,0,1,0.666666666666667,66.6666666666667,60.7407407407407,0,1,0,0,"Metro","Cerner",NA,2.0128996
"6391090",2025,1,1,1,0.5,0.875,1,1,1,1,1,1,0.5,0,0.5,0.5,0.5,0.625,0.5,0.666666666666667,0.6,0.588888888888889,0.333333333333333,0.571428571428571,0.571428571428571,0.492063492063492,0,0,0,0,83.3333333333333,36.031746031746,0,1,0,0,"Metro","Meditech",1,1.7573649
"6391103",2025,1,1,1,1,1,1,1,1,1,1,1,1,1,1,1,1,1,0.166666666666667,0.166666666666667,0.5,0.277777777777778,0.5,0.571428571428571,0.571428571428571,0.547619047619048,0,0,0,0,100,27.5132275132275,1,0,0,0,"Metro","Epic",1,1.4379987
"6391105",2025,1,1,1,1,1,1,1,1,1,1,1,1,1,1,1,1,1,0.166666666666667,0.166666666666667,0.5,0.277777777777778,0.5,0.571428571428571,0.571428571428571,0.547619047619048,0,0,0,0,100,27.5132275132275,0,1,0,0,"Metro","Epic",1,1.5625702
"6391120",2025,1,1,1,1,1,1,1,1,1,1,1,1,1,0.5,1,0.5,0.875,0.5,0.333333333333333,0.4,0.411111111111111,0.5,0.285714285714286,0.571428571428571,0.452380952380952,0,0,0,0,95.8333333333333,28.7830687830688,0,1,0,0,"Metro","Epic",1,1.4774034
"6391122",2025,1,1,1,1,1,1,1,1,1,1,1,1,1,1,1,1,1,0.166666666666667,0.166666666666667,0.5,0.277777777777778,0.5,0.571428571428571,0.571428571428571,0.547619047619048,0,0,0,0,100,27.5132275132275,0,0,1,1,"Rural","Epic",1,1.7102141
"6391150",2025,1,1,1,1,1,1,0.5,0.75,1,1,1,1,1,1,1,1,1,0.333333333333333,0.5,0,0.277777777777778,0.5,0.428571428571429,0.428571428571429,0.452380952380952,0,0,0,0,91.6666666666667,24.3386243386243,0,1,0,0,"Metro","Epic",1,1.5625702
"6391450",2025,1,1,1,0.5,0.875,1,1,1,1,1,1,0.5,0,0.5,0.5,0.5,0.625,0.5,0.666666666666667,0.6,0.588888888888889,0.333333333333333,0.571428571428571,0.571428571428571,0.492063492063492,0,0,0,0,83.3333333333333,36.031746031746,0,1,0,0,"Metro","Meditech",1,1.881361
"6394020",2025,1,1,1,0.5,0.875,1,1,1,1,1,1,0.5,0,0.5,0.5,0.5,0.625,0.5,0.666666666666667,0.6,0.588888888888889,0.333333333333333,0.571428571428571,0.571428571428571,0.492063492063492,0,0,0,0,83.3333333333333,36.031746031746,0,1,0,0,"Metro","Meditech",1,1.881361
"6398093",2025,1,1,1,0.5,0.875,1,1,1,1,1,1,0.5,0,0.5,0.5,0.5,0.625,0.5,0.666666666666667,0.6,0.588888888888889,0.333333333333333,0.571428571428571,0.571428571428571,0.492063492063492,0,0,0,0,83.3333333333333,36.031746031746,0,1,0,0,"Metro","Meditech",1,1.7573649
"6399090",2025,1,0.5,1,0.5,0.75,0.5,0.5,0.5,0,0,0,0,0.5,0,0,0,0.0625,1,0.833333333333333,0.9,0.911111111111111,0.333333333333333,0,0.142857142857143,0.158730158730159,0,0,1,0.333333333333333,43.75,46.7724867724868,0,0,1,1,"Metro","Altera Digital Health",1,1.8478839
"6399145",2025,1,1,0,0,0.5,0,0,0,0.5,0,0,0,0,0,0,0,0.0625,0.666666666666667,1,1,0.888888888888889,0.5,0.142857142857143,0,0.214285714285714,0,0,0,0,18.75,36.7724867724868,0,1,0,0,"Metro","MEDHOST",NA,2.3636248
"6399235",2025,1,1,1,1,1,1,1,1,1,1,1,1,1,1,1,1,1,0.166666666666667,0.166666666666667,0.5,0.277777777777778,0.5,0.571428571428571,0.571428571428571,0.547619047619048,0,0,0,0,100,27.5132275132275,0,1,0,0,"Metro","Epic",1,1.5625702
"6410010",2025,1,1,1,1,1,1,1,1,1,1,1,1,1,0.5,1,0.5,0.875,0.5,0.333333333333333,0.4,0.411111111111111,0.5,0.285714285714286,0.571428571428571,0.452380952380952,0,0,0,0,95.8333333333333,28.7830687830688,1,0,0,0,"Metro","Epic",1,1.3727573
"6410012",2025,1,1,1,1,1,1,1,1,1,0.5,1,0.5,1,0.5,1,0.5,0.75,0.5,0.333333333333333,0.6,0.477777777777778,0.333333333333333,0.285714285714286,0.285714285714286,0.301587301587302,0,0,0,0,91.6666666666667,25.978835978836,1,0,0,0,"Metro","Epic",1,1.3727573
"6410018",2025,1,1,1,1,1,1,1,1,1,1,1,1,1,0.5,1,0.5,0.875,0.5,0.333333333333333,0.4,0.411111111111111,0.5,0.285714285714286,0.571428571428571,0.452380952380952,0,0,0,0,95.8333333333333,28.7830687830688,0,1,0,0,"Metro","Epic",1,1.5128278
"6410019",2025,1,1,1,0.5,0.875,1,1,1,1,1,1,1,1,1,1,1,1,0.5,0.5,0.5,0.5,0.666666666666667,1,0.857142857142857,0.841269841269841,0,0,0,0,95.8333333333333,44.7089947089947,0,1,0,0,"Metro","Other",1,1.3739656
"6410020",2025,1,1,1,1,1,1,1,1,1,1,1,1,0.5,0,0.5,0,0.625,0.166666666666667,0.166666666666667,0.3,0.211111111111111,0.833333333333333,1,1,0.944444444444445,0,0,0,0,87.5,38.5185185185185,0,1,0,0,"Micro","Epic",1,1.3645301
"6410042",2025,1,1,1,0,0.75,1,0.5,0.75,1,1,1,1,0.5,0.5,0,0,0.625,0.5,0.333333333333333,0.8,0.544444444444444,0.5,0.428571428571429,0.428571428571429,0.452380952380952,1,0,1,0.666666666666667,70.8333333333333,55.4497354497354,0,0,1,1,"Rural","Altera Digital Health",1,1.7534126
"6410080",2025,1,1,0.5,0.5,0.75,0.5,0.5,0.5,0.5,0.5,0.5,0,0.5,0.5,0.5,0.5,0.4375,0.5,0.666666666666667,0.5,0.555555555555555,0.166666666666667,0.142857142857143,0,0.103174603174603,0,0,0,0,56.25,21.957671957672,0,1,0,0,"Metro","Cerner",1,1.5128278
"6410110",2025,1,1,1,1,1,1,1,1,1,1,1,1,1,1,1,1,1,0,0,0,0,0.833333333333333,1,1,0.944444444444445,0,0,0,0,100,31.4814814814815,0,0,1,0,"Micro","Epic",1,1.7534126
"6410120",2025,0.5,0,0,0,0.125,0,0,0,1,0,1,0,1,0,1,0,0.5,0.666666666666667,0.833333333333333,0.5,0.666666666666667,0,0,0,0,0,0,0,0,20.8333333333333,22.2222222222222,0,1,0,0,"Metro","Epic",NA,1.9233394
"6410160",2025,1,1,1,1,1,1,0.5,0.75,1,1,1,1,1,1,1,0.5,0.9375,0.166666666666667,0,0.2,0.122222222222222,1,1,0.857142857142857,0.952380952380952,0,1,0,0.333333333333333,89.5833333333333,46.9312169312169,0,0,1,1,"Metro","Epic",1,1.7729143
"6410165",2025,1,1,1,0,0.75,0.5,0.5,0.5,1,0.5,1,0,0,0,0,0,0.3125,0.5,0.333333333333333,0.1,0.311111111111111,0.5,0.428571428571429,0.285714285714286,0.404761904761905,0,0,0,0,52.0833333333333,23.8624338624339,0,0,1,0,"Micro","Meditech",NA,1.8500297
"6410199",2025,1,1,1,1,1,1,1,1,1,1,1,1,1,1,1,1,1,0,0,0,0,0.833333333333333,1,1,0.944444444444445,0,0,0,0,100,31.4814814814815,0,1,0,0,"Metro","Epic",1,1.5128278
"6410240",2025,1,1,1,1,1,1,1,1,1,1,1,1,1,0,1,0,0.75,0.666666666666667,0.5,0.4,0.522222222222222,0.5,0.428571428571429,0.285714285714286,0.404761904761905,0,0,1,0.333333333333333,91.6666666666667,42.010582010582,0,0,1,1,"Micro","Epic",1,1.7534126
"6410243",2025,1,1,1,1,1,1,0.5,0.75,1,1,1,1,1,1,1,0.5,0.9375,0.166666666666667,0,0.2,0.122222222222222,1,1,0.857142857142857,0.952380952380952,0,1,0,0.333333333333333,89.5833333333333,46.9312169312169,0,0,1,1,"Rural","Epic",1,1.7534126
"6410280",2025,1,1,1,0.5,0.875,0.5,0.5,0.5,0.5,0.5,0.5,0,0.5,0.5,0.5,0.5,0.4375,0.5,0.666666666666667,0.5,0.555555555555555,0.166666666666667,0.142857142857143,0.142857142857143,0.150793650793651,0,0,0,0,60.4166666666667,23.5449735449735,1,0,0,0,"Metro","Cerner",1,1.3727573
"6410290",2025,1,1,1,1,1,1,1,1,1,1,1,1,1,0.5,1,0.5,0.875,0.5,0.333333333333333,0.4,0.411111111111111,0.5,0.285714285714286,0.571428571428571,0.452380952380952,0,0,0,0,95.8333333333333,28.7830687830688,0,1,0,0,"Metro","Epic",1,1.3739656
"6410335",2025,1,1,1,1,1,1,1,1,1,1,1,1,1,1,1,1,1,0,0,0,0,0.833333333333333,1,1,0.944444444444445,0,0,0,0,100,31.4814814814815,0,1,0,0,"Metro","Epic",1,1.5128278
"6410340",2025,1,1,1,1,1,1,1,1,1,0.5,1,0.5,0.5,0.5,0.5,0.5,0.625,0.5,0.5,0.4,0.466666666666667,0.333333333333333,0.714285714285714,0.285714285714286,0.444444444444444,0,0,0,0,87.5,30.3703703703704,0,1,0,0,"Micro","Epic",1,1.4998885
"6410382",2025,1,1,1,1,1,1,1,1,1,1,1,1,1,0.5,1,0,0.8125,0.333333333333333,0.333333333333333,0.2,0.288888888888889,0.666666666666667,0.571428571428571,0.714285714285714,0.650793650793651,0,1,1,0.666666666666667,93.75,53.5449735449736,1,0,0,0,"Metro","Epic",NA,1.7188816
"6410490",2025,1,1,1,0.5,0.875,1,1,1,1,1,1,1,1,1,1,1,1,0.5,0.5,0.5,0.5,0.666666666666667,1,0.857142857142857,0.841269841269841,0,0,0,0,95.8333333333333,44.7089947089947,0,1,0,0,"Metro","Epic",1,1.4787736
"6410499",2025,1,1,1,1,1,0.5,1,0.75,1,1,1,1,1,1,1,1,1,0.5,0.5,0.4,0.466666666666667,1,1,0.714285714285714,0.904761904761905,0,0,0,0,91.6666666666667,45.7142857142857,0,1,0,0,"Metro","Epic",1,1.5128278
"6410537",2025,1,1,1,1,1,0.5,1,0.75,1,1,1,1,1,1,1,1,1,0.5,0.5,0.4,0.466666666666667,1,1,0.714285714285714,0.904761904761905,0,0,0,0,91.6666666666667,45.7142857142857,0,0,1,0,"Metro","Epic",1,1.7729143
"6410543",2025,1,1,1,1,1,1,1,1,1,1,1,1,1,1,1,1,1,0,0,0,0,0.833333333333333,1,1,0.944444444444445,0,0,0,0,100,31.4814814814815,0,0,1,0,"Metro","Epic",1,1.664175
"6410566",2025,1,1,1,1,1,1,1,1,1,1,1,1,1,0.5,1,0.5,0.875,0.5,0.333333333333333,0.4,0.411111111111111,0.5,0.285714285714286,0.571428571428571,0.452380952380952,0,0,0,0,95.8333333333333,28.7830687830688,0,1,0,0,"Metro","Epic",1,1.5128278
"6410578",2025,1,1,0,1,0.75,1,1,1,1,1,1,1,1,0,1,0,0.75,0.666666666666667,0.5,0.4,0.522222222222222,0.5,0.428571428571429,0,0.30952380952381,0,0,1,0.333333333333333,83.3333333333333,38.8359788359788,0,0,1,0,"Metro","Epic",1,1.7729143
"6410670",2025,1,1,1,1,1,1,1,1,1,1,1,1,1,0.5,1,0.5,0.875,0.5,0.333333333333333,0.4,0.411111111111111,0.5,0.285714285714286,0.571428571428571,0.452380952380952,0,0,0,0,95.8333333333333,28.7830687830688,1,0,0,0,"Metro","Epic",1,1.3727573
"6410695",2025,1,1,1,1,1,1,1,1,1,1,1,1,1,0.5,1,0.5,0.875,0.5,0.333333333333333,0.4,0.411111111111111,0.5,0.285714285714286,0.571428571428571,0.452380952380952,0,0,0,0,95.8333333333333,28.7830687830688,0,1,0,0,"Metro","Epic",1,1.5128278
"6410710",2025,1,1,1,1,1,1,1,1,1,1,1,1,1,0.5,1,0.5,0.875,0.5,0.333333333333333,0.4,0.411111111111111,0.5,0.285714285714286,0.571428571428571,0.452380952380952,0,0,0,0,95.8333333333333,28.7830687830688,1,0,0,0,"Metro","Epic",1,1.3992708
"6410780",2025,1,1,1,1,1,1,1,1,1,1,1,1,1,0.5,1,0.5,0.875,0.5,0.333333333333333,0.4,0.411111111111111,0.5,0.285714285714286,0.571428571428571,0.452380952380952,0,0,0,0,95.8333333333333,28.7830687830688,0,1,0,0,"Metro","Epic",1,1.5128278
"6410805",2025,1,1,1,1,1,1,1,1,1,1,1,1,1,1,1,1,1,0,0,0,0,0.833333333333333,1,1,0.944444444444445,0,0,0,0,100,31.4814814814815,0,1,0,0,"Metro","Epic",1,1.3739656
"6410920",2025,1,1,1,1,1,1,1,1,1,1,1,1,1,1,1,1,1,0,0,0,0,0.833333333333333,1,1,0.944444444444445,0,0,0,0,100,31.4814814814815,1,0,0,0,"Metro","Epic",1,1.3727573
"6410922",2025,1,1,1,1,1,1,1,1,1,1,1,1,1,1,1,1,1,0,0,0,0,0.833333333333333,1,1,0.944444444444445,0,0,0,0,100,31.4814814814815,0,1,0,0,"Metro","Epic",1,1.5967883
"6410945",2025,1,1,1,1,1,1,1,1,1,1,1,1,1,0.5,1,0.5,0.875,0.5,0.333333333333333,0.4,0.411111111111111,0.5,0.285714285714286,0.571428571428571,0.452380952380952,0,0,0,0,95.8333333333333,28.7830687830688,1,0,0,0,"Metro","Epic",1,1.3992708
"6410947",2025,1,1,1,0,0.75,1,1,1,1,1,1,0,1,0,1,0,0.625,0,0.166666666666667,0.1,0.0888888888888889,0.5,0.142857142857143,0.142857142857143,0.261904761904762,0,0,0,0,79.1666666666667,11.6931216931217,0,0,1,0,"Micro","Epic",NA,2.3247845
"6411100",2025,1,1,1,1,1,1,1,1,1,1,1,1,0.5,0,0.5,1,0.75,0.333333333333333,0.166666666666667,0.2,0.233333333333333,0.833333333333333,0.571428571428571,0.714285714285714,0.706349206349206,0,0,0,0,91.6666666666667,31.3227513227513,1,0,0,0,"Metro","Epic",1,1.3640398
"6411120",2025,1,1,1,1,1,1,1,1,1,1,1,1,1,1,1,1,1,0,0,0,0,0.833333333333333,1,1,0.944444444444445,0,0,0,0,100,31.4814814814815,0,0,1,1,"Metro","Epic",1,1.7729143
"6411130",2025,0,0.5,0.5,0,0.25,0.5,0,0.25,0,0,0,0.5,0,0,0,0,0.0625,0.5,0.666666666666667,1,0.722222222222222,0,0,0,0,0,0,0,0,18.75,24.0740740740741,0,0,1,0,"Micro","Meditech",1,1.5494056
"6411160",2025,1,1,1,0,0.75,1,1,1,1,0.5,1,0.5,1,0,1,0,0.625,0.666666666666667,0.5,0.5,0.555555555555555,0.833333333333333,0.571428571428571,0.571428571428571,0.658730158730159,0,0,0,0,79.1666666666667,40.4761904761905,0,1,0,0,"Metro","Epic",NA,1.9233394
"6411173",2025,1,1,1,1,1,0.5,1,0.75,1,1,1,1,1,1,1,1,1,0.5,0.5,0.4,0.466666666666667,1,1,0.714285714285714,0.904761904761905,0,0,0,0,91.6666666666667,45.7142857142857,0,1,0,0,"Metro","Epic",1,1.5128278
"6411182",2025,1,1,1,1,1,0.5,1,0.75,1,1,1,1,1,1,1,1,1,0.5,0.5,0.4,0.466666666666667,1,1,0.714285714285714,0.904761904761905,0,0,0,0,91.6666666666667,45.7142857142857,0,1,0,0,"Metro","Epic",1,1.5128278
"6411250",2025,1,1,1,0.5,0.875,1,1,1,1,1,1,1,1,1,1,1,1,0.5,0.5,0.5,0.5,0.666666666666667,1,0.857142857142857,0.841269841269841,0,0,0,0,95.8333333333333,44.7089947089947,0,0,1,1,"Micro","Epic",1,1.7534126
"6411260",2025,1,1,1,1,1,1,1,1,1,1,1,1,1,0.5,1,0.5,0.875,0.5,0.333333333333333,0.4,0.411111111111111,0.5,0.285714285714286,0.571428571428571,0.452380952380952,0,0,0,0,95.8333333333333,28.7830687830688,0,1,0,0,"Micro","Epic",1,1.4998885
"6411280",2025,0,0.5,0.5,0,0.25,0.5,0,0.25,0,0,0,0.5,0,0,0,0,0.0625,0.5,0.666666666666667,1,0.722222222222222,0,0,0,0,0,0,0,0,18.75,24.0740740740741,0,1,0,0,"Micro","Meditech",1,1.4998885
"6411290",2025,1,1,1,1,1,1,1,1,1,1,1,1,1,1,1,1,1,0,0,0,0,0.833333333333333,1,1,0.944444444444445,0,0,0,0,100,31.4814814814815,0,1,0,0,"Metro","Epic",1,1.5128278
"6411350",2025,1,1,1,1,1,1,1,1,1,1,1,1,1,0,1,0,0.75,0.666666666666667,0.5,0.4,0.522222222222222,0.5,0.428571428571429,0.285714285714286,0.404761904761905,0,0,1,0.333333333333333,91.6666666666667,42.010582010582,0,0,1,1,"Micro","Epic",1,1.7534126
"6411370",2025,1,1,1,0,0.75,1,0.5,0.75,1,1,1,1,0.5,0.5,0,0,0.625,0.5,0.333333333333333,0.8,0.544444444444444,0.5,0.428571428571429,0.428571428571429,0.452380952380952,1,0,1,0.666666666666667,70.8333333333333,55.4497354497354,0,1,0,0,"Micro","Altera Digital Health",1,1.4998885
"6411375",2025,1,1,1,1,1,1,1,1,1,1,1,1,1,0.5,1,0.5,0.875,0.5,0.333333333333333,0.4,0.411111111111111,0.5,0.285714285714286,0.571428571428571,0.452380952380952,0,0,0,0,95.8333333333333,28.7830687830688,0,1,0,0,"Metro","Epic",1,1.5128278
"6411376",2025,1,1,1,1,1,1,1,1,1,1,1,1,1,1,1,1,1,0,0,0,0,0.833333333333333,1,1,0.944444444444445,0,0,0,0,100,31.4814814814815,0,0,1,1,"Metro","Epic",1,1.7729143
"6411405",2025,1,1,1,1,1,0.5,1,0.75,1,1,1,1,1,1,1,1,1,0.5,0.5,0.4,0.466666666666667,1,1,0.714285714285714,0.904761904761905,0,0,0,0,91.6666666666667,45.7142857142857,0,1,0,0,"Metro","Epic",1,1.5967883
"6411440",2025,1,1,0.5,0,0.625,0,0.5,0.25,0,0,0,0,0,0,0,0,0,0,0,0,0,0.166666666666667,0.285714285714286,0,0.150793650793651,0,0,0,0,29.1666666666667,5.02645502645503,0,0,1,1,"Rural","Epic",NA,2.1384044
"6411466",2025,1,1,1,1,1,0.5,1,0.75,1,1,1,1,1,1,1,1,1,0.5,0.5,0.4,0.466666666666667,1,1,0.714285714285714,0.904761904761905,0,0,0,0,91.6666666666667,45.7142857142857,1,0,0,0,"Metro","Epic",1,1.3727573
"6411540",2025,1,1,1,0,0.75,1,1,1,1,0.5,1,0.5,1,0.5,1,0,0.6875,0.333333333333333,0.5,0.3,0.377777777777778,0.333333333333333,0.142857142857143,0.428571428571429,0.301587301587302,0,0,0,0,81.25,22.6455026455026,0,1,0,0,"Metro","Meditech",NA,1.7835562
"6411570",2025,1,1,1,1,1,1,1,1,1,1,1,1,1,0.5,1,0.5,0.875,0.5,0.333333333333333,0.4,0.411111111111111,0.5,0.285714285714286,0.571428571428571,0.452380952380952,0,0,0,0,95.8333333333333,28.7830687830688,0,0,1,1,"Metro","Epic",1,1.7729143
"6411665",2025,0.5,1,0.5,0,0.5,0.5,0.5,0.5,1,0,1,0,1,0,0.5,0,0.4375,0.666666666666667,0.666666666666667,0.7,0.677777777777778,0,0.285714285714286,0,0.0952380952380952,0,0,1,0.333333333333333,47.9166666666667,36.8783068783069,0,0,1,0,"Metro","Epic",NA,2.359076
"6411700",2025,1,1,1,1,1,1,1,1,1,1,1,1,1,0.5,1,0.5,0.875,0.5,0.333333333333333,0.4,0.411111111111111,0.5,0.285714285714286,0.571428571428571,0.452380952380952,0,0,0,0,95.8333333333333,28.7830687830688,0,1,0,0,"Metro","Epic",1,1.5128278
"6411730",2025,1,1,1,1,1,1,0.5,0.75,1,1,1,0,1,0,0,0,0.5,0.333333333333333,0.5,0.4,0.411111111111111,0.333333333333333,0.285714285714286,0.285714285714286,0.301587301587302,1,1,0,0.666666666666667,75,45.978835978836,0,0,1,0,"Micro","Altera Digital Health",1,1.6474171
"6411780",2025,1,1,1,1,1,0.5,0.5,0.5,1,1,1,1,1,1,1,1,1,0.833333333333333,0.5,0.6,0.644444444444444,0.833333333333333,0.285714285714286,0.285714285714286,0.468253968253968,0,0,0,0,83.3333333333333,37.0899470899471,0,0,1,1,"Rural","Meditech",NA,2.1656654
"6411800",2025,1,1,1,1,1,1,1,1,1,1,1,1,1,1,1,1,1,0.333333333333333,0.333333333333333,0,0.222222222222222,0.666666666666667,0.857142857142857,0.285714285714286,0.603174603174603,0,0,0,0,100,27.5132275132275,0,1,0,0,"Metro","Epic",NA,2.0745089
"6411830",2025,1,1,1,1,1,1,1,1,1,1,1,0.5,1,0.5,1,0,0.75,1,0.666666666666667,0.6,0.755555555555556,0.5,0.571428571428571,0.428571428571429,0.5,1,0,1,0.666666666666667,91.6666666666667,64.0740740740741,0,1,0,0,"Micro","Cerner",NA,1.9000423
"6411855",2025,1,1,0.5,0.5,0.75,0.5,0.5,0.5,0.5,0.5,0.5,0,0.5,0.5,0.5,0.5,0.4375,0.5,0.666666666666667,0.5,0.555555555555555,0.166666666666667,0.142857142857143,0,0.103174603174603,0,0,0,0,56.25,21.957671957672,0,0,1,1,"Micro","Cerner",1,1.7534126
"6411858",2025,1,1,1,1,1,1,1,1,1,1,1,1,1,0.5,1,0,0.8125,0.333333333333333,0.333333333333333,0.2,0.288888888888889,0.666666666666667,0.571428571428571,0.714285714285714,0.650793650793651,0,1,1,0.666666666666667,93.75,53.5449735449736,0,0,1,0,"Metro","Epic",NA,2.3916214
"6411870",2025,1,1,1,1,1,1,1,1,1,1,1,1,1,1,1,1,1,0,0,0,0,0.833333333333333,1,1,0.944444444444445,0,0,0,0,100,31.4814814814815,0,1,0,0,"Metro","Epic",1,1.5967883
"6411905",2025,0.5,0.5,0.5,0,0.375,0.5,0.5,0.5,0.5,0,0.5,0,0,0,0,0,0.125,1,1,0.7,0.9,0,0,0,0,0,0,0,0,33.3333333333333,30,0,1,0,0,"Micro","Meditech",NA,1.6563313
"6411930",2025,1,1,1,1,1,1,1,1,1,1,1,1,1,1,1,1,1,0,0,0,0,0.833333333333333,1,1,0.944444444444445,0,0,0,0,100,31.4814814814815,0,0,1,0,"Metro","Epic",1,1.664175
"6411955",2025,1,1,1,0,0.75,1,0.5,0.75,0,0,0,0,0,0,0,0,0,1,0.833333333333333,0.2,0.677777777777778,0.166666666666667,0.142857142857143,0.142857142857143,0.150793650793651,0,0,0,0,50,27.6190476190476,0,0,1,0,"Micro","Altera Digital Health",NA,2.5692868
"6412225",2025,0,1,1,0.5,0.625,1,1,1,0,0,0,0,0,0,0,0,0,0.333333333333333,0.333333333333333,0.3,0.322222222222222,0,0.142857142857143,0.142857142857143,0.0952380952380952,0,0,1,0.333333333333333,54.1666666666667,25.026455026455,0,0,1,1,"Rural","Epic",NA,1.966063
"6412310",2025,1,1,1,1,1,1,0,0.5,1,1,1,1,1,1,1,1,1,0.833333333333333,0.833333333333333,0.4,0.688888888888889,0.5,0.285714285714286,0.714285714285714,0.5,1,0,1,0.666666666666667,83.3333333333333,61.8518518518519,0,1,0,1,"Metro","Meditech",NA,1.9233394
"6412395",2025,1,1,1,1,1,0.5,1,0.75,1,1,1,1,1,1,1,1,1,0.5,0.5,0.4,0.466666666666667,1,1,0.714285714285714,0.904761904761905,0,0,0,0,91.6666666666667,45.7142857142857,0,0,1,0,"Metro","Epic",1,1.7729143
"6419020",2025,1,1,1,1,1,1,1,1,1,1,1,1,1,1,1,1,1,0,0,0,0,0.833333333333333,1,1,0.944444444444445,0,0,0,0,100,31.4814814814815,0,1,0,0,"Metro","Epic",1,1.5128278
"6420008",2025,1,1,1,1,1,0.5,1,0.75,1,1,1,0.5,1,0,0,0,0.5625,0.5,0.333333333333333,0.6,0.477777777777778,0.5,0.714285714285714,0.571428571428571,0.595238095238095,0,0,0,0,77.0833333333333,35.7671957671958,0,1,0,0,"Metro","Epic",1,1.5128278
"6420020",2025,1,1,1,1,1,1,1,1,1,0.5,1,0.5,1,0.5,1,0.5,0.75,0.5,0.5,0.6,0.533333333333333,0.333333333333333,0.428571428571429,0.285714285714286,0.349206349206349,0,0,0,0,91.6666666666667,29.4179894179894,1,0,0,0,"Metro","Cerner",1,1.3727573
"6420023",2025,1,1,1,1,1,0.5,1,0.75,1,1,1,0.5,1,0,0,0,0.5625,0.5,0.333333333333333,0.6,0.477777777777778,0.5,0.714285714285714,0.571428571428571,0.595238095238095,0,0,0,0,77.0833333333333,35.7671957671958,0,1,0,0,"Metro","Epic",1,1.5128278
"6420031",2025,1,1,1,1,1,1,0.5,0.75,0.5,1,0.5,0,1,0.5,0.5,0.5,0.5625,0.5,0.5,0.3,0.433333333333333,0.666666666666667,0.428571428571429,0.714285714285714,0.603174603174603,0,0,0,0,77.0833333333333,34.5502645502646,0,0,1,0,"Metro","Cerner",1,2.0405424
"6420047",2025,1,1,1,1,1,1,1,1,1,0.5,1,0.5,1,0.5,1,0.5,0.75,0.5,0.5,0.6,0.533333333333333,0.333333333333333,0.428571428571429,0.285714285714286,0.349206349206349,0,0,0,0,91.6666666666667,29.4179894179894,0,1,0,0,"Metro","Cerner",1,1.5128278
"6420055",2025,1,1,1,1,1,1,0.5,0.75,0.5,0.5,0.5,0.5,0.5,0.5,0.5,0.5,0.5,0.5,0.333333333333333,0.1,0.311111111111111,0.333333333333333,0.428571428571429,0.142857142857143,0.301587301587302,0,0,0,0,75,20.4232804232804,0,0,1,1,"Micro","Epic",NA,2.356509
"6420059",2025,1,1,1,1,1,1,1,1,1,0.5,1,0.5,1,0.5,1,0.5,0.75,0.5,0.5,0.6,0.533333333333333,0.333333333333333,0.428571428571429,0.285714285714286,0.349206349206349,0,0,0,0,91.6666666666667,29.4179894179894,0,1,0,0,"Metro","Cerner",1,1.5128278
"6420068",2025,0,0.5,0.5,0,0.25,0.5,0,0.25,0,0,0,0.5,0,0,0,0,0.0625,0.5,0.666666666666667,1,0.722222222222222,0,0,0,0,0,0,0,0,18.75,24.0740740740741,0,0,1,0,"Metro","CPSI/Evident",1,2.0405424
"6420076",2025,1,1,1,1,1,1,1,1,1,0.5,1,0.5,1,0.5,1,0.5,0.75,0.5,0.5,0.6,0.533333333333333,0.333333333333333,0.428571428571429,0.285714285714286,0.349206349206349,0,0,0,0,91.6666666666667,29.4179894179894,0,1,0,0,"Metro","Cerner",1,1.3739656
"6420085",2025,1,1,1,1,1,1,1,1,1,1,1,1,0.5,0.5,0,0,0.625,0.5,0.5,0.1,0.366666666666667,0.5,0.571428571428571,0.428571428571429,0.5,0,0,0,0,87.5,28.8888888888889,0,0,1,0,"Micro","Epic",1,1.6474171
"6420100",2025,1,1,1,0.5,0.875,0.5,0.5,0.5,1,1,0.5,0.5,0,0,0,0,0.375,0.833333333333333,0.666666666666667,0.4,0.633333333333333,0.666666666666667,0.428571428571429,0.285714285714286,0.46031746031746,1,0,0,0.333333333333333,58.3333333333333,47.5661375661376,0,0,1,1,"Metro","Cerner",NA,2.3916214
"6420130",2025,1,1,1,1,1,1,1,1,1,0.5,1,0.5,1,0.5,1,0.5,0.75,0.5,0.5,0.6,0.533333333333333,0.333333333333333,0.428571428571429,0.285714285714286,0.349206349206349,0,0,0,0,91.6666666666667,29.4179894179894,0,1,0,0,"Metro","Cerner",1,1.3739656
"6420165",2025,1,1,1,0,0.75,1,1,1,1,1,1,0.5,1,0,1,0,0.6875,0.5,0.5,0.4,0.466666666666667,0.166666666666667,0.285714285714286,0.142857142857143,0.198412698412698,0,0,0,0,81.25,22.1693121693122,0,0,1,1,"Micro","Cerner",1,1.7534126
"6420190",2025,1,1,0.5,0,0.625,0.5,0.5,0.5,0.5,0.5,0,0,0,0,0,0,0.125,0.666666666666667,0.5,0.9,0.688888888888889,0.333333333333333,0.571428571428571,0,0.301587301587302,0,0,0,0,41.6666666666667,33.015873015873,0,0,1,1,"Metro","Cerner",NA,2.3916214
"6420197",2025,1,1,1,1,1,1,1,1,1,1,1,1,0.5,0.5,0,0,0.625,0.5,0.5,0.1,0.366666666666667,0.5,0.571428571428571,0.428571428571429,0.5,0,0,0,0,87.5,28.8888888888889,0,0,1,0,"Metro","Epic",1,1.7729143
"6420200",2025,1,1,1,0,0.75,0,0,0,1,0,1,0,1,0,1,0,0.5,0.333333333333333,0.333333333333333,0.2,0.288888888888889,0.666666666666667,0.714285714285714,0.571428571428571,0.650793650793651,0,0,0,0,41.6666666666667,31.3227513227513,0,1,0,0,"Metro","Epic",NA,2.0493796
"6420240",2025,0.5,0.5,0.5,1,0.625,1,1,1,1,1,1,1,0,0,0,0,0.5,0.166666666666667,0.5,0.1,0.255555555555556,0,0,0,0,0,0,0,0,70.8333333333333,8.51851851851852,0,1,0,1,"Micro","Epic",NA,2.0229025
"6420270",2025,1,1,1,0,0.75,1,1,1,1,1,1,0.5,1,0,1,0,0.6875,0.5,0.5,0.4,0.466666666666667,0.166666666666667,0.285714285714286,0.142857142857143,0.198412698412698,0,0,0,0,81.25,22.1693121693122,0,1,0,0,"Metro","Cerner",1,1.4351915
"6420320",2025,1,1,1,1,1,1,1,1,1,1,1,1,1,1,1,1,1,0.333333333333333,0.333333333333333,0.4,0.355555555555556,1,1,1,1,0,0,0,0,100,45.1851851851852,1,0,0,0,"Metro","Epic",1,1.3992708
"6420460",2025,1,1,1,1,1,1,1,1,1,0.5,1,0.5,1,0.5,1,0.5,0.75,0.5,0.5,0.6,0.533333333333333,0.333333333333333,0.428571428571429,0.285714285714286,0.349206349206349,0,0,0,0,91.6666666666667,29.4179894179894,0,0,1,1,"Micro","Cerner",1,1.6474171
"6420465",2025,1,1,1,0.5,0.875,1,1,1,1,1,1,0.5,1,0.5,1,0.5,0.8125,0.5,0.5,0.5,0.5,1,0.571428571428571,0.571428571428571,0.714285714285714,0,0,0,0,89.5833333333333,40.4761904761905,0,0,1,0,"Metro","Cerner",NA,2.1678712
"6420525",2025,1,1,1,0.5,0.875,1,1,1,1,1,1,1,1,0,1,0,0.75,0.333333333333333,0.333333333333333,0.2,0.288888888888889,0.166666666666667,0.285714285714286,0.285714285714286,0.246031746031746,0,0,0,0,87.5,17.8306878306878,0,0,1,0,"Metro","Meditech",NA,1.8516382
"6420590",2025,1,1,1,1,1,1,1,1,1,1,1,1,0.5,0.5,0,0,0.625,0.5,0.5,0.1,0.366666666666667,0.5,0.571428571428571,0.428571428571429,0.5,0,0,0,0,87.5,28.8888888888889,0,0,1,0,"Micro","Epic",1,1.6474171
"6420605",2025,1,1,1,1,1,0.5,1,0.75,1,1,1,0.5,1,0,0,0,0.5625,0.5,0.333333333333333,0.6,0.477777777777778,0.5,0.714285714285714,0.571428571428571,0.595238095238095,0,0,0,0,77.0833333333333,35.7671957671958,0,1,0,0,"Metro","Epic",1,1.5128278
"6420620",2025,1,1,1,1,1,1,1,1,1,1,1,1,0.5,0.5,0.5,0,0.6875,0.666666666666667,0.333333333333333,0.5,0.5,0.5,0.571428571428571,0.428571428571429,0.5,0,0,0,0,89.5833333333333,33.3333333333333,0,1,0,0,"Metro","Epic",NA,1.9017453
"6420728",2025,1,1,1,1,1,0.5,1,0.75,1,1,1,0.5,1,0,0,0,0.5625,0.5,0.333333333333333,0.6,0.477777777777778,0.5,0.714285714285714,0.571428571428571,0.595238095238095,0,0,0,0,77.0833333333333,35.7671957671958,0,1,0,0,"Metro","Epic",1,1.5128278
"6420750",2025,1,1,0.5,1,0.875,0.5,0.5,0.5,1,1,1,1,0,0,0,0,0.5,0.333333333333333,0.5,0.6,0.477777777777778,0.166666666666667,0.571428571428571,0,0.246031746031746,0,0,0,0,62.5,24.1269841269841,0,1,0,0,"Metro","Epic",1,1.5128278
"6420760",2025,1,1,1,1,1,1,1,1,1,1,1,1,0.5,0.5,0,0,0.625,0.5,0.5,0.1,0.366666666666667,0.5,0.571428571428571,0.428571428571429,0.5,0,0,0,0,87.5,28.8888888888889,0,0,1,0,"Micro","Epic",1,1.6474171
"6420775",2025,1,1,1,1,1,0.5,1,0.75,1,1,1,0.5,1,0,0,0,0.5625,0.5,0.333333333333333,0.6,0.477777777777778,0.5,0.714285714285714,0.571428571428571,0.595238095238095,0,0,0,0,77.0833333333333,35.7671957671958,0,1,0,0,"Metro","Epic",1,1.5967883
"6420830",2025,1,1,1,1,1,1,1,1,1,1,1,1,0.5,0.5,0,0,0.625,0.5,0.5,0.1,0.366666666666667,0.5,0.571428571428571,0.428571428571429,0.5,0,0,0,0,87.5,28.8888888888889,0,0,1,1,"Rural","Epic",1,1.5494056
"6420855",2025,1,1,1,1,1,1,0.5,0.75,1,1,1,1,0.5,0.5,0.5,0.5,0.75,0.333333333333333,0.5,0.4,0.411111111111111,0.333333333333333,0.857142857142857,0.714285714285714,0.634920634920635,0,0,0,0,83.3333333333333,34.8677248677249,0,0,1,0,"Metro","Epic",1,1.7729143
"6420870",2025,1,1,1,0,0.75,0,0,0,1,1,1,1,1,1,1,1,1,0.5,0.5,0.5,0.5,0.333333333333333,0.142857142857143,0.142857142857143,0.206349206349206,0,0,0,0,58.3333333333333,23.5449735449735,0,0,1,1,"Rural","CPSI/Evident",NA,2.3247845
"6421025",2025,1,1,1,1,1,1,1,1,1,0.5,1,0.5,1,0.5,1,0.5,0.75,0.5,0.5,0.6,0.533333333333333,0.333333333333333,0.428571428571429,0.285714285714286,0.349206349206349,0,0,0,0,91.6666666666667,29.4179894179894,0,0,1,1,"Micro","Cerner",1,1.6474171
"6421040",2025,1,1,1,1,1,1,1,1,1,0.5,1,0.5,1,0.5,1,0.5,0.75,0.5,0.5,0.6,0.533333333333333,0.333333333333333,0.428571428571429,0.285714285714286,0.349206349206349,0,0,0,0,91.6666666666667,29.4179894179894,0,1,0,0,"Metro","Cerner",1,1.3739656
"6421080",2025,1,1,1,1,1,1,1,1,1,1,1,1,0,0,0,0,0.5,0.5,0,0.2,0.233333333333333,0.333333333333333,0.428571428571429,0.428571428571429,0.396825396825397,0,0,0,0,83.3333333333333,21.005291005291,0,0,1,0,"Micro","Cerner",NA,2.3247845
"6421098",2025,1,1,1,0.5,0.875,1,1,1,1,0.5,1,0,1,0,1,0,0.5625,0.666666666666667,1,0.7,0.788888888888889,0.666666666666667,0.142857142857143,0.285714285714286,0.365079365079365,0,0,0,0,81.25,38.4656084656085,0,1,0,0,"Metro","Epic",NA,1.9017453
"6421108",2025,1,1,1,1,1,1,1,1,1,0.5,1,0.5,1,0.5,1,0.5,0.75,0.5,0.5,0.6,0.533333333333333,0.333333333333333,0.428571428571429,0.285714285714286,0.349206349206349,0,0,0,0,91.6666666666667,29.4179894179894,0,0,1,1,"Rural","Cerner",1,1.7534126
"6421160",2025,1,1,1,1,1,1,1,1,1,0.5,1,0.5,1,0.5,1,0.5,0.75,0.5,0.5,0.6,0.533333333333333,0.333333333333333,0.428571428571429,0.285714285714286,0.349206349206349,0,0,0,0,91.6666666666667,29.4179894179894,0,0,1,1,"Rural","Cerner",1,1.7534126
"6421170",2025,1,1,1,1,1,1,1,1,1,1,1,1,1,1,1,1,1,0.333333333333333,0.333333333333333,0.4,0.355555555555556,1,1,1,1,0,0,0,0,100,45.1851851851852,0,0,1,1,"Rural","Epic",1,1.7534126
"6421190",2025,1,1,1,0.5,0.875,1,1,1,1,1,1,1,1,1,1,0.5,0.9375,0,0,0,0,0.833333333333333,0.857142857142857,0.571428571428571,0.753968253968254,0,0,0,0,93.75,25.1322751322751,0,1,0,0,"Micro","Epic",NA,1.9000423
"6421255",2025,1,1,1,1,1,1,1,1,1,1,1,1,1,0.5,0.5,0.5,0.8125,0.833333333333333,0.666666666666667,0.3,0.6,0.333333333333333,0.285714285714286,0.285714285714286,0.301587301587302,0,0,0,0,93.75,30.05291005291,0,0,1,1,"Rural","Cerner",NA,2.3247845
"6421259",2025,1,1,0.5,1,0.875,0.5,0.5,0.5,1,1,1,1,0,0,0,0,0.5,0.333333333333333,0.5,0.6,0.477777777777778,0.166666666666667,0.571428571428571,0,0.246031746031746,0,0,0,0,62.5,24.1269841269841,0,0,1,1,"Rural","Epic",1,1.7534126
"6421260",2025,1,1,1,1,1,1,0.5,0.75,1,1,1,1,1,0.5,1,0.5,0.875,0.166666666666667,0.333333333333333,0.5,0.333333333333333,0.166666666666667,0.285714285714286,0.571428571428571,0.341269841269841,1,1,1,1,87.5,55.8201058201058,0,0,1,0,"Micro","Meditech",NA,2.3247845
"6421290",2025,1,1,1,0,0.75,1,1,1,1,1,1,0.5,1,0,1,0,0.6875,0.5,0.5,0.4,0.466666666666667,0.166666666666667,0.285714285714286,0.142857142857143,0.198412698412698,0,0,0,0,81.25,22.1693121693122,1,0,0,0,"Metro","Cerner",1,1.3992708
"6421310",2025,1,0.5,0.5,0.5,0.625,0.5,0,0.25,0,0,0,0,0,0,0,0,0,0.666666666666667,0.666666666666667,0.8,0.711111111111111,0.333333333333333,0,0,0.111111111111111,0,0,0,0,29.1666666666667,27.4074074074074,0,0,1,1,"Metro","Meditech",1,1.7548383
"6421325",2025,1,1,0,0,0.5,0,0,0,1,0,1,0,1,0,1,0,0.5,0.333333333333333,1,0.6,0.644444444444444,0.333333333333333,0.285714285714286,0,0.206349206349206,0,0,0,0,33.3333333333333,28.3597883597884,0,0,1,1,"Rural","MEDHOST",1,1.5365567
"6421360",2025,1,1,1,0.5,0.875,1,1,1,1,1,1,0.5,0,0.5,0.5,0.5,0.625,0.5,0.666666666666667,0.6,0.588888888888889,0.333333333333333,0.571428571428571,0.571428571428571,0.492063492063492,0,0,0,0,83.3333333333333,36.031746031746,0,1,0,0,"Metro","Meditech",1,1.8034313
"6421366",2025,1,1,0.5,0,0.625,0.5,0.5,0.5,0.5,0.5,0,0,0,0,0,0,0.125,0.666666666666667,0.5,0.9,0.688888888888889,0.333333333333333,0.571428571428571,0,0.301587301587302,0,0,0,0,41.6666666666667,33.015873015873,0,1,0,0,"Metro","Cerner",NA,1.6733199
"6421370",2025,1,1,1,1,1,1,1,1,1,0.5,1,0.5,1,0.5,1,0.5,0.75,0.5,0.5,0.6,0.533333333333333,0.333333333333333,0.428571428571429,0.285714285714286,0.349206349206349,0,0,0,0,91.6666666666667,29.4179894179894,0,0,1,1,"Metro","Cerner",1,1.7729143
"6421410",2025,1,1,1,0,0.75,1,0.5,0.75,0.5,0.5,1,0.5,0.5,0,0.5,0,0.4375,0.666666666666667,0.5,0.3,0.488888888888889,0.666666666666667,0.285714285714286,0.285714285714286,0.412698412698413,0,0,1,0.333333333333333,64.5833333333333,41.1640211640212,0,1,0,0,"Micro","Epic",NA,1.8789932
"6421430",2025,1,1,1,1,1,1,1,1,1,1,1,1,0.5,0.5,0,0,0.625,0.5,0.5,0.1,0.366666666666667,0.5,0.571428571428571,0.428571428571429,0.5,0,0,0,0,87.5,28.8888888888889,0,0,1,1,"Micro","Epic",1,1.7534126
"6421485",2025,1,0.5,0.5,0.5,0.625,0,0,0,0.5,0.5,0.5,0,0.5,0,0.5,0,0.3125,1,0.833333333333333,0.6,0.811111111111111,0.333333333333333,0,0,0.111111111111111,0,0,0,0,31.25,30.7407407407407,0,0,1,1,"Rural","CPSI/Evident",NA,2.3247845
"6424005",2025,1,1,1,1,1,1,1,1,1,0.5,1,0.5,1,0.5,1,0.5,0.75,0.5,0.5,0.6,0.533333333333333,0.333333333333333,0.428571428571429,0.285714285714286,0.349206349206349,0,0,0,0,91.6666666666667,29.4179894179894,0,0,1,1,"Micro","Cerner",1,1.7534126
"6429153",2025,1,1,1,1,1,1,1,1,1,1,1,1,0.5,0.5,0,0,0.625,0.5,0.5,0.1,0.366666666666667,0.5,0.571428571428571,0.428571428571429,0.5,0,0,0,0,87.5,28.8888888888889,1,0,0,0,"Metro","Epic",1,1.3992708
"6430001",2025,1,1,1,1,1,1,1,1,1,1,1,1,1,0.5,1,0.5,0.875,0.5,0.5,0.6,0.533333333333333,0.833333333333333,1,0.714285714285714,0.849206349206349,0,0,0,0,95.8333333333333,46.0846560846561,0,1,0,0,"Metro","Epic",1,1.5128278
"6430010",2025,1,1,1,1,1,1,1,1,1,1,0.5,0.5,0,0,0,0,0.375,0.5,0.333333333333333,0.2,0.344444444444444,0.5,0.428571428571429,0.571428571428571,0.5,1,0,0,0.333333333333333,79.1666666666667,39.2592592592593,0,1,0,0,"Metro","Epic",1,1.5128278
"6430016",2025,1,1,1,0,0.75,1,1,1,0,0.5,0,0,0,0,0,0,0.0625,0.333333333333333,0.5,0.4,0.411111111111111,0.5,0.285714285714286,0.142857142857143,0.30952380952381,0,0,0,0,60.4166666666667,24.021164021164,0,1,0,0,"Metro","Epic",1,1.5967883
"6430019",2025,1,1,1,1,1,1,1,1,0.5,1,0.5,1,0.5,0.5,0.5,0.5,0.625,0.666666666666667,0.666666666666667,0.2,0.511111111111111,0.333333333333333,0.428571428571429,0.428571428571429,0.396825396825397,0,0,0,0,87.5,30.2645502645503,1,0,0,0,"Metro","Epic",1,1.3992708
"6430021",2025,1,1,1,1,1,1,1,1,1,1,0.5,0.5,0,0,0.5,0.5,0.5,0.166666666666667,0.5,0.5,0.388888888888889,0.833333333333333,0.857142857142857,0.857142857142857,0.849206349206349,0,0,0,0,83.3333333333333,41.2698412698413,1,0,0,0,"Metro","Epic",1,1.3992708
"6430024",2025,1,1,1,1,1,1,1,1,1,1,1,1,1,0.5,1,0.5,0.875,0.5,0.5,0.1,0.366666666666667,0.5,0.571428571428571,0.571428571428571,0.547619047619048,0,0,0,0,95.8333333333333,30.4761904761905,0,1,0,0,"Metro","Epic",1,1.3491325
"6430030",2025,1,1,1,1,1,1,1,1,1,1,1,1,1,0.5,1,0.5,0.875,0.5,0.5,0.6,0.533333333333333,0.833333333333333,1,0.714285714285714,0.849206349206349,0,0,0,0,95.8333333333333,46.0846560846561,0,0,1,0,"Metro","Epic",1,1.7729143
"6430034",2025,1,1,1,1,1,1,1,1,1,1,1,1,1,1,1,1,1,0.166666666666667,0.166666666666667,0.5,0.277777777777778,0.5,0.571428571428571,0.571428571428571,0.547619047619048,0,0,0,0,100,27.5132275132275,0,1,0,0,"Metro","Epic",1,1.5967883
"6430070",2025,1,1,1,1,1,1,1,1,1,1,1,1,1,1,1,1,1,0.333333333333333,0.333333333333333,0.4,0.355555555555556,1,1,1,1,0,0,0,0,100,45.1851851851852,0,0,1,1,"Rural","Epic",NA,2.356509
"6430115",2025,0,0.5,0.5,0,0.25,0.5,0,0.25,0,0,0,0.5,0,0,0,0,0.0625,0.5,0.666666666666667,1,0.722222222222222,0,0,0,0,0,0,0,0,18.75,24.0740740740741,0,1,0,0,"Metro","Meditech",1,1.5967883
"6430160",2025,1,1,1,1,1,1,1,1,1,1,1,1,1,0.5,1,0.5,0.875,0.5,0.5,0.1,0.366666666666667,0.5,0.571428571428571,0.571428571428571,0.547619047619048,0,0,0,0,95.8333333333333,30.4761904761905,0,1,0,0,"Metro","Epic",1,1.3739656
"6430195",2025,1,1,1,1,1,1,1,1,1,1,0.5,0.5,0,0,0,0,0.375,0.5,0.333333333333333,0.2,0.344444444444444,0.5,0.428571428571429,0.571428571428571,0.5,1,0,0,0.333333333333333,79.1666666666667,39.2592592592593,0,1,0,0,"Metro","Epic",1,1.4351915
"6430200",2025,1,1,1,1,1,1,0.5,0.75,1,1,1,1,0.5,1,1,1,0.9375,0.333333333333333,0.166666666666667,0.3,0.266666666666667,0.5,1,0.571428571428571,0.69047619047619,0,0,0,0,89.5833333333333,31.9047619047619,0,1,0,0,"Metro","Epic",1,1.5128278
"6430228",2025,1,1,1,0.5,0.875,0,0,0,0,0,0,0,0,0,0,0,0,0.333333333333333,0.333333333333333,0.4,0.355555555555556,0.166666666666667,0.142857142857143,0.142857142857143,0.150793650793651,0,0,0,0,29.1666666666667,16.8783068783069,0,0,1,1,"Rural","MEDHOST",NA,2.3247845
"6430245",2025,1,1,1,1,1,1,1,1,1,0,1,0,1,0,1,0,0.5,0.666666666666667,0.333333333333333,0.2,0.4,0.833333333333333,0.714285714285714,0.571428571428571,0.706349206349206,0,0,0,0,83.3333333333333,36.8783068783069,0,1,0,0,"Metro","Epic",1,1.5128278
"6430260",2025,1,1,1,1,1,1,1,1,1,1,1,1,1,0.5,1,0.5,0.875,0.5,0.5,0.6,0.533333333333333,0.833333333333333,1,0.714285714285714,0.849206349206349,0,0,0,0,95.8333333333333,46.0846560846561,0,1,0,0,"Metro","Epic",1,1.5128278
"6430280",2025,1,1,1,1,1,1,0.5,0.75,1,1,1,1,0.5,1,1,1,0.9375,0.333333333333333,0.166666666666667,0.3,0.266666666666667,0.5,1,0.571428571428571,0.69047619047619,0,0,0,0,89.5833333333333,31.9047619047619,0,0,1,0,"Metro","Epic",1,1.7729143
"6430320",2025,1,1,1,0,0.75,0.5,0.5,0.5,1,1,1,1,1,1,1,1,1,0.333333333333333,0.5,0.6,0.477777777777778,0.333333333333333,0.142857142857143,0.285714285714286,0.253968253968254,0,0,0,0,75,24.3915343915344,0,0,1,0,"Micro","Meditech",NA,2.1656654
"6430350",2025,1,1,0,0,0.5,0,0.5,0.25,0.5,0,0.5,0,0.5,0,0.5,0,0.25,0.5,0.333333333333333,0.9,0.577777777777778,0.166666666666667,0.142857142857143,0,0.103174603174603,1,1,1,1,33.3333333333333,56.031746031746,0,0,1,1,"Rural","CPSI/Evident",NA,2.356509
"6430360",2025,1,1,1,1,1,0.5,0.5,0.5,1,0.5,0.5,0.5,0.5,0.5,0.5,0.5,0.5625,0.166666666666667,0.5,0.1,0.255555555555556,0.833333333333333,0.571428571428571,0.428571428571429,0.611111111111111,0,0,0,0,68.75,28.8888888888889,0,1,0,0,"Micro","Epic",1,1.5817305
"6430375",2025,1,1,1,0.5,0.875,0.5,0.5,0.5,1,1,1,1,0,0,1,0.5,0.6875,0.333333333333333,0.5,0.3,0.377777777777778,0.5,0.714285714285714,0.428571428571429,0.547619047619048,0,0,0,0,68.75,30.8465608465608,0,1,0,0,"Micro","Cerner",NA,2.0473976
"6430405",2025,1,1,1,1,1,1,1,1,1,1,1,1,1,0.5,1,0.5,0.875,0.5,0.5,0.1,0.366666666666667,0.5,0.571428571428571,0.571428571428571,0.547619047619048,0,0,0,0,95.8333333333333,30.4761904761905,1,0,0,0,"Metro","Epic",1,1.3727573
"6430545",2025,1,1,1,1,1,1,1,1,0.5,1,0.5,1,0.5,0.5,0.5,0.5,0.625,0.666666666666667,0.666666666666667,0.2,0.511111111111111,0.333333333333333,0.428571428571429,0.428571428571429,0.396825396825397,0,0,0,0,87.5,30.2645502645503,1,0,0,0,"Metro","Epic",1,1.3727573
"6430560",2025,1,1,1,1,1,1,1,1,1,1,1,1,0.5,0.5,0,0,0.625,0.333333333333333,0.666666666666667,0.6,0.533333333333333,0.333333333333333,0.571428571428571,0.428571428571429,0.444444444444444,0,0,0,0,87.5,32.5925925925926,0,1,0,0,"Metro","Epic",NA,1.6733199
"6430600",2025,1,1,1,1,1,1,1,1,1,1,1,1,1,0,1,1,0.875,0.833333333333333,0.666666666666667,0.5,0.666666666666667,0.833333333333333,0.714285714285714,0.571428571428571,0.706349206349206,0,0,0,0,95.8333333333333,45.7671957671958,0,1,0,0,"Metro","Cerner",1,1.3652198
"6430710",2025,1,1,1,0,0.75,0,0,0,0,0,0,0,1,1,1,1,0.5,0,0,0,0,0.333333333333333,0.428571428571429,0.428571428571429,0.396825396825397,0,0,0,0,41.6666666666667,13.2275132275132,0,1,0,0,"Metro","Meditech",NA,1.9233394
"6430830",2025,0,1,0,0.5,0.375,0,0,0,1,0,1,0,0,0,0,0,0.25,0,0,0,0,0,0.142857142857143,0,0.0476190476190476,0,0,0,0,20.8333333333333,1.58730158730159,0,1,0,0,"Metro","Meditech",NA,1.9233394
"6430870",2025,0,0,0,0,0,0,0,0,0,0,0,0,0,0,0,0,0,0,0,0,0,0,0,0,0,0,0,0,0,0,0,1,0,0,0,"Metro","Meditech",NA,1.985819
"6430965",2025,1,0.5,0.5,0.5,0.625,0.5,0,0.25,1,0.5,0.5,0,0.5,0,0.5,0,0.375,1,0.833333333333333,0.5,0.777777777777778,0.166666666666667,0,0,0.0555555555555556,0,0,0,0,41.6666666666667,27.7777777777778,0,1,0,0,"Metro","Meditech",NA,1.9233394
"6430985",2025,1,1,1,0.5,0.875,1,1,1,1,0,1,0,1,0,1,0,0.5,0.333333333333333,0.166666666666667,0.4,0.3,0.333333333333333,0.714285714285714,0.285714285714286,0.444444444444444,0,0,0,0,79.1666666666667,24.8148148148148,1,0,0,0,"Metro","Epic",1,1.3727573
"6431000",2025,1,1,1,1,1,1,1,1,1,1,1,1,1,0,1,1,0.875,0.833333333333333,0.666666666666667,0.5,0.666666666666667,0.833333333333333,0.714285714285714,0.571428571428571,0.706349206349206,0,0,0,0,95.8333333333333,45.7671957671958,0,0,1,0,"Metro","Cerner",1,1.6486422
"6431020",2025,0,0.5,0.5,0,0.25,0.5,0,0.25,0,0,0,0.5,0,0,0,0,0.0625,0.5,0.666666666666667,1,0.722222222222222,0,0,0,0,0,0,0,0,18.75,24.0740740740741,0,1,0,0,"Metro","Epic",1,1.5128278
"6431030",2025,1,1,1,0,0.75,0,0,0,0.5,0,0,0,0,0,0,0,0.0625,1,1,0.4,0.8,0.166666666666667,0.428571428571429,0.285714285714286,0.293650793650794,0,0,0,0,27.0833333333333,36.4550264550264,0,1,0,0,"Metro","Meditech",NA,2.0745089
"6431060",2025,1,1,1,1,1,1,1,1,0.5,1,0.5,1,0.5,0.5,0.5,0.5,0.625,0.666666666666667,0.666666666666667,0.2,0.511111111111111,0.333333333333333,0.428571428571429,0.428571428571429,0.396825396825397,0,0,0,0,87.5,30.2645502645503,1,0,0,0,"Metro","Epic",1,1.3992708
"6431090",2025,0,0.5,0.5,0,0.25,0.5,0,0.25,0,0,0,0.5,0,0,0,0,0.0625,0.5,0.666666666666667,1,0.722222222222222,0,0,0,0,0,0,0,0,18.75,24.0740740740741,1,0,0,0,"Metro","Epic",1,1.5475293
"6431150",2025,1,1,1,1,1,1,1,1,1,1,1,1,1,0.5,1,0.5,0.875,0.5,0.5,0.1,0.366666666666667,0.5,0.571428571428571,0.571428571428571,0.547619047619048,0,0,0,0,95.8333333333333,30.4761904761905,0,1,0,0,"Metro","Epic",1,1.5967883
"6431160",2025,0,1,1,1,0.75,0,0,0,0,0,0.5,0,0.5,0,0,0,0.125,0.666666666666667,0.666666666666667,0.4,0.577777777777778,0,0.285714285714286,0.285714285714286,0.19047619047619,0,0,0,0,29.1666666666667,25.6084656084656,0,1,0,0,"Metro","Meditech",NA,2.0745089
"6431180",2025,1,1,1,1,1,1,1,1,1,1,0.5,0.5,0,0,0.5,0.5,0.5,0.166666666666667,0.5,0.5,0.388888888888889,0.833333333333333,0.857142857142857,0.857142857142857,0.849206349206349,0,0,0,0,83.3333333333333,41.2698412698413,0,1,0,0,"Metro","Epic",1,1.5128278
"6431210",2025,1,1,1,0.5,0.875,0.5,0.5,0.5,1,1,1,1,0.5,0.5,0.5,0.5,0.75,0.5,1,1,0.833333333333333,0.166666666666667,0.142857142857143,0.428571428571429,0.246031746031746,1,1,1,1,70.8333333333333,69.3121693121693,1,0,0,0,"Metro","Epic",1,1.3727573
"6431285",2025,1,1,1,1,1,1,1,1,1,1,1,1,1,0.5,1,0.5,0.875,0.5,0.5,0.6,0.533333333333333,0.833333333333333,1,0.714285714285714,0.849206349206349,0,0,0,0,95.8333333333333,46.0846560846561,0,1,0,0,"Micro","Epic",1,1.4998885
"6431390",2025,1,1,1,1,1,1,0.5,0.75,1,1,1,1,0.5,1,1,1,0.9375,0.333333333333333,0.166666666666667,0.3,0.266666666666667,0.5,1,0.571428571428571,0.69047619047619,0,0,0,0,89.5833333333333,31.9047619047619,0,0,1,0,"Metro","Epic",1,1.664175
"6431420",2025,1,1,1,1,1,1,1,1,0.5,1,0.5,1,0.5,0.5,0.5,0.5,0.625,0.666666666666667,0.666666666666667,0.2,0.511111111111111,0.333333333333333,0.428571428571429,0.428571428571429,0.396825396825397,0,0,0,0,87.5,30.2645502645503,0,1,0,0,"Metro","Epic",1,1.4351915
"6431460",2025,1,1,1,0.5,0.875,0.5,0.5,0.5,1,0.5,1,0.5,1,0.5,1,0.5,0.75,0.5,0.5,0.9,0.633333333333333,0.166666666666667,0.142857142857143,0.142857142857143,0.150793650793651,1,1,1,1,70.8333333333333,59.4708994708995,0,0,1,0,"Micro","Cerner",1,1.6474171
"6431475",2025,1,1,1,1,1,1,1,1,1,1,1,1,1,0.5,1,0.5,0.875,0.5,0.5,0.1,0.366666666666667,0.5,0.571428571428571,0.571428571428571,0.547619047619048,0,0,0,0,95.8333333333333,30.4761904761905,0,1,0,0,"Metro","Epic",1,1.3739656
"6431490",2025,0,1,0,0,0.25,0,0,0,0,0,0,0,0,0,0,0,0,0.666666666666667,0.666666666666667,0.7,0.677777777777778,0,0.142857142857143,0.142857142857143,0.0952380952380952,0,0,0,0,8.33333333333333,25.7671957671958,0,0,1,1,"Rural","Meditech",NA,2.356509
"6431560",2025,1,1,1,1,1,1,0.5,0.75,1,1,1,1,0.5,1,1,1,0.9375,0.333333333333333,0.166666666666667,0.3,0.266666666666667,0.5,1,0.571428571428571,0.69047619047619,0,0,0,0,89.5833333333333,31.9047619047619,0,1,0,0,"Micro","Epic",1,1.4998885
"6431600",2025,0,0.5,0.5,0,0.25,0.5,0,0.25,0,0,0,0.5,0,0,0,0,0.0625,0.5,0.666666666666667,1,0.722222222222222,0,0,0,0,0,0,0,0,18.75,24.0740740740741,0,1,0,0,"Metro","Meditech",1,1.5128278
"6431610",2025,1,1,1,1,1,1,1,1,1,1,1,1,1,0.5,1,0.5,0.875,0.5,0.5,0.1,0.366666666666667,0.5,0.571428571428571,0.571428571428571,0.547619047619048,0,0,0,0,95.8333333333333,30.4761904761905,0,1,0,0,"Metro","Epic",1,1.5128278
"6431620",2025,1,1,1,1,1,1,1,1,1,1,0.5,0.5,0,0,0.5,0.5,0.5,0.166666666666667,0.5,0.5,0.388888888888889,0.833333333333333,0.857142857142857,0.857142857142857,0.849206349206349,0,0,0,0,83.3333333333333,41.2698412698413,0,1,0,0,"Metro","Epic",1,1.5128278
"6431623",2025,1,1,1,1,1,1,1,1,1,0,1,0,1,0,1,0,0.5,0.666666666666667,0.333333333333333,0.2,0.4,0.833333333333333,0.714285714285714,0.571428571428571,0.706349206349206,0,0,0,0,83.3333333333333,36.8783068783069,0,0,1,1,"Metro","Epic",1,1.7729143
"6431670",2025,0,0.5,0.5,0,0.25,0.5,0,0.25,0,0,0,0.5,0,0,0,0,0.0625,0.5,0.666666666666667,1,0.722222222222222,0,0,0,0,0,0,0,0,18.75,24.0740740740741,0,1,0,0,"Metro","Epic",1,1.5128278
"6431690",2025,1,1,1,1,1,1,1,1,1,1,1,1,1,0.5,1,0.5,0.875,0.5,0.5,0.6,0.533333333333333,0.833333333333333,1,0.714285714285714,0.849206349206349,0,0,0,0,95.8333333333333,46.0846560846561,0,1,0,0,"Metro","Epic",1,1.5128278
"6431705",2025,1,0.5,0.5,0.5,0.625,0,0,0,0,0,0,0,0,0,0,0,0,0.666666666666667,0.333333333333333,0.3,0.433333333333333,0.166666666666667,0,0,0.0555555555555556,0,0,0,0,20.8333333333333,16.2962962962963,0,0,1,1,"Rural","MEDHOST",NA,2.356509
"6431710",2025,1,1,1,1,1,0.5,0.5,0.5,1,0.5,0.5,0.5,0.5,0.5,0.5,0.5,0.5625,0.166666666666667,0.5,0.1,0.255555555555556,0.833333333333333,0.571428571428571,0.428571428571429,0.611111111111111,0,0,0,0,68.75,28.8888888888889,0,0,1,1,"Rural","Epic",1,1.7357928
"6431720",2025,0,1,1,1,0.75,0.5,0.5,0.5,0.5,0.5,0.5,0.5,0,0.5,0,0,0.3125,0.666666666666667,0.5,0.4,0.522222222222222,0.166666666666667,0.142857142857143,0.285714285714286,0.198412698412698,0,0,0,0,52.0833333333333,24.021164021164,0,1,0,0,"Micro","Meditech",NA,2.0473976
"6431750",2025,1,1,1,1,1,1,1,1,1,1,1,1,1,0.5,1,0.5,0.875,0.5,0.5,0.6,0.533333333333333,0.833333333333333,1,0.714285714285714,0.849206349206349,0,0,0,0,95.8333333333333,46.0846560846561,0,0,1,0,"Micro","Epic",1,1.7534126
"6431765",2025,1,1,1,1,1,1,1,1,0.5,1,0.5,1,0.5,0.5,0.5,0.5,0.625,0.666666666666667,0.666666666666667,0.2,0.511111111111111,0.333333333333333,0.428571428571429,0.428571428571429,0.396825396825397,0,0,0,0,87.5,30.2645502645503,0,1,0,0,"Metro","Epic",1,1.3739656
"6431782",2025,0.5,0,0,0,0.125,1,0.5,0.75,1,0.5,1,0.5,1,0.5,1,0.5,0.75,0.333333333333333,0,0.2,0.177777777777778,0.333333333333333,0,0.285714285714286,0.206349206349206,0,0,0,0,54.1666666666667,12.8042328042328,0,0,1,1,"Metro","CPSI/Evident",1,1.664175
"6431790",2025,1,1,1,1,1,1,1,1,1,1,1,1,1,1,1,1,1,0.166666666666667,0.166666666666667,0.5,0.277777777777778,0.5,0.571428571428571,0.571428571428571,0.547619047619048,0,0,0,0,100,27.5132275132275,0,1,0,0,"Metro","Epic",1,1.5967883
"6431825",2025,1,1,1,1,1,1,0.5,0.75,1,1,1,1,0.5,1,1,1,0.9375,0.333333333333333,0.166666666666667,0.3,0.266666666666667,0.5,1,0.571428571428571,0.69047619047619,0,0,0,0,89.5833333333333,31.9047619047619,0,0,1,0,"Metro","Epic",1,1.7729143
"6431860",2025,0,0,0,0,0,0.5,0,0.25,0,0,0,0,0,0,0,0,0,0.5,1,0.6,0.7,0,0,0,0,0,0,0,0,8.33333333333333,23.3333333333333,0,1,0,0,"Metro","Epic",1,1.5128278
"6431862",2025,0.5,1,0.5,0.5,0.625,0,0,0,1,0,0,0,0,0,0.5,0,0.1875,0.5,0.5,0.2,0.4,0,0.142857142857143,0,0.0476190476190476,0,1,0,0.333333333333333,27.0833333333333,26.031746031746,0,0,1,1,"Rural","CPSI/Evident",NA,2.3247845
"6431865",2025,1,1,1,1,1,1,1,1,1,1,1,1,1,0.5,1,0.5,0.875,0.5,0.5,0.1,0.366666666666667,0.5,0.571428571428571,0.571428571428571,0.547619047619048,0,0,0,0,95.8333333333333,30.4761904761905,0,1,0,0,"Metro","Epic",1,1.5967883
"6431880",2025,1,1,1,1,1,1,0.5,0.75,1,1,1,1,0.5,1,0,1,0.8125,0.333333333333333,0.166666666666667,0.3,0.266666666666667,0.5,1,0.571428571428571,0.69047619047619,0,0,0,0,85.4166666666667,31.9047619047619,0,0,1,1,"Metro","Epic",1,1.7729143
"6431920",2025,1,1,1,1,1,1,1,1,1,1,1,1,1,1,1,1,1,0.166666666666667,0.166666666666667,0.5,0.277777777777778,0.5,0.571428571428571,0.571428571428571,0.547619047619048,0,0,0,0,100,27.5132275132275,0,1,0,0,"Metro","Epic",1,1.5128278
"6431927",2025,1,1,1,1,1,1,1,1,1,0,1,0,1,0,1,0,0.5,0.666666666666667,0.333333333333333,0.2,0.4,0.833333333333333,0.714285714285714,0.571428571428571,0.706349206349206,0,0,0,0,83.3333333333333,36.8783068783069,0,0,1,1,"Micro","Epic",1,1.6474171
"6431975",2025,0.5,1,0.5,1,0.75,0.5,0.5,0.5,1,0.5,1,0.5,0,0,0.5,0,0.4375,1,0.833333333333333,0.9,0.911111111111111,0,0.285714285714286,0,0.0952380952380952,1,0,1,0.666666666666667,56.25,55.7671957671958,0,0,1,0,"Metro","Cerner",NA,2.359076
"6431990",2025,0,0.5,0.5,0,0.25,0.5,0,0.25,0,0,0,0.5,0,0,0,0,0.0625,0.5,0.666666666666667,1,0.722222222222222,0,0,0,0,0,0,0,0,18.75,24.0740740740741,1,0,0,0,"Metro","Epic",1,1.5475293
"6432000",2025,1,1,0.5,0.5,0.75,1,0.5,0.75,0.5,0.5,1,1,0,0,0,0,0.375,0.333333333333333,0.833333333333333,0.8,0.655555555555556,0.333333333333333,0.714285714285714,0,0.349206349206349,0,1,1,0.666666666666667,62.5,55.7142857142857,0,1,0,0,"Metro","Cerner",NA,1.9233394
"6432025",2025,1,1,1,1,1,1,1,1,1,1,1,1,0.5,0.5,0.5,0.5,0.75,0.666666666666667,0.166666666666667,0,0.277777777777778,0.5,0.571428571428571,0.428571428571429,0.5,0,0,0,0,91.6666666666667,25.9259259259259,0,1,0,0,"Metro","Epic",NA,1.6733199
"6432030",2025,0,0.5,0.5,0,0.25,0.5,0,0.25,0,0,0,0.5,0,0,0,0,0.0625,0.5,0.666666666666667,1,0.722222222222222,0,0,0,0,0,0,0,0,18.75,24.0740740740741,0,1,0,0,"Metro","Meditech",1,1.5128278
"6432040",2025,1,1,1,1,1,1,1,1,1,1,1,1,1,0.5,1,0.5,0.875,0.5,0.5,0.6,0.533333333333333,0.833333333333333,1,0.714285714285714,0.849206349206349,0,0,0,0,95.8333333333333,46.0846560846561,0,0,1,1,"Metro","Epic",1,1.7729143
"6432055",2025,1,1,1,1,1,1,1,1,1,1,1,1,1,1,1,1,1,0.166666666666667,0.166666666666667,0.5,0.277777777777778,0.5,0.571428571428571,0.571428571428571,0.547619047619048,0,0,0,0,100,27.5132275132275,0,1,0,0,"Metro","Epic",1,1.5128278
"6432060",2025,1,1,1,1,1,1,1,1,0.5,1,0.5,1,0.5,0.5,0.5,0.5,0.625,0.666666666666667,0.666666666666667,0.2,0.511111111111111,0.333333333333333,0.428571428571429,0.428571428571429,0.396825396825397,0,0,0,0,87.5,30.2645502645503,0,1,0,0,"Metro","Epic",1,1.3739656
"6432075",2025,0,0.5,0.5,1,0.5,0,0,0,0.5,0,0.5,0,0,0,0,0,0.125,0.833333333333333,0.833333333333333,0.9,0.855555555555556,0.166666666666667,0,0,0.0555555555555556,0,0,0,0,20.8333333333333,30.3703703703704,0,0,1,1,"Rural","CPSI/Evident",NA,2.356509
"6432080",2025,1,1,1,1,1,1,1,1,1,1,1,1,1,0.5,1,0.5,0.875,0.5,0.5,0.1,0.366666666666667,0.5,0.571428571428571,0.571428571428571,0.547619047619048,0,0,0,0,95.8333333333333,30.4761904761905,0,1,0,0,"Metro","Epic",1,1.5967883
"6432090",2025,0.5,1,1,0.5,0.75,0.5,1,0.75,1,1,1,1,0.5,1,0,0,0.6875,0.5,0.666666666666667,0.4,0.522222222222222,0.333333333333333,0.285714285714286,0.428571428571429,0.349206349206349,0,0,0,0,72.9166666666667,29.0476190476191,0,0,1,1,"Micro","CPSI/Evident",1,1.6474171
"6432120",2025,1,1,1,1,1,1,0.5,0.75,1,1,1,1,0.5,1,1,1,0.9375,0.333333333333333,0.166666666666667,0.3,0.266666666666667,0.5,1,0.571428571428571,0.69047619047619,0,0,0,0,89.5833333333333,31.9047619047619,0,0,1,1,"Rural","Epic",1,1.7534126
"6432127",2025,1,1,1,1,1,1,1,1,0.5,1,0.5,1,0.5,0.5,0.5,0.5,0.625,0.666666666666667,0.666666666666667,0.2,0.511111111111111,0.333333333333333,0.428571428571429,0.428571428571429,0.396825396825397,0,0,0,0,87.5,30.2645502645503,0,1,0,0,"Metro","Epic",1,1.3739656
"6432165",2025,1,1,1,1,1,1,1,1,1,1,1,1,1,1,1,1,1,0.333333333333333,0.333333333333333,0.4,0.355555555555556,1,1,1,1,0,0,0,0,100,45.1851851851852,0,0,1,0,"Micro","Epic",NA,1.989197
"6432180",2025,0,0,0,0,0,0.5,0,0.25,1,0,0,0,0,0,0,0,0.125,0.5,0.166666666666667,0.5,0.388888888888889,0,0,0,0,0,0,0,0,12.5,12.962962962963,0,1,0,0,"Metro","Meditech",1,1.5967883
"6432225",2025,1,1,1,1,1,1,1,1,1,1,1,1,1,0.5,1,0.5,0.875,0.5,0.5,0.6,0.533333333333333,0.833333333333333,1,0.714285714285714,0.849206349206349,0,0,0,0,95.8333333333333,46.0846560846561,0,0,1,1,"Micro","Epic",1,1.7534126
"6432230",2025,0,1,1,0,0.5,1,1,1,1,1,1,1,0,0,0,0,0.5,0.666666666666667,0.333333333333333,0.4,0.466666666666667,0.166666666666667,0.142857142857143,0.285714285714286,0.198412698412698,0,0,0,0,66.6666666666667,22.1693121693122,0,0,1,1,"Metro","Meditech",NA,2.359076
"6432270",2025,1,1,1,1,1,1,1,1,1,1,1,1,1,0.5,1,0.5,0.875,0.5,0.5,0.6,0.533333333333333,0.833333333333333,1,0.714285714285714,0.849206349206349,0,0,0,0,95.8333333333333,46.0846560846561,0,0,1,1,"Rural","Epic",1,1.7534126
"6432320",2025,1,1,1,1,1,0.5,0.5,0.5,1,0.5,0.5,0.5,0.5,0.5,0.5,0.5,0.5625,0.166666666666667,0.5,0.1,0.255555555555556,0.833333333333333,0.571428571428571,0.428571428571429,0.611111111111111,0,0,0,0,68.75,28.8888888888889,0,1,0,0,"Micro","Epic",1,1.4998885
"6432335",2025,1,1,1,1,1,1,1,1,1,1,1,1,1,1,1,1,1,0.333333333333333,0.333333333333333,0.4,0.355555555555556,1,1,1,1,0,0,0,0,100,45.1851851851852,0,0,1,0,"Micro","Epic",NA,2.356509
"6432350",2025,1,1,1,1,1,1,1,1,1,1,0.5,0.5,0,0,0.5,0.5,0.5,0.166666666666667,0.5,0.5,0.388888888888889,0.833333333333333,0.857142857142857,0.857142857142857,0.849206349206349,0,0,0,0,83.3333333333333,41.2698412698413,0,1,0,0,"Metro","Epic",1,1.4351915
"6432355",2025,1,1,1,1,1,0.5,0.5,0.5,1,0.5,0.5,0.5,0.5,0.5,0.5,0.5,0.5625,0.166666666666667,0.5,0.1,0.255555555555556,0.833333333333333,0.571428571428571,0.428571428571429,0.611111111111111,0,0,0,0,68.75,28.8888888888889,0,0,1,1,"Rural","Epic",1,1.7357928
"6432413",2025,1,1,1,1,1,1,1,1,1,1,1,1,1,0.5,1,0.5,0.875,0.5,0.5,0.1,0.366666666666667,0.5,0.571428571428571,0.571428571428571,0.547619047619048,0,0,0,0,95.8333333333333,30.4761904761905,1,0,0,0,"Metro","Epic",1,1.3727573
"6432445",2025,1,1,1,1,1,1,1,1,1,0,1,0,1,0,1,0,0.5,0.666666666666667,0.333333333333333,0.2,0.4,0.833333333333333,0.714285714285714,0.571428571428571,0.706349206349206,0,0,0,0,83.3333333333333,36.8783068783069,0,0,1,1,"Rural","Epic",1,1.7534126
"6432480",2025,1,1,1,1,1,1,1,1,1,1,1,1,1,0.5,1,0.5,0.875,0.5,0.5,0.6,0.533333333333333,0.833333333333333,1,0.714285714285714,0.849206349206349,0,0,0,0,95.8333333333333,46.0846560846561,0,1,0,0,"Micro","Epic",1,1.5817305
"6432485",2025,1,1,1,1,1,1,1,1,1,1,0.5,0.5,0,0,0.5,0.5,0.5,0.166666666666667,0.5,0.5,0.388888888888889,0.833333333333333,0.857142857142857,0.857142857142857,0.849206349206349,0,0,0,0,83.3333333333333,41.2698412698413,1,0,0,0,"Metro","Epic",1,1.4646397
"6432530",2025,1,1,1,1,1,1,1,1,1,0,1,0,1,0,1,0,0.5,0.666666666666667,0.333333333333333,0.2,0.4,0.833333333333333,0.714285714285714,0.571428571428571,0.706349206349206,0,0,0,0,83.3333333333333,36.8783068783069,0,0,1,0,"Metro","Epic",1,1.7729143
"6432570",2025,1,1,1,1,1,1,1,1,1,0,1,0,1,0,1,0,0.5,0.666666666666667,0.333333333333333,0.2,0.4,0.833333333333333,0.714285714285714,0.571428571428571,0.706349206349206,0,0,0,0,83.3333333333333,36.8783068783069,0,1,0,0,"Metro","Epic",1,1.3739656
"6432615",2025,1,1,1,1,1,1,1,1,1,0,1,0,1,0,1,0,0.5,0.666666666666667,0.333333333333333,0.2,0.4,0.833333333333333,0.714285714285714,0.571428571428571,0.706349206349206,0,0,0,0,83.3333333333333,36.8783068783069,0,1,0,0,"Metro","Epic",1,1.5128278
"6432620",2025,1,1,1,1,1,1,1,1,1,1,1,1,1,0.5,1,0.5,0.875,0.5,0.5,0.6,0.533333333333333,0.833333333333333,1,0.714285714285714,0.849206349206349,0,0,0,0,95.8333333333333,46.0846560846561,1,0,0,0,"Metro","Epic",1,1.3727573
"6432670",2025,1,1,1,1,1,1,1,1,1,1,1,1,1,0.5,1,0.5,0.875,0.5,0.5,0.6,0.533333333333333,0.833333333333333,1,0.714285714285714,0.849206349206349,0,0,0,0,95.8333333333333,46.0846560846561,0,0,1,0,"Micro","Epic",1,1.7534126
"6432680",2025,1,1,1,1,1,1,1,1,1,1,1,1,1,0.5,1,0.5,0.875,0.5,0.5,0.6,0.533333333333333,0.833333333333333,1,0.714285714285714,0.849206349206349,0,0,0,0,95.8333333333333,46.0846560846561,0,0,1,1,"Micro","Epic",1,1.7534126
"6432739",2025,1,1,0.5,1,0.875,0.5,0.5,0.5,0,1,0.5,1,0,0.5,0,0.5,0.4375,0.833333333333333,0.666666666666667,0.3,0.6,1,0.285714285714286,0.142857142857143,0.476190476190476,0,1,1,0.666666666666667,60.4166666666667,58.0952380952381,0,0,1,1,"Rural","Cerner",1,1.7357928
"6432750",2025,0.5,0.5,1,0,0.5,0.5,0,0.25,1,0,0,0,0.5,0.5,0.5,0,0.3125,0.666666666666667,0.666666666666667,0.6,0.644444444444444,0,0,0.142857142857143,0.0476190476190476,1,1,0,0.666666666666667,35.4166666666667,45.2910052910053,0,0,1,1,"Micro","Epic",NA,2.356509
"6432800",2025,1,1,1,1,1,1,1,1,1,1,1,1,1,0.5,1,0.5,0.875,0.5,0.5,0.6,0.533333333333333,0.833333333333333,1,0.714285714285714,0.849206349206349,0,0,0,0,95.8333333333333,46.0846560846561,0,1,0,0,"Metro","Epic",1,1.5128278
"6432810",2025,1,1,1,1,1,1,1,1,1,1,1,0.5,1,0.5,1,0.5,0.8125,0.5,0.666666666666667,0.6,0.588888888888889,0.5,0.285714285714286,0.571428571428571,0.452380952380952,0,0,0,0,93.75,34.7089947089947,0,1,0,0,"Metro","Epic",1,1.3739656
"6432850",2025,0,0,0,0,0,0,0,0,1,1,1,1,1,1,1,1,1,0.5,0.5,0,0.333333333333333,0,0,0,0,0,0,0,0,33.3333333333333,11.1111111111111,0,0,1,1,"Rural","Epic",NA,2.356509
"6432910",2025,1,1,1,1,1,1,1,1,0.5,1,0.5,1,0.5,0.5,0.5,0.5,0.625,0.666666666666667,0.666666666666667,0.2,0.511111111111111,0.333333333333333,0.428571428571429,0.428571428571429,0.396825396825397,0,0,0,0,87.5,30.2645502645503,0,0,1,1,"Metro","Epic",1,1.7729143
"6432930",2025,1,1,1,1,1,1,0.5,0.75,1,1,1,1,0.5,1,1,1,0.9375,0.333333333333333,0.166666666666667,0.3,0.266666666666667,0.5,1,0.571428571428571,0.69047619047619,0,0,0,0,89.5833333333333,31.9047619047619,0,0,1,1,"Rural","Epic",1,1.7534126
"6432940",2025,0.5,0.5,0.5,0,0.375,0.5,0.5,0.5,0,0.5,0.5,0.5,0,0,0,0,0.1875,0.666666666666667,0.666666666666667,0.6,0.644444444444444,0,0,0,0,0,0,0,0,35.4166666666667,21.4814814814815,0,0,1,1,"Rural","CPSI/Evident",NA,2.3247845
"6432950",2025,0.5,1,1,1,0.875,0.5,0.5,0.5,1,1,1,1,0.5,0,0,0,0.5625,0.666666666666667,0.833333333333333,0.5,0.666666666666667,0.166666666666667,0.285714285714286,0.285714285714286,0.246031746031746,0,0,0,0,64.5833333333333,30.4232804232804,1,0,0,0,"Metro","Cerner",1,1.3727573
"6432980",2025,1,1,1,1,1,1,0.5,0.75,1,1,1,1,0.5,1,0,1,0.8125,0.333333333333333,0.166666666666667,0.3,0.266666666666667,0.5,1,0.571428571428571,0.69047619047619,0,0,0,0,85.4166666666667,31.9047619047619,1,0,0,0,"Metro","Epic",1,1.3992708
"6433005",2025,0.5,0.5,0,0,0.25,0.5,0.5,0.5,1,0,1,0,1,0,1,0,0.5,0,0.333333333333333,0.3,0.211111111111111,0,0,0,0,0,0,0,0,41.6666666666667,7.03703703703704,0,0,1,0,"Micro","Cerner",NA,2.3247845
"6433070",2025,1,1,1,1,1,1,1,1,1,0,1,0,1,0,1,0,0.5,0.666666666666667,0.333333333333333,0.2,0.4,0.833333333333333,0.714285714285714,0.571428571428571,0.706349206349206,0,0,0,0,83.3333333333333,36.8783068783069,1,0,0,0,"Metro","Epic",1,1.3727573
"6433130",2025,1,1,1,0.5,0.875,1,1,1,1,1,1,0,1,0,1,0,0.625,0.333333333333333,0,0.1,0.144444444444444,0.5,0.142857142857143,0.285714285714286,0.309523809523809,0,0,0,0,83.3333333333333,15.1322751322751,0,0,1,1,"Rural","Athenahealth",NA,2.1656654
"6433170",2025,1,1,1,1,1,0,0,0,1,0,1,0,0.5,0,0.5,0,0.375,0.166666666666667,0.166666666666667,0.2,0.177777777777778,1,1,0.142857142857143,0.714285714285714,0,0,0,0,45.8333333333333,29.7354497354497,0,1,0,0,"Metro","Cerner",1,1.6903987
"6440004",2025,1,1,1,1,1,1,1,1,1,1,0.5,1,0.5,1,1,1,0.875,0.333333333333333,0.5,0.4,0.411111111111111,0.833333333333333,0.857142857142857,0.571428571428571,0.753968253968254,0,0,0,0,95.8333333333333,38.8359788359788,0,0,1,0,"Metro","Epic",1,1.664175
"6440013",2025,1,1,0.5,1,0.875,1,0.5,0.75,1,0.5,1,0.5,1,0.5,1,0.5,0.75,0.333333333333333,0,0.4,0.244444444444444,0.166666666666667,0.571428571428571,0,0.246031746031746,0,0,0,0,79.1666666666667,16.3492063492063,1,0,0,0,"Metro","Cerner",1,1.3992708
"6440021",2025,1,1,1,1,1,1,1,1,1,1,0.5,1,0.5,1,1,1,0.875,0.333333333333333,0.5,0.4,0.411111111111111,0.833333333333333,0.857142857142857,0.571428571428571,0.753968253968254,0,0,0,0,95.8333333333333,38.8359788359788,1,0,0,0,"Metro","Epic",1,1.3727573
"6440026",2025,1,1,1,1,1,1,1,1,1,1,0.5,1,0.5,1,1,1,0.875,0.333333333333333,0.5,0.4,0.411111111111111,0.833333333333333,0.857142857142857,0.571428571428571,0.753968253968254,0,0,0,0,95.8333333333333,38.8359788359788,0,0,1,0,"Metro","Epic",1,1.664175
"6440027",2025,1,1,1,1,1,1,1,1,1,1,1,1,1,0.5,1,0.5,0.875,0.333333333333333,0.333333333333333,0.4,0.355555555555556,0.833333333333333,0.857142857142857,0.142857142857143,0.611111111111111,0,0,0,0,95.8333333333333,32.2222222222222,0,1,0,0,"Metro","Cerner",1,1.6903987
"6440040",2025,1,1,1,0.5,0.875,1,1,1,1,0.5,1,0.5,1,0.5,1,0.5,0.75,0.833333333333333,0.666666666666667,0.7,0.733333333333333,1,0.857142857142857,0.714285714285714,0.857142857142857,0,0,0,0,87.5,53.015873015873,0,0,1,0,"Micro","Epic",1,1.6474171
"6440080",2025,1,1,1,0.5,0.875,1,1,1,1,0.5,1,0.5,1,0.5,1,0.5,0.75,0.833333333333333,0.666666666666667,0.7,0.733333333333333,1,0.857142857142857,0.714285714285714,0.857142857142857,0,0,0,0,87.5,53.015873015873,0,0,1,0,"Micro","Epic",1,1.6474171
"6440120",2025,1,1,1,0.5,0.875,0.5,0.5,0.5,1,0,1,0.5,1,0,1,0,0.5625,0.166666666666667,0.666666666666667,0.6,0.477777777777778,0.5,0.714285714285714,0.285714285714286,0.5,0,0,0,0,64.5833333333333,32.5925925925926,0,0,1,1,"Rural","Cerner",1,1.7534126
"6440215",2025,1,1,1,1,1,1,1,1,1,1,0.5,1,0.5,1,1,1,0.875,0.333333333333333,0.5,0.4,0.411111111111111,0.833333333333333,0.857142857142857,0.571428571428571,0.753968253968254,0,0,0,0,95.8333333333333,38.8359788359788,1,0,0,0,"Metro","Epic",1,1.5475293
"6440240",2025,1,1,1,1,1,1,1,1,1,1,0.5,1,0.5,1,1,1,0.875,0.333333333333333,0.5,0.4,0.411111111111111,0.833333333333333,0.857142857142857,0.571428571428571,0.753968253968254,0,0,0,0,95.8333333333333,38.8359788359788,0,0,1,0,"Micro","Epic",1,1.6474171
"6440280",2025,1,1,1,0.5,0.875,0.5,0.5,0.5,1,0,1,0.5,1,0,1,0,0.5625,0.166666666666667,0.666666666666667,0.6,0.477777777777778,0.666666666666667,0.714285714285714,0.285714285714286,0.555555555555555,0,0,0,0,64.5833333333333,34.4444444444444,0,0,1,1,"Rural","Cerner",1,1.7534126
"6440332",2025,1,1,1,0.5,0.875,1,1,1,1,0.5,1,0.5,1,0.5,1,0.5,0.75,0.833333333333333,0.666666666666667,0.7,0.733333333333333,1,0.857142857142857,0.714285714285714,0.857142857142857,0,0,0,0,87.5,53.015873015873,0,0,1,0,"Rural","Epic",1,1.7534126
"6440405",2025,1,1,1,1,1,1,1,1,1,1,0.5,1,0.5,1,1,1,0.875,0.333333333333333,0.5,0.4,0.411111111111111,0.833333333333333,0.857142857142857,0.571428571428571,0.753968253968254,0,0,0,0,95.8333333333333,38.8359788359788,1,0,0,0,"Metro","Epic",1,1.3992708
"6440480",2025,1,1,1,1,1,1,1,1,1,1,1,1,1,0.5,1,0.5,0.875,0.333333333333333,0.333333333333333,0.4,0.355555555555556,0.833333333333333,0.857142857142857,0.142857142857143,0.611111111111111,0,0,0,0,95.8333333333333,32.2222222222222,0,1,0,0,"Metro","Cerner",1,1.5034544
"6440555",2025,1,1,1,1,1,1,1,1,1,1,1,1,1,0.5,1,0.5,0.875,0.333333333333333,0.333333333333333,0.4,0.355555555555556,0.833333333333333,0.857142857142857,0.142857142857143,0.611111111111111,0,0,0,0,95.8333333333333,32.2222222222222,0,1,0,0,"Metro","Cerner",1,1.6903987
"6440630",2025,1,1,1,1,1,1,1,1,1,1,1,1,1,0.5,1,0.5,0.875,0.333333333333333,0.333333333333333,0.4,0.355555555555556,0.833333333333333,0.857142857142857,0.142857142857143,0.611111111111111,0,0,0,0,95.8333333333333,32.2222222222222,1,0,0,0,"Metro","Cerner",1,1.737116
"6441000",2025,1,1,1,1,1,1,1,1,1,1,1,1,1,0.5,1,0.5,0.875,0.5,0.5,0.6,0.533333333333333,0.833333333333333,1,0.714285714285714,0.849206349206349,0,0,0,0,95.8333333333333,46.0846560846561,0,0,1,1,"Micro","Epic",1,1.7534126
"6441011",2025,1,1,1,1,1,1,1,1,1,1,0.5,1,0.5,1,1,1,0.875,0.333333333333333,0.5,0.4,0.411111111111111,0.833333333333333,0.857142857142857,0.571428571428571,0.753968253968254,0,0,0,0,95.8333333333333,38.8359788359788,0,1,0,0,"Metro","Epic",1,1.5128278
"6441030",2025,1,1,1,0.5,0.875,0.5,1,0.75,0.5,0.5,0.5,0.5,0,0,0,0,0.25,1,0.666666666666667,0.7,0.788888888888889,0.5,0.714285714285714,0.857142857142857,0.690476190476191,0,0,0,0,62.5,49.3121693121693,1,0,0,0,"Metro","Epic",NA,1.6554486
"6441080",2025,1,1,1,1,1,1,1,1,1,1,0.5,1,0.5,1,1,1,0.875,0.333333333333333,0.5,0.4,0.411111111111111,0.833333333333333,0.857142857142857,0.571428571428571,0.753968253968254,0,0,0,0,95.8333333333333,38.8359788359788,0,0,1,1,"Rural","Epic",1,1.6474171
"6441087",2025,0,0.5,0.5,0,0.25,0.5,0,0.25,0,0,0,0.5,0,0,0,0,0.0625,0.5,0.666666666666667,1,0.722222222222222,0,0,0,0,0,0,0,0,18.75,24.0740740740741,0,1,0,0,"Metro","Epic",1,1.6903987
"6441100",2025,1,1,1,0.5,0.875,1,1,1,1,0.5,1,0.5,1,0.5,1,0.5,0.75,0.833333333333333,0.666666666666667,0.7,0.733333333333333,1,0.857142857142857,0.714285714285714,0.857142857142857,0,0,0,0,87.5,53.015873015873,0,0,1,1,"Rural","Epic",1,1.7534126
"6441260",2025,1,1,1,1,1,1,1,1,1,1,0.5,1,0.5,1,1,1,0.875,0.333333333333333,0.5,0.4,0.411111111111111,0.833333333333333,0.857142857142857,0.571428571428571,0.753968253968254,0,0,0,0,95.8333333333333,38.8359788359788,0,1,0,0,"Metro","Epic",1,1.5128278
"6441290",2025,1,1,1,1,1,0.5,0.5,0.5,0.5,0.5,1,0.5,0,0,0,0,0.3125,0.833333333333333,0.5,0.4,0.577777777777778,0.166666666666667,0.428571428571429,0.285714285714286,0.293650793650794,0,1,0,0.333333333333333,60.4166666666667,40.1587301587302,0,0,1,0,"Micro","Meditech",1,2.0142882
"6441295",2025,0,0,0,0,0,0,0,0,1,0.5,1,0.5,0,0,0,0,0.375,0.333333333333333,0,0.6,0.311111111111111,0,0,0,0,0,0,0,0,12.5,10.3703703703704,0,0,1,1,"Rural","CPSI/Evident",NA,2.356509
"6441320",2025,1,1,1,1,1,1,1,1,1,1,0.5,1,0.5,1,1,1,0.875,0.333333333333333,0.5,0.4,0.411111111111111,0.833333333333333,0.857142857142857,0.571428571428571,0.753968253968254,0,0,0,0,95.8333333333333,38.8359788359788,0,0,1,1,"Metro","Epic",1,1.664175
"6441350",2025,1,1,1,0,0.75,0.5,0.5,0.5,1,0.5,1,0.5,1,0.5,1,0.5,0.75,0.5,0.666666666666667,0.8,0.655555555555556,0.333333333333333,0.571428571428571,0.142857142857143,0.349206349206349,0,0,0,0,66.6666666666667,33.4920634920635,0,0,1,0,"Micro","CPSI/Evident",NA,2.356509
"6441440",2025,1,1,0.5,1,0.875,1,1,1,1,1,1,1,1,0.5,1,0,0.8125,0,0.166666666666667,0.2,0.122222222222222,0.5,0.428571428571429,0,0.30952380952381,0,0,0,0,89.5833333333333,14.3915343915344,0,0,1,0,"Micro","Cerner",1,1.7534126
"6441470",2025,1,1,1,1,1,0.5,0.5,0.5,0.5,0.5,1,0.5,0,0,0,0,0.3125,0.833333333333333,0.5,0.4,0.577777777777778,0.166666666666667,0.428571428571429,0.285714285714286,0.293650793650794,0,1,0,0.333333333333333,60.4166666666667,40.1587301587302,0,0,1,1,"Micro","Meditech",1,1.7396419
"6441585",2025,1,1,1,0,0.75,0.5,0,0.25,1,1,0,0,0,0,0,0,0.25,0.5,0.5,0.3,0.433333333333333,0.333333333333333,0.285714285714286,0.285714285714286,0.301587301587302,0,0,0,0,41.6666666666667,24.4973544973545,0,0,1,1,"Rural","CPSI/Evident",NA,2.3247845
"6441670",2025,1,1,1,1,1,1,1,1,1,1,0.5,1,0.5,1,1,1,0.875,0.333333333333333,0.5,0.4,0.411111111111111,0.833333333333333,0.857142857142857,0.571428571428571,0.753968253968254,0,0,0,0,95.8333333333333,38.8359788359788,0,0,1,0,"Micro","Epic",1,1.7534126
"6441685",2025,1,1,0.5,0,0.625,0.5,0.5,0.5,0.5,0.5,0.5,0.5,0.5,0.5,0.5,0.5,0.5,0,0,0.3,0.1,0.5,0.142857142857143,0,0.214285714285714,0,0,0,0,54.1666666666667,10.4761904761905,0,0,1,1,"Rural","Cerner",NA,2.356509
"6441720",2025,1,1,1,1,1,0.5,0.5,0.5,0.5,0.5,1,0.5,0,0,0,0,0.3125,0.833333333333333,0.5,0.4,0.577777777777778,0.166666666666667,0.428571428571429,0.285714285714286,0.293650793650794,0,1,0,0.333333333333333,60.4166666666667,40.1587301587302,0,1,0,0,"Micro","Cerner",1,1.672979
"6441785",2025,1,1,1,0.5,0.875,1,1,1,1,0.5,1,0.5,1,0.5,1,0.5,0.75,0.833333333333333,0.666666666666667,0.7,0.733333333333333,1,0.857142857142857,0.714285714285714,0.857142857142857,0,0,0,0,87.5,53.015873015873,0,1,0,0,"Metro","Epic",1,1.3739656
"6441870",2025,0.5,0.5,0.5,0.5,0.5,0,0,0,0,0,0,0,0,0,0,0,0,0.5,0.5,0.4,0.466666666666667,0,0,0,0,0,0,0,0,16.6666666666667,15.5555555555556,0,0,1,1,"Rural","Cerner",NA,2.356509
"6441990",2025,1,1,1,0.5,0.875,1,1,1,1,0.5,1,0.5,1,0.5,1,0.5,0.75,0.833333333333333,0.666666666666667,0.7,0.733333333333333,1,0.857142857142857,0.714285714285714,0.857142857142857,0,0,0,0,87.5,53.015873015873,0,0,1,1,"Rural","Epic",1,1.7534126
"6442060",2025,1,0,0,0,0.25,0,0,0,0,0,0,0,0,0,0,0,0,0,0,0,0,0.166666666666667,0,0,0.0555555555555556,0,0,0,0,8.33333333333333,1.85185185185185,0,0,1,1,"Rural","Epic",NA,2.356509
"6442155",2025,0,0.5,0.5,0,0.25,0.5,0,0.25,0,0,0,0.5,0,0,0,0,0.0625,0.5,0.666666666666667,1,0.722222222222222,0,0,0,0,0,0,0,0,18.75,24.0740740740741,0,0,1,0,"Metro","Epic",1,1.8941513
"6442180",2025,1,1,1,1,1,1,1,1,1,1,0.5,1,0.5,1,1,1,0.875,0.333333333333333,0.5,0.4,0.411111111111111,0.833333333333333,0.857142857142857,0.571428571428571,0.753968253968254,0,0,0,0,95.8333333333333,38.8359788359788,0,0,1,1,"Rural","Epic",1,1.7534126
"6442200",2025,1,1,1,1,1,1,1,1,1,1,1,1,1,0.5,1,0.5,0.875,0.333333333333333,0.333333333333333,0.4,0.355555555555556,0.833333333333333,0.857142857142857,0.142857142857143,0.611111111111111,0,0,0,0,95.8333333333333,32.2222222222222,0,1,0,0,"Metro","Cerner",1,1.6903987
"6442245",2025,1,1,1,1,1,1,1,1,1,1,0.5,1,0.5,1,1,1,0.875,0.333333333333333,0.5,0.4,0.411111111111111,0.833333333333333,0.857142857142857,0.571428571428571,0.753968253968254,0,0,0,0,95.8333333333333,38.8359788359788,1,0,0,0,"Metro","Epic",1,1.3992708
"6442290",2025,1,1,1,0.5,0.875,1,1,1,1,0.5,1,0.5,1,0.5,1,0.5,0.75,0.833333333333333,0.666666666666667,0.7,0.733333333333333,1,0.857142857142857,0.714285714285714,0.857142857142857,0,0,0,0,87.5,53.015873015873,0,1,0,0,"Metro","Epic",1,1.5128278
"6442327",2025,1,1,1,1,1,0.5,0,0.25,0.5,0,0.5,1,0.5,0,0.5,0,0.375,0.5,0.666666666666667,1,0.722222222222222,0.166666666666667,0.428571428571429,0.285714285714286,0.293650793650794,0,0,0,0,54.1666666666667,33.8624338624339,0,0,1,1,"Rural","CPSI/Evident",NA,2.356509
"6442330",2025,1,1,1,0.5,0.875,1,1,1,1,0.5,1,0.5,1,0.5,1,0.5,0.75,0.833333333333333,0.666666666666667,0.7,0.733333333333333,1,0.857142857142857,0.714285714285714,0.857142857142857,0,0,0,0,87.5,53.015873015873,0,0,1,0,"Micro","Epic",1,1.7534126
"6442395",2025,1,1,1,0.5,0.875,1,1,1,1,0.5,1,0.5,1,0.5,1,0.5,0.75,0.833333333333333,0.666666666666667,0.7,0.733333333333333,1,0.857142857142857,0.714285714285714,0.857142857142857,0,0,0,0,87.5,53.015873015873,0,0,1,0,"Rural","Epic",1,1.7534126
"6442410",2025,1,1,1,0,0.75,1,1,1,1,1,1,0.5,1,0,1,0,0.6875,0.5,0.5,0.4,0.466666666666667,0.166666666666667,0.285714285714286,0.142857142857143,0.198412698412698,0,0,0,0,81.25,22.1693121693122,0,0,1,0,"Micro","Cerner",1,1.7534126
"6442420",2025,1,1,1,1,1,1,1,1,1,1,0.5,1,0.5,1,1,1,0.875,0.333333333333333,0.5,0.4,0.411111111111111,0.833333333333333,0.857142857142857,0.571428571428571,0.753968253968254,0,0,0,0,95.8333333333333,38.8359788359788,0,1,0,0,"Metro","Epic",1,1.5128278
"6442455",2025,1,1,1,1,1,1,1,1,1,1,0.5,1,0.5,1,1,1,0.875,0.333333333333333,0.5,0.4,0.411111111111111,0.833333333333333,0.857142857142857,0.571428571428571,0.753968253968254,0,0,0,0,95.8333333333333,38.8359788359788,0,1,0,0,"Metro","Epic",1,1.5128278
"6442463",2025,1,1,1,1,1,1,1,1,1,1,0.5,1,0.5,1,1,1,0.875,0.333333333333333,0.5,0.4,0.411111111111111,0.833333333333333,0.857142857142857,0.571428571428571,0.753968253968254,0,0,0,0,95.8333333333333,38.8359788359788,1,0,0,0,"Metro","Epic",1,1.3992708
"6442485",2025,1,1,1,1,1,1,1,1,1,1,0.5,1,0.5,1,1,1,0.875,0.333333333333333,0.5,0.4,0.411111111111111,0.833333333333333,0.857142857142857,0.571428571428571,0.753968253968254,0,0,0,0,95.8333333333333,38.8359788359788,0,0,1,0,"Metro","Epic",1,1.7729143
"6442510",2025,1,1,1,0.5,0.875,1,1,1,1,0.5,1,0.5,1,0.5,1,0.5,0.75,0.833333333333333,0.666666666666667,0.7,0.733333333333333,1,0.857142857142857,0.714285714285714,0.857142857142857,0,0,0,0,87.5,53.015873015873,0,0,1,0,"Rural","Epic",1,1.7534126
"6442560",2025,1,1,1,1,1,1,1,1,1,1,0.5,1,0.5,1,1,1,0.875,0.333333333333333,0.5,0.4,0.411111111111111,0.833333333333333,0.857142857142857,0.571428571428571,0.753968253968254,0,0,0,0,95.8333333333333,38.8359788359788,0,0,1,0,"Metro","Epic",1,1.7729143
"6450008",2025,1,1,1,0.5,0.875,1,1,1,0.5,0.5,1,0.5,0,0.5,0,0.5,0.4375,0.166666666666667,0.166666666666667,0,0.111111111111111,0.5,0.142857142857143,0.142857142857143,0.261904761904762,0,0,0,0,77.0833333333333,12.4338624338624,0,0,1,0,"Micro","Epic",1,1.7534126
"6450017",2025,1,1,1,1,1,1,1,1,1,1,1,1,1,0.5,1,0.5,0.875,0.5,0.5,0.1,0.366666666666667,0.5,0.571428571428571,0.571428571428571,0.547619047619048,0,0,0,0,95.8333333333333,30.4761904761905,1,0,0,0,"Metro","Epic",1,1.3727573
"6450019",2025,1,1,1,1,1,1,1,1,1,1,1,1,1,0.5,1,0.5,0.875,0.5,0.5,0.1,0.366666666666667,0.5,0.571428571428571,0.571428571428571,0.547619047619048,0,0,0,0,95.8333333333333,30.4761904761905,0,0,1,0,"Metro","Epic",1,1.4843315
"6450021",2025,1,1,1,1,1,1,1,1,1,1,1,1,1,0.5,1,0.5,0.875,0.5,0.5,0.1,0.366666666666667,0.5,0.571428571428571,0.571428571428571,0.547619047619048,0,0,0,0,95.8333333333333,30.4761904761905,0,1,0,0,"Metro","Epic",1,1.5034544
"6450032",2025,1,1,1,1,1,1,1,1,1,1,1,1,1,0.5,1,0.5,0.875,0.5,0.5,0.1,0.366666666666667,0.5,0.571428571428571,0.571428571428571,0.547619047619048,0,0,0,0,95.8333333333333,30.4761904761905,0,0,1,0,"Metro","Epic",1,1.5636265
"6450036",2025,1,1,0.5,1,0.875,1,1,1,1,1,1,1,1,0.5,1,0,0.8125,0,0.166666666666667,0.2,0.122222222222222,0.5,0.428571428571429,0,0.30952380952381,0,0,0,0,89.5833333333333,14.3915343915344,0,0,1,0,"Metro","Cerner",1,1.7729143
"6450045",2025,1,1,1,1,1,1,1,1,1,1,1,1,1,0,1,0,0.75,0.5,0.5,0.2,0.4,0.5,0.571428571428571,0.428571428571429,0.5,0,0,0,0,91.6666666666667,30,0,1,0,0,"Metro","Epic",1,1.3739656
"6450110",2025,1,1,1,1,1,0.5,0.5,0.5,1,0.5,0.5,0.5,0.5,0.5,0.5,0.5,0.5625,0.166666666666667,0.5,0.1,0.255555555555556,0.833333333333333,0.571428571428571,0.428571428571429,0.611111111111111,0,0,0,0,68.75,28.8888888888889,0,0,1,0,"Micro","Epic",1,1.6474171
"6450135",2025,1,1,0.5,1,0.875,1,1,1,1,1,1,1,1,0.5,1,0,0.8125,0,0.166666666666667,0.2,0.122222222222222,0.5,0.428571428571429,0,0.30952380952381,0,0,0,0,89.5833333333333,14.3915343915344,0,1,0,0,"Micro","Cerner",1,1.5817305
"6450160",2025,1,1,1,1,1,1,1,1,1,0.5,1,0.5,1,0.5,1,0.5,0.75,0,0,0.1,0.0333333333333333,0.333333333333333,0.285714285714286,0.428571428571429,0.349206349206349,0,0,0,0,91.6666666666667,12.7513227513228,0,0,1,0,"Metro","Cerner",NA,1.8720322
"6450170",2025,1,1,1,1,1,1,1,1,1,1,1,1,1,0,1,0,0.75,0.5,0.5,0.2,0.4,0.5,0.571428571428571,0.428571428571429,0.5,0,0,0,0,91.6666666666667,30,0,0,1,1,"Rural","Epic",1,1.5494056
"6450175",2025,1,1,1,1,1,1,1,1,1,1,1,1,1,0.5,1,0.5,0.875,0.5,0.5,0.1,0.366666666666667,0.5,0.571428571428571,0.571428571428571,0.547619047619048,0,0,0,0,95.8333333333333,30.4761904761905,0,1,0,0,"Metro","Epic",1,1.3739656
"6450180",2025,0.5,1,0,0,0.375,0,0,0,1,0,0.5,0,0,0,0,0,0.1875,1,1,1,1,0,0.428571428571429,0,0.142857142857143,0,0,0,0,18.75,38.0952380952381,0,0,1,1,"Rural","Cerner",NA,2.356509
"6450200",2025,1,1,1,1,1,1,1,1,1,1,1,1,1,0.5,1,0.5,0.875,0.5,0.5,0.1,0.366666666666667,0.5,0.571428571428571,0.571428571428571,0.547619047619048,0,0,0,0,95.8333333333333,30.4761904761905,0,0,1,0,"Metro","Epic",1,1.5636265
"6450239",2025,1,1,1,1,1,1,1,1,1,1,1,1,1,0.5,1,0.5,0.875,0.5,0.5,0.1,0.366666666666667,0.5,0.571428571428571,0.571428571428571,0.547619047619048,0,0,0,0,95.8333333333333,30.4761904761905,0,1,0,0,"Metro","Epic",1,1.3739656
"6450261",2025,1,0.5,0.5,0.5,0.625,0.5,0.5,0.5,1,0.5,1,0.5,1,0.5,1,0.5,0.75,0.833333333333333,0.666666666666667,0.7,0.733333333333333,0.166666666666667,0,0,0.0555555555555556,0,0,0,0,62.5,26.2962962962963,0,0,1,1,"Micro","Meditech",NA,2.356509
"6450265",2025,0,0,0,0,0,0,0,0,0,0,0,0,0,0,0,0,0,0,0,0,0,0,0,0,0,0,0,0,0,0,0,0,0,1,1,"Rural","Epic",NA,2.3247845
"6450280",2025,1,1,1,0.5,0.875,1,1,1,1,1,0.5,1,0,0,0,0,0.4375,1,0.333333333333333,0.1,0.477777777777778,0.5,0.142857142857143,0.142857142857143,0.261904761904762,0,0,0,0,77.0833333333333,24.6560846560847,0,0,1,1,"Metro","Epic",NA,1.8720322
"6450295",2025,1,1,1,1,1,1,1,1,1,1,1,1,1,1,1,1,1,0.166666666666667,0.166666666666667,0.5,0.277777777777778,0.5,0.571428571428571,0.571428571428571,0.547619047619048,0,0,0,0,100,27.5132275132275,0,0,1,1,"Rural","Epic",1,1.7534126
"6450300",2025,1,1,1,1,1,0.5,1,0.75,1,1,1,1,0.5,1,1,1,0.9375,0.5,0.666666666666667,0.6,0.588888888888889,0.5,0.428571428571429,0.285714285714286,0.404761904761905,0,0,1,0.333333333333333,89.5833333333333,44.2328042328042,0,0,1,1,"Rural","Epic",1,1.7534126
"6450340",2025,1,1,1,1,1,0.5,1,0.75,1,1,1,1,1,0.5,0,0,0.6875,0,0,0.3,0.1,0.666666666666667,0.428571428571429,0.428571428571429,0.507936507936508,0,1,1,0.666666666666667,81.25,42.4867724867725,0,0,1,1,"Metro","Epic",NA,2.3916214
"6450360",2025,1,1,1,1,1,1,1,1,1,1,1,1,1,0.5,1,0.5,0.875,0.5,0.5,0.1,0.366666666666667,0.5,0.571428571428571,0.571428571428571,0.547619047619048,0,0,0,0,95.8333333333333,30.4761904761905,0,0,1,0,"Micro","Epic",1,1.4721112
"6450380",2025,1,1,1,1,1,0.5,0.5,0.5,1,0.5,0.5,0.5,0.5,0.5,0.5,0.5,0.5625,0.166666666666667,0.5,0.1,0.255555555555556,0.833333333333333,0.571428571428571,0.428571428571429,0.611111111111111,0,0,0,0,68.75,28.8888888888889,0,1,0,0,"Metro","Epic",1,1.5967883
"6450423",2025,1,1,1,1,1,0.5,0.5,0.5,1,0.5,0.5,0.5,0.5,0.5,0.5,0.5,0.5625,0.166666666666667,0.5,0.1,0.255555555555556,0.833333333333333,0.571428571428571,0.428571428571429,0.611111111111111,0,0,0,0,68.75,28.8888888888889,0,0,1,0,"Metro","Epic",1,1.7729143
"6450440",2025,1,1,1,1,1,1,0.5,0.75,1,1,1,1,0.5,1,0,1,0.8125,0.333333333333333,0.166666666666667,0.3,0.266666666666667,0.5,1,0.571428571428571,0.69047619047619,0,0,0,0,85.4166666666667,31.9047619047619,0,0,1,0,"Metro","Epic",1,1.5636265
"6450450",2025,1,1,1,1,1,1,0.5,0.75,1,1,1,1,0.5,1,1,1,0.9375,0.333333333333333,0.166666666666667,0.3,0.266666666666667,0.5,1,0.571428571428571,0.69047619047619,0,0,0,0,89.5833333333333,31.9047619047619,0,1,0,0,"Metro","Epic",1,1.3739656
"6450470",2025,1,1,1,1,1,1,1,1,1,1,1,1,1,0.5,1,0.5,0.875,0.5,0.5,0.1,0.366666666666667,0.5,0.571428571428571,0.571428571428571,0.547619047619048,0,0,0,0,95.8333333333333,30.4761904761905,0,0,1,0,"Metro","Epic",1,1.7729143
"6450482",2025,1,1,0.5,1,0.875,1,1,1,1,1,1,1,1,0.5,1,0,0.8125,0,0.166666666666667,0.2,0.122222222222222,0.5,0.428571428571429,0,0.30952380952381,0,0,0,0,89.5833333333333,14.3915343915344,0,0,1,0,"Rural","Cerner",1,1.7534126
"6450524",2025,1,1,1,0.5,0.875,1,1,1,0.5,0.5,1,0.5,0,0.5,0,0.5,0.4375,0.166666666666667,0.166666666666667,0,0.111111111111111,0.5,0.142857142857143,0.142857142857143,0.261904761904762,0,0,0,0,77.0833333333333,12.4338624338624,0,0,1,0,"Metro","Epic",1,1.7729143
"6450610",2025,1,1,1,0.5,0.875,0.5,1,0.75,1,0,1,0,1,0,1,0,0.5,0.833333333333333,0.833333333333333,0.6,0.755555555555556,0.666666666666667,0.428571428571429,0.428571428571429,0.507936507936508,0,0,0,0,70.8333333333333,42.1164021164021,0,1,0,0,"Metro","Epic",NA,1.7835562
"6450680",2025,1,1,1,1,1,1,1,1,1,0.5,1,0.5,1,0,0.5,0.5,0.625,0.833333333333333,0.5,0.6,0.644444444444444,0.5,0.857142857142857,0.714285714285714,0.690476190476191,0,0,0,0,87.5,44.4973544973545,0,1,0,0,"Metro","Epic",NA,1.8620253
"6450700",2025,1,1,0.5,1,0.875,1,1,1,1,1,1,1,1,0.5,1,0,0.8125,0,0.166666666666667,0.2,0.122222222222222,0.5,0.428571428571429,0,0.30952380952381,0,0,0,0,89.5833333333333,14.3915343915344,0,0,1,1,"Rural","Cerner",1,1.7534126
"6450745",2025,1,1,1,0,0.75,0.5,1,0.75,0.5,0.5,1,0,0.5,0,0,0,0.3125,0.833333333333333,0.833333333333333,0.6,0.755555555555556,0.5,0.285714285714286,0.142857142857143,0.30952380952381,1,0,1,0.666666666666667,60.4166666666667,57.7248677248677,0,0,1,1,"Micro","Epic",NA,2.356509
"6450775",2025,1,1,1,0,0.75,1,1,1,0,0.5,0,0,0,0,0,0,0.0625,0.333333333333333,0.5,0.4,0.411111111111111,0.5,0.285714285714286,0.142857142857143,0.30952380952381,0,0,0,0,60.4166666666667,24.021164021164,0,1,0,0,"Metro","Epic",1,1.5128278
"6450810",2025,1,1,1,1,1,0.5,0.5,0.5,1,0.5,0.5,0.5,0.5,0.5,0.5,0.5,0.5625,0.166666666666667,0.5,0.1,0.255555555555556,0.833333333333333,0.571428571428571,0.428571428571429,0.611111111111111,0,0,0,0,68.75,28.8888888888889,0,1,0,0,"Metro","Epic",1,1.3739656
"6450820",2025,1,1,1,1,1,1,1,1,1,1,1,0.5,1,0.5,1,0.5,0.8125,0.5,0.666666666666667,0.6,0.588888888888889,0.5,0.285714285714286,0.571428571428571,0.452380952380952,0,0,0,0,93.75,34.7089947089947,1,0,0,0,"Metro","Epic",1,1.3727573
"6450850",2025,1,1,1,1,1,1,1,1,1,1,1,1,1,0.5,1,0.5,0.875,0.5,0.5,0.1,0.366666666666667,0.5,0.571428571428571,0.571428571428571,0.547619047619048,0,0,0,0,95.8333333333333,30.4761904761905,0,0,1,0,"Micro","Epic",1,1.5494056
"6450860",2025,1,1,0.5,1,0.875,1,1,1,1,1,1,1,1,0.5,1,0,0.8125,0,0.166666666666667,0.2,0.122222222222222,0.5,0.428571428571429,0,0.30952380952381,0,0,0,0,89.5833333333333,14.3915343915344,0,1,0,0,"Micro","Cerner",1,1.3645301
"6450880",2025,1,1,1,1,1,1,1,1,1,1,1,1,1,1,1,1,1,0,0,0.2,0.0666666666666667,1,0.571428571428571,0.857142857142857,0.809523809523809,0,0,0,0,100,29.2063492063492,0,1,0,0,"Rural","Meditech",NA,2.0473976
"6450905",2025,1,1,1,0.5,0.875,1,1,1,0.5,0.5,1,0.5,0,0.5,0,0.5,0.4375,0.166666666666667,0.166666666666667,0,0.111111111111111,0.5,0.142857142857143,0.142857142857143,0.261904761904762,0,0,0,0,77.0833333333333,12.4338624338624,0,1,0,0,"Metro","Epic",1,1.5128278
"6451030",2025,1,1,1,1,1,0.5,1,0.75,1,1,1,1,1,0,0.5,0.5,0.75,0.333333333333333,0.333333333333333,0.3,0.322222222222222,0.5,0.142857142857143,0.142857142857143,0.261904761904762,0,0,0,0,83.3333333333333,19.4708994708995,0,1,0,0,"Metro","Epic",1,1.5128278
"6451280",2025,1,1,1,1,1,0.5,0.5,0.5,1,0.5,0.5,0.5,0.5,0.5,0.5,0.5,0.5625,0.166666666666667,0.5,0.1,0.255555555555556,0.833333333333333,0.571428571428571,0.428571428571429,0.611111111111111,0,0,0,0,68.75,28.8888888888889,0,0,1,0,"Metro","Epic",1,1.4843315
"6451290",2025,1,1,1,1,1,1,1,1,1,1,1,1,1,0,1,0,0.75,0.5,0.5,0.2,0.4,0.5,0.571428571428571,0.428571428571429,0.5,0,0,0,0,91.6666666666667,30,0,1,0,0,"Metro","Epic",1,1.5128278
"6451300",2025,1,1,0.5,1,0.875,1,1,1,1,1,1,1,1,0.5,1,0,0.8125,0,0.166666666666667,0.2,0.122222222222222,0.5,0.428571428571429,0,0.30952380952381,0,0,0,0,89.5833333333333,14.3915343915344,0,0,1,1,"Rural","Cerner",1,1.7534126
"6451320",2025,1,1,1,1,1,1,1,1,1,1,1,1,1,0,1,0,0.75,0.5,0.5,0.2,0.4,0.5,0.571428571428571,0.428571428571429,0.5,0,0,0,0,91.6666666666667,30,0,0,1,1,"Rural","Epic",1,1.7534126
"6451370",2025,1,1,1,1,1,1,0.5,0.75,1,1,1,1,0.5,1,1,1,0.9375,0.333333333333333,0.166666666666667,0.3,0.266666666666667,0.5,1,0.571428571428571,0.69047619047619,0,0,0,0,89.5833333333333,31.9047619047619,0,0,1,1,"Metro","Epic",1,1.7729143
"6451430",2025,1,1,0.5,1,0.875,1,1,1,1,1,1,1,1,0.5,1,0,0.8125,0,0.166666666666667,0.2,0.122222222222222,0.5,0.428571428571429,0,0.30952380952381,0,0,0,0,89.5833333333333,14.3915343915344,0,0,1,1,"Rural","Cerner",1,1.7534126
"6451525",2025,1,1,1,1,1,1,1,1,1,1,0.5,0.5,0.5,0.5,0.5,0.5,0.625,0.5,0,0.3,0.266666666666667,0.666666666666667,0.571428571428571,0.285714285714286,0.507936507936508,0,0,0,0,87.5,25.8201058201058,0,0,1,0,"Micro","Meditech",NA,2.1656654
"6451600",2025,0,0,0,0,0,0,0,0,0,0,0,0,0,0,0,0,0,0,0,0,0,0,0,0,0,0,0,0,0,0,0,0,0,1,1,"Micro","Epic",NA,2.356509
"6451615",2025,1,1,1,1,1,0.5,1,0.75,1,1,1,1,0.5,1,1,1,0.9375,0.5,0.666666666666667,0.6,0.588888888888889,0.5,0.428571428571429,0.285714285714286,0.404761904761905,0,0,1,0.333333333333333,89.5833333333333,44.2328042328042,0,0,1,0,"Rural","Epic",1,1.6474171
"6451630",2025,1,1,0.5,1,0.875,1,1,1,1,1,1,1,1,0.5,1,0,0.8125,0,0.166666666666667,0.2,0.122222222222222,0.5,0.428571428571429,0,0.30952380952381,0,0,0,0,89.5833333333333,14.3915343915344,0,0,1,0,"Micro","Cerner",1,1.7534126
"6451660",2025,1,1,1,0,0.75,0,0.5,0.25,0.5,0.5,0.5,0.5,0,0,0,0,0.25,0.166666666666667,0.333333333333333,0.4,0.3,0.5,0.142857142857143,0.142857142857143,0.261904761904762,0,1,0,0.333333333333333,41.6666666666667,29.8412698412698,0,0,1,1,"Rural","Meditech",NA,2.1656654
"6451670",2025,1,1,1,1,1,0.5,0.5,0.5,1,0.5,0.5,0.5,0.5,0.5,0.5,0.5,0.5625,0.166666666666667,0.5,0.1,0.255555555555556,0.833333333333333,0.571428571428571,0.428571428571429,0.611111111111111,0,0,0,0,68.75,28.8888888888889,0,0,1,1,"Metro","Epic",1,1.7729143
"6451675",2025,0.5,0.5,0.5,0.5,0.5,1,0.5,0.75,1,0.5,1,0.5,1,0.5,1,0.5,0.75,0.833333333333333,0.5,0.8,0.711111111111111,0,0,0,0,0,0,0,0,66.6666666666667,23.7037037037037,0,0,1,1,"Metro","Epic",1,1.7729143
"6451710",2025,1,1,1,1,1,1,1,1,1,1,1,1,1,0,1,0,0.75,0.5,0.5,0.2,0.4,0.5,0.571428571428571,0.428571428571429,0.5,0,0,0,0,91.6666666666667,30,0,0,1,1,"Micro","Epic",1,1.7534126
"6451720",2025,1,1,1,1,1,1,0.5,0.75,1,1,1,1,0.5,1,1,1,0.9375,0.333333333333333,0.166666666666667,0.3,0.266666666666667,0.5,1,0.571428571428571,0.69047619047619,0,0,0,0,89.5833333333333,31.9047619047619,0,0,1,0,"Metro","Epic",1,1.7729143
"6451740",2025,1,1,1,1,1,1,1,1,1,1,1,1,1,0.5,1,0.5,0.875,0.5,0.5,0.1,0.366666666666667,0.5,0.571428571428571,0.571428571428571,0.547619047619048,0,0,0,0,95.8333333333333,30.4761904761905,0,1,0,0,"Metro","Epic",1,1.3739656
"6451840",2025,1,1,1,1,1,1,1,1,1,1,1,1,1,1,1,1,1,0.333333333333333,0.333333333333333,0.3,0.322222222222222,0.333333333333333,0.285714285714286,0.285714285714286,0.301587301587302,0,0,0,0,100,20.7936507936508,0,0,1,1,"Metro","Epic",NA,2.195838
"6451891",2025,1,1,1,1,1,1,1,1,1,1,1,1,1,1,1,1,1,0.166666666666667,0,0.1,0.0888888888888889,0.5,0.714285714285714,0.714285714285714,0.642857142857143,0,0,0,0,100,24.3915343915344,0,0,1,1,"Metro","Epic",1,1.7729143
"6451920",2025,1,1,1,1,1,1,1,1,1,1,1,1,1,0.5,1,0.5,0.875,0.5,0.5,0.1,0.366666666666667,0.5,0.571428571428571,0.571428571428571,0.547619047619048,0,0,0,0,95.8333333333333,30.4761904761905,0,0,1,0,"Micro","Epic",1,1.7534126
"6451960",2025,1,1,1,1,1,1,1,1,1,1,1,1,1,1,1,1,1,0,0,0,0,0.333333333333333,0.428571428571429,0.142857142857143,0.301587301587302,0,0,0,0,100,10.0529100529101,0,0,1,1,"Micro","Epic",NA,2.356509
"6451995",2025,0,0.5,0.5,0.5,0.375,0.5,0,0.25,1,0.5,1,0.5,0.5,0,0.5,0,0.5,0.833333333333333,0.333333333333333,0.7,0.622222222222222,0,0,0,0,0,0,0,0,37.5,20.7407407407407,0,0,1,0,"Micro","Meditech",1,2.0142882
"6452035",2025,1,1,1,1,1,1,1,1,1,1,1,1,1,0,1,0,0.75,0.5,0.5,0.2,0.4,0.5,0.571428571428571,0.428571428571429,0.5,0,0,0,0,91.6666666666667,30,0,0,1,1,"Rural","Epic",1,1.7534126
"6452055",2025,1,1,1,1,1,0.5,0.5,0.5,1,0.5,0.5,0.5,0.5,0.5,0.5,0.5,0.5625,0.166666666666667,0.5,0.1,0.255555555555556,0.833333333333333,0.571428571428571,0.428571428571429,0.611111111111111,0,0,0,0,68.75,28.8888888888889,0,0,1,1,"Micro","Epic",1,1.7534126
"6452115",2025,1,1,1,0.5,0.875,1,1,1,0.5,0.5,1,0.5,0,0.5,0,0.5,0.4375,0.166666666666667,0.166666666666667,0,0.111111111111111,0.5,0.142857142857143,0.142857142857143,0.261904761904762,0,0,0,0,77.0833333333333,12.4338624338624,1,0,0,0,"Metro","Epic",1,1.3727573
"6452165",2025,1,1,1,1,1,1,1,1,1,1,1,1,1,0.5,1,0.5,0.875,0.5,0.5,0.1,0.366666666666667,0.5,0.571428571428571,0.571428571428571,0.547619047619048,0,0,0,0,95.8333333333333,30.4761904761905,0,1,0,0,"Metro","Epic",1,1.3739656
"6452170",2025,1,1,1,0.5,0.875,1,1,1,0.5,0.5,1,0.5,0,0.5,0,0.5,0.4375,0.166666666666667,0.166666666666667,0,0.111111111111111,0.5,0.142857142857143,0.142857142857143,0.261904761904762,0,0,0,0,77.0833333333333,12.4338624338624,0,0,1,0,"Metro","Epic",1,1.664175
"6452250",2025,1,1,1,1,1,1,1,1,1,1,1,1,1,0,1,0,0.75,0.5,0.5,0.2,0.4,0.5,0.571428571428571,0.428571428571429,0.5,0,0,0,0,91.6666666666667,30,0,0,1,1,"Rural","Epic",1,1.7534126
"6452305",2025,1,1,1,1,1,0.5,1,0.75,1,1,1,1,0.5,1,1,1,0.9375,0.5,0.666666666666667,0.6,0.588888888888889,0.5,0.428571428571429,0.285714285714286,0.404761904761905,0,0,1,0.333333333333333,89.5833333333333,44.2328042328042,0,0,1,0,"Rural","Epic",1,1.7534126
"6459171",2025,1,1,0.5,1,0.875,1,1,1,1,1,1,1,1,0.5,1,0,0.8125,0,0.166666666666667,0.2,0.122222222222222,0.5,0.428571428571429,0,0.30952380952381,0,0,0,0,89.5833333333333,14.3915343915344,0,0,1,0,"Metro","Cerner",1,1.7729143
"6459177",2025,1,1,0.5,1,0.875,1,1,1,1,1,1,1,1,0.5,1,0,0.8125,0,0.166666666666667,0.2,0.122222222222222,0.5,0.428571428571429,0,0.30952380952381,0,0,0,0,89.5833333333333,14.3915343915344,0,0,1,0,"Micro","Cerner",1,1.7534126
"6510003",2025,1,1,1,1,1,1,1,1,1,1,1,1,1,1,1,1,1,0,0.5,0.5,0.333333333333333,0.5,0.857142857142857,0.571428571428571,0.642857142857143,0,0,0,0,100,32.5396825396825,0,1,0,0,"Metro","Epic",1,1.4102389
"6510040",2025,1,1,1,1,1,0.5,1,0.75,1,1,1,0.5,0.5,0.5,0.5,0.5,0.6875,0.5,0.666666666666667,0.4,0.522222222222222,0.666666666666667,0.857142857142857,0.714285714285714,0.746031746031746,0,0,0,0,81.25,42.2751322751323,1,0,0,0,"Metro","Epic",1,1.4277552
"6510044",2025,1,1,1,0,0.75,0.5,0.5,0.5,0.5,0,0.5,0,0.5,0,0.5,0,0.25,0.5,0.5,0.4,0.466666666666667,0.333333333333333,0.285714285714286,0.285714285714286,0.301587301587302,1,0,1,0.666666666666667,50,47.8306878306878,0,0,1,1,"Micro","Meditech",1,1.8264908
"6510048",2025,1,1,1,0.5,0.875,1,1,1,1,1,1,1,1,1,1,1,1,0.5,0.5,0.5,0.5,0.666666666666667,1,0.857142857142857,0.841269841269841,0,0,0,0,95.8333333333333,44.7089947089947,0,0,1,0,"Metro","Epic",1,1.7285975
"6510049",2025,0.5,0,0.5,0,0.25,0,0,0,1,0,1,0,1,0,1,0,0.5,0.333333333333333,0,0.6,0.311111111111111,0,0,0.142857142857143,0.0476190476190476,0,0,0,0,25,11.957671957672,0,0,1,1,"Rural","CPSI/Evident",NA,2.4532838
"6510050",2025,1,1,1,0.5,0.875,1,1,1,1,1,1,1,1,1,1,1,1,0.5,0.5,0.5,0.5,0.666666666666667,1,0.857142857142857,0.841269841269841,0,0,0,0,95.8333333333333,44.7089947089947,0,0,1,1,"Micro","Epic",1,1.8264908
"6510065",2025,1,1,1,0.5,0.875,1,1,1,1,1,1,0.5,0,0.5,1,0.5,0.6875,0.5,0.666666666666667,0.6,0.588888888888889,0.333333333333333,0.571428571428571,0.571428571428571,0.492063492063492,0,0,0,0,85.4166666666667,36.031746031746,0,1,0,0,"Metro","Meditech",1,1.881361
"6510081",2025,0,0,0,0,0,0,0,0,0,0,0,0,0,0,0,0,0,0,0,0,0,0,0,0,0,0,0,0,0,0,0,0,0,1,1,"Rural","Other",1,1.8264908
"6510110",2025,1,1,1,1,1,1,0.5,0.75,1,1,1,1,0.5,0.5,0.5,0.5,0.75,0.333333333333333,0.5,0.4,0.411111111111111,0.333333333333333,0.857142857142857,0.714285714285714,0.634920634920635,0,0,0,0,83.3333333333333,34.8677248677249,1,0,0,0,"Metro","Epic",1,1.4379987
"6510120",2025,1,1,1,1,1,1,0.5,0.75,1,1,1,1,0.5,0.5,0.5,0.5,0.75,0.333333333333333,0.5,0.4,0.411111111111111,0.333333333333333,0.857142857142857,0.714285714285714,0.634920634920635,0,0,0,0,83.3333333333333,34.8677248677249,0,1,0,0,"Metro","Epic",1,1.6546744
"6510172",2025,1,1,1,1,1,0.5,0.5,0.5,0.5,0.5,1,0.5,0,0,0,0,0.3125,0.833333333333333,0.5,0.4,0.577777777777778,0.166666666666667,0.428571428571429,0.285714285714286,0.293650793650794,1,1,0,0.666666666666667,60.4166666666667,51.2698412698413,0,0,1,0,"Rural","MEDHOST",1,2.1126702
"6510184",2025,1,1,1,1,1,1,0.5,0.75,1,1,1,1,0.5,0.5,0.5,0.5,0.75,0.333333333333333,0.5,0.4,0.411111111111111,0.333333333333333,0.857142857142857,0.714285714285714,0.634920634920635,0,0,0,0,83.3333333333333,34.8677248677249,0,1,0,0,"Metro","Epic",1,1.6546744
"6510195",2025,1,1,1,0.5,0.875,1,1,1,1,1,1,0.5,0,0.5,1,0.5,0.6875,0.5,0.666666666666667,0.6,0.588888888888889,0.333333333333333,0.571428571428571,0.571428571428571,0.492063492063492,0,0,0,0,85.4166666666667,36.031746031746,0,1,0,0,"Micro","Meditech",1,1.8591231
"6510230",2025,1,1,1,1,1,0.5,0.5,0.5,0.5,0.5,1,0.5,0,0,0,0,0.3125,0.833333333333333,0.5,0.4,0.577777777777778,0.166666666666667,0.428571428571429,0.285714285714286,0.293650793650794,1,1,0,0.666666666666667,60.4166666666667,51.2698412698413,0,0,1,0,"Metro","MEDHOST",1,1.9808805
"6510260",2025,1,1,1,1,1,1,1,1,1,1,1,1,1,1,1,1,1,0,0.5,0.5,0.333333333333333,0.5,0.857142857142857,0.571428571428571,0.642857142857143,0,0,0,0,100,32.5396825396825,0,1,0,0,"Rural","Epic",1,1.6381562
"6510275",2025,1,1,1,0,0.75,0.5,0.5,0.5,0.5,0,0.5,0,0.5,0,0.5,0,0.25,0.5,0.5,0.4,0.466666666666667,0.333333333333333,0.285714285714286,0.285714285714286,0.301587301587302,1,0,1,0.666666666666667,50,47.8306878306878,0,1,0,0,"Rural","Meditech",1,1.5483757
"6510287",2025,1,1,1,0,0.75,0.5,0.5,0.5,0.5,0,0.5,0,0.5,0,0.5,0,0.25,0.5,0.5,0.4,0.466666666666667,0.333333333333333,0.285714285714286,0.285714285714286,0.301587301587302,1,0,1,0.666666666666667,50,47.8306878306878,0,1,0,0,"Rural","Meditech",1,1.399888
"6510320",2025,1,1,1,1,1,1,1,1,1,1,1,1,1,1,1,1,1,0.333333333333333,0.333333333333333,0.4,0.355555555555556,1,1,1,1,0,0,0,0,100,45.1851851851852,0,1,0,0,"Micro","Epic",1,1.6381562
"6510350",2025,1,1,1,0,0.75,0.5,0.5,0.5,0.5,0,0.5,0,0.5,0,0.5,0,0.25,0.5,0.5,0.4,0.466666666666667,0.333333333333333,0.285714285714286,0.285714285714286,0.301587301587302,1,0,1,0.666666666666667,50,47.8306878306878,0,0,1,1,"Rural","Meditech",1,1.8264908
"6510400",2025,1,1,1,1,1,0.5,0.5,0.5,0.5,0.5,1,0.5,0,0,0,0,0.3125,0.833333333333333,0.5,0.4,0.577777777777778,0.166666666666667,0.428571428571429,0.285714285714286,0.293650793650794,0,1,0,0.333333333333333,60.4166666666667,40.1587301587302,0,0,1,0,"Rural","Meditech",1,2.1126702
"6510403",2025,1,1,1,1,1,1,1,1,1,1,1,1,1,1,1,1,1,0,0.5,0.5,0.333333333333333,0.5,0.857142857142857,0.571428571428571,0.642857142857143,0,0,0,0,100,32.5396825396825,0,0,1,0,"Rural","Epic",1,1.8264908
"6510435",2025,1,1,1,0.5,0.875,1,1,1,1,1,1,1,1,1,1,1,1,0.5,0.5,0.5,0.5,0.666666666666667,1,0.857142857142857,0.841269841269841,0,0,0,0,95.8333333333333,44.7089947089947,0,1,0,0,"Metro","Epic",1,1.6546744
"6510440",2025,1,1,1,0.5,0.875,1,1,1,1,1,1,1,1,1,1,1,1,0.5,0.5,0.5,0.5,0.666666666666667,1,0.857142857142857,0.841269841269841,0,0,0,0,95.8333333333333,44.7089947089947,0,1,0,0,"Metro","Epic",1,1.5625702
"6510475",2025,1,1,1,0.5,0.875,1,1,1,1,1,1,1,1,1,1,1,1,0.5,0.5,0.5,0.5,0.666666666666667,1,0.857142857142857,0.841269841269841,0,0,0,0,95.8333333333333,44.7089947089947,0,1,0,0,"Micro","Epic",1,1.6381562
"6510488",2025,1,1,0.5,1,0.875,0.5,0.5,0.5,1,1,1,1,0,0,0,0,0.5,0.333333333333333,0.5,0.6,0.477777777777778,0.166666666666667,0.571428571428571,0,0.246031746031746,0,0,0,0,62.5,24.1269841269841,1,0,0,0,"Metro","Epic",1,1.4089135
"6510510",2025,1,1,1,1,1,1,0.5,0.75,1,1,1,1,1,1,1,1,1,0.5,0.166666666666667,0,0.222222222222222,0.666666666666667,0.714285714285714,0.285714285714286,0.555555555555555,0,0,0,0,91.6666666666667,25.9259259259259,1,0,0,0,"Metro","Cerner",1,1.4379987
"6510540",2025,1,1,0.5,1,0.875,0.5,0.5,0.5,1,1,1,1,0,0,0,0,0.5,0.333333333333333,0.5,0.6,0.477777777777778,0.166666666666667,0.571428571428571,0,0.246031746031746,0,0,0,0,62.5,24.1269841269841,0,1,0,0,"Metro","Epic",1,1.382997
"6510550",2025,1,1,1,1,1,1,0.5,0.75,1,1,1,1,1,1,1,1,1,0.5,0.166666666666667,0,0.222222222222222,0.666666666666667,0.714285714285714,0.285714285714286,0.555555555555555,0,0,0,0,91.6666666666667,25.9259259259259,0,1,0,0,"Metro","Cerner",1,1.5252128
"6510620",2025,1,1,1,1,1,1,0.5,0.75,1,1,1,1,1,1,1,1,1,0.5,0.166666666666667,0,0.222222222222222,0.666666666666667,0.714285714285714,0.285714285714286,0.555555555555555,0,0,0,0,91.6666666666667,25.9259259259259,0,1,0,0,"Metro","Cerner",1,1.5625702
"6510670",2025,1,1,1,1,1,1,1,1,1,1,1,1,1,1,1,1,1,0.333333333333333,0.333333333333333,0.4,0.355555555555556,1,1,1,1,0,0,0,0,100,45.1851851851852,0,1,0,0,"Micro","Epic",1,1.5483757
"6510685",2025,1,1,1,0,0.75,0.5,0.5,0.5,0.5,0,0.5,0,0.5,0,0.5,0,0.25,0.5,0.5,0.4,0.466666666666667,0.333333333333333,0.285714285714286,0.285714285714286,0.301587301587302,1,0,1,0.666666666666667,50,47.8306878306878,0,0,1,1,"Micro","Meditech",1,1.8264908
"6510695",2025,1,1,1,1,1,0.5,0.5,0.5,0.5,0.5,1,0.5,0,0,0,0,0.3125,0.833333333333333,0.5,0.4,0.577777777777778,0.166666666666667,0.428571428571429,0.285714285714286,0.293650793650794,0,1,0,0.333333333333333,60.4166666666667,40.1587301587302,0,1,0,0,"Micro","Meditech",1,1.8591231
"6510710",2025,1,1,1,1,1,0.5,0.5,0.5,0.5,0.5,1,0.5,0,0,0,0,0.3125,0.833333333333333,0.5,0.4,0.577777777777778,0.166666666666667,0.428571428571429,0.285714285714286,0.293650793650794,0,1,0,0.333333333333333,60.4166666666667,40.1587301587302,0,0,1,0,"Rural","Meditech",1,1.6972328
"6510712",2025,1,1,1,0,0.75,0.5,0.5,0.5,0.5,0,0.5,0,0.5,0,0.5,0,0.25,0.5,0.5,0.4,0.466666666666667,0.333333333333333,0.285714285714286,0.285714285714286,0.301587301587302,1,0,1,0.666666666666667,50,47.8306878306878,0,0,1,1,"Micro","Meditech",1,1.8264908
"6510715",2025,1,1,1,0,0.75,0.5,0.5,0.5,0.5,0,0.5,0,0.5,0,0.5,0,0.25,0.5,0.5,0.4,0.466666666666667,0.333333333333333,0.285714285714286,0.285714285714286,0.301587301587302,1,0,1,0.666666666666667,50,47.8306878306878,0,0,1,0,"Micro","Meditech",1,1.6026957
"6510717",2025,1,1,1,0,0.75,1,1,1,1,0.5,0.5,0.5,0,0,1,0.5,0.5,1,0.666666666666667,0.6,0.755555555555556,0.166666666666667,0.285714285714286,0.285714285714286,0.246031746031746,0,0,0,0,75,33.3862433862434,0,1,0,0,"Rural","Meditech",1,1.5483757
"6510732",2025,1,1,1,1,1,1,1,1,1,1,1,1,1,1,1,1,1,0.333333333333333,0.333333333333333,0.4,0.355555555555556,1,1,1,1,0,0,0,0,100,45.1851851851852,0,0,1,1,"Rural","Epic",1,1.8264908
"6510740",2025,1,1,1,0.5,0.875,1,1,1,1,1,1,1,1,1,1,1,1,0.5,0.5,0.5,0.5,0.666666666666667,1,0.857142857142857,0.841269841269841,0,0,0,0,95.8333333333333,44.7089947089947,0,0,1,0,"Micro","Epic",1,1.8264908
"6510830",2025,1,1,1,0,0.75,0.5,0.5,0.5,0.5,0,0.5,0,0.5,0,0.5,0,0.25,0.5,0.5,0.4,0.466666666666667,0.333333333333333,0.285714285714286,0.285714285714286,0.301587301587302,1,0,1,0.666666666666667,50,47.8306878306878,0,0,1,0,"Rural","Meditech",1,1.8264908
"6510834",2025,1,1,1,1,1,0.5,0.5,0.5,0.5,0.5,1,0.5,0,0,0,0,0.3125,0.833333333333333,0.5,0.4,0.577777777777778,0.166666666666667,0.428571428571429,0.285714285714286,0.293650793650794,1,1,0,0.666666666666667,60.4166666666667,51.2698412698413,0,0,1,0,"Metro","MEDHOST",1,2.1414709
"6510873",2025,1,1,1,0,0.75,0.5,0.5,0.5,0.5,0,0.5,0,0.5,0,0.5,0,0.25,0.5,0.5,0.4,0.466666666666667,0.333333333333333,0.285714285714286,0.285714285714286,0.301587301587302,1,0,1,0.666666666666667,50,47.8306878306878,0,1,0,0,"Micro","Meditech",1,1.5483757
"6510874",2025,1,1,1,0.5,0.875,0.5,0,0.25,0.5,0.5,0.5,0.5,0,0,0,0,0.25,0.833333333333333,0.5,0.5,0.611111111111111,0.166666666666667,0.285714285714286,0.285714285714286,0.246031746031746,0,0,0,0,45.8333333333333,28.5714285714286,0,0,1,1,"Rural","CPSI/Evident",1,1.8264908
"6510920",2025,1,1,1,1,1,1,0.5,0.75,1,1,1,1,1,1,1,1,1,0.5,0.166666666666667,0,0.222222222222222,0.666666666666667,0.714285714285714,0.285714285714286,0.555555555555555,0,0,0,0,91.6666666666667,25.9259259259259,0,0,1,0,"Metro","Cerner",1,1.8478839
"6510935",2025,1,1,1,0,0.75,0.5,0.5,0.5,0.5,0,0.5,0,0.5,0,0.5,0,0.25,0.5,0.5,0.4,0.466666666666667,0.333333333333333,0.285714285714286,0.285714285714286,0.301587301587302,1,0,1,0.666666666666667,50,47.8306878306878,0,1,0,0,"Micro","Meditech",1,1.6381562
"6510938",2025,1,1,1,1,1,1,0.5,0.75,1,1,1,1,1,0.5,1,0.5,0.875,0.833333333333333,0.833333333333333,0.6,0.755555555555556,0.5,0.571428571428571,0.428571428571429,0.5,0,0,1,0.333333333333333,87.5,52.962962962963,0,0,1,1,"Micro","Meditech",1,1.8264908
"6510950",2025,1,1,1,1,1,0.5,0.5,0.5,0.5,0.5,1,0.5,0,0,0,0,0.3125,0.833333333333333,0.5,0.4,0.577777777777778,0.166666666666667,0.428571428571429,0.285714285714286,0.293650793650794,1,1,0,0.666666666666667,60.4166666666667,51.2698412698413,0,0,1,1,"Metro","MEDHOST",1,1.8478839
"6510960",2025,1,1,1,0,0.75,0.5,0.5,0.5,0.5,0,0.5,0,0.5,0,0.5,0,0.25,0.5,0.5,0.4,0.466666666666667,0.333333333333333,0.285714285714286,0.285714285714286,0.301587301587302,1,0,1,0.666666666666667,50,47.8306878306878,0,0,1,1,"Rural","Meditech",1,1.8264908
"6510967",2025,1,1,1,0,0.75,0.5,0.5,0.5,0.5,0,0.5,0,0.5,0,0.5,0,0.25,0.5,0.5,0.4,0.466666666666667,0.333333333333333,0.285714285714286,0.285714285714286,0.301587301587302,1,0,1,0.666666666666667,50,47.8306878306878,0,0,1,0,"Rural","Meditech",1,1.7102141
"6510969",2025,1,1,1,1,1,1,0.5,0.75,1,1,1,1,0.5,0.5,0.5,0.5,0.75,0.333333333333333,0.5,0.4,0.411111111111111,0.333333333333333,0.857142857142857,0.714285714285714,0.634920634920635,0,0,0,0,83.3333333333333,34.8677248677249,0,0,1,1,"Metro","Epic",1,1.8478839
"6510970",2025,1,1,1,1,1,0.5,0.5,0.5,0.5,0.5,1,0.5,0,0,0,0,0.3125,0.833333333333333,0.5,0.4,0.577777777777778,0.166666666666667,0.428571428571429,0.285714285714286,0.293650793650794,1,1,0,0.666666666666667,60.4166666666667,51.2698412698413,0,0,1,0,"Metro","MEDHOST",1,1.9808805
"6519065",2025,1,1,1,1,1,1,1,1,1,1,1,1,1,1,1,1,1,0.166666666666667,0.166666666666667,0.5,0.277777777777778,0.5,0.571428571428571,0.571428571428571,0.547619047619048,0,0,0,0,100,27.5132275132275,0,0,1,0,"Micro","Epic",1,1.8264908
"6519070",2025,1,1,1,0,0.75,1,0.5,0.75,1,1,1,1,1,1,1,1,1,0.666666666666667,1,0.9,0.855555555555556,0.333333333333333,0.142857142857143,0.142857142857143,0.206349206349206,0,0,0,0,83.3333333333333,35.3968253968254,0,0,1,1,"Metro","Cerner",NA,2.5266035
"6520002",2025,1,1,1,0.5,0.875,1,1,1,1,1,1,0.5,0,0.5,0.5,0.5,0.625,0.5,0.666666666666667,0.6,0.588888888888889,0.333333333333333,0.571428571428571,0.571428571428571,0.492063492063492,0,0,0,0,83.3333333333333,36.031746031746,1,0,0,0,"Metro","Meditech",1,1.5896592
"6520004",2025,1,1,1,1,1,1,0,0.5,1,1,1,1,0,0,0,0,0.5,0.666666666666667,0.333333333333333,0.2,0.4,0.666666666666667,0.857142857142857,0.857142857142857,0.793650793650794,0,0,0,0,66.6666666666667,39.7883597883598,0,1,0,0,"Metro","Epic",1,1.5625702
"6520010",2025,1,1,1,1,1,0.5,0.5,0.5,0.5,0.5,1,0.5,0,0,0,0,0.3125,0.833333333333333,0.5,0.4,0.577777777777778,0.166666666666667,0.428571428571429,0.285714285714286,0.293650793650794,1,1,0,0.666666666666667,60.4166666666667,51.2698412698413,0,0,1,0,"Micro","MEDHOST",1,1.9561318
"6520015",2025,1,1,1,0.5,0.875,1,1,1,1,1,1,0.5,0,0.5,0.5,0.5,0.625,0.5,0.666666666666667,0.6,0.588888888888889,0.333333333333333,0.571428571428571,0.571428571428571,0.492063492063492,0,0,0,0,83.3333333333333,36.031746031746,1,0,0,0,"Metro","Meditech",1,1.8086135
"6520018",2025,1,1,1,1,1,1,1,1,1,0.5,1,0.5,1,0,1,0,0.625,0.166666666666667,0.5,0.1,0.255555555555556,0.5,0.428571428571429,0.428571428571429,0.452380952380952,0,0,0,0,87.5,23.5978835978836,0,0,1,0,"Metro","Epic",1,1.7285975
"6520019",2025,1,1,1,0.5,0.875,1,1,1,1,1,1,1,1,1,1,1,1,0.5,0.5,0.5,0.5,0.666666666666667,1,0.857142857142857,0.841269841269841,0,0,0,0,95.8333333333333,44.7089947089947,1,0,0,0,"Metro","Epic",1,1.4379987
"6520028",2025,1,1,1,0.5,0.875,1,1,1,1,1,1,0.5,0,0.5,0.5,0.5,0.625,0.5,0.666666666666667,0.6,0.588888888888889,0.333333333333333,0.571428571428571,0.571428571428571,0.492063492063492,0,0,0,0,83.3333333333333,36.031746031746,0,1,0,0,"Metro","Meditech",1,1.7573649
"6520035",2025,1,1,1,1,1,1,0.5,0.75,1,0,1,0,1,0,1,0,0.5,0,0.166666666666667,0.3,0.155555555555556,0.5,0.857142857142857,0.285714285714286,0.547619047619048,0,0,0,0,75,23.4391534391534,0,0,1,1,"Rural","Epic",1,1.8071619
"6520043",2025,1,1,1,0.5,0.875,1,1,1,1,1,1,0.5,0,0.5,0.5,0.5,0.625,0.5,0.666666666666667,0.6,0.588888888888889,0.333333333333333,0.571428571428571,0.571428571428571,0.492063492063492,0,0,0,0,83.3333333333333,36.031746031746,0,1,0,0,"Metro","Meditech",1,1.7573649
"6520065",2025,1,1,1,1,1,1,0.5,0.75,1,1,1,1,1,1,1,1,1,0.166666666666667,0.333333333333333,0.2,0.233333333333333,0.666666666666667,0.571428571428571,0.571428571428571,0.603174603174603,0,0,0,0,91.6666666666667,27.8835978835979,1,0,0,0,"Metro","Epic",1,1.4379987
"6520066",2025,1,1,1,1,1,1,0.5,0.75,1,0,1,0,1,0,1,0,0.5,0,0.166666666666667,0.3,0.155555555555556,0.5,0.857142857142857,0.285714285714286,0.547619047619048,0,0,0,0,75,23.4391534391534,0,0,1,1,"Rural","Epic",1,1.8071619
"6520067",2025,1,1,1,1,1,0.5,0.5,0.5,0.5,0.5,1,0.5,0,0,0,0,0.3125,0.833333333333333,0.5,0.4,0.577777777777778,0.166666666666667,0.428571428571429,0.285714285714286,0.293650793650794,0,1,0,0.333333333333333,60.4166666666667,40.1587301587302,0,0,1,1,"Metro","Epic",1,2.1414709
"6520209",2025,1,1,1,1,1,1,1,1,1,1,0.5,0.5,0.5,0.5,0.5,0.5,0.625,0.666666666666667,0.666666666666667,0.8,0.711111111111111,0.5,0.428571428571429,0.285714285714286,0.404761904761905,0,0,0,0,87.5,37.1957671957672,0,1,0,0,"Metro","Cerner",1,1.6393638
"6520212",2025,0.5,0.5,0.5,0.5,0.5,0.5,0,0.25,0.5,0,0.5,0.5,0.5,0,0,0,0.25,0.5,0.666666666666667,0.3,0.488888888888889,0,0,0,0,0,0,0,0,33.3333333333333,16.2962962962963,0,1,0,0,"Micro","Altera Digital Health",NA,1.8182753
"6520214",2025,1,1,1,1,1,1,1,1,1,0.5,1,0.5,1,0,1,0,0.625,0.166666666666667,0.5,0.1,0.255555555555556,0.5,0.428571428571429,0.428571428571429,0.452380952380952,0,0,0,0,87.5,23.5978835978836,0,0,1,0,"Metro","Epic",1,1.8478839
"6520215",2025,1,1,1,1,1,1,1,1,0.5,1,1,1,1,0.5,1,0.5,0.8125,0.5,0.333333333333333,0.4,0.411111111111111,0.333333333333333,0.714285714285714,0.142857142857143,0.396825396825397,0,0,0,0,93.75,26.9312169312169,0,0,1,0,"Micro","Cerner",1,1.8264908
"6520230",2025,1,1,1,0.5,0.875,1,1,1,1,1,1,0.5,0,0.5,0.5,0.5,0.625,0.5,0.666666666666667,0.6,0.588888888888889,0.333333333333333,0.571428571428571,0.571428571428571,0.492063492063492,0,0,0,0,83.3333333333333,36.031746031746,0,1,0,0,"Metro","Meditech",1,1.7573649
"6520254",2025,1,1,1,1,1,1,0.5,0.75,1,0,1,0,1,0,1,0,0.5,0,0.166666666666667,0.3,0.155555555555556,0.5,0.857142857142857,0.285714285714286,0.547619047619048,0,0,0,0,75,23.4391534391534,0,1,0,0,"Micro","Epic",1,1.6232318
"6520294",2025,0.5,0.5,0.5,0.5,0.5,0.5,0,0.25,0.5,0,0.5,0,0,0,0,0,0.125,0.5,0.5,0.7,0.566666666666667,0.166666666666667,0.142857142857143,0,0.103174603174603,0,0,0,0,29.1666666666667,22.3280423280423,0,1,0,0,"Metro","Meditech",NA,1.9892112
"6520297",2025,1,1,1,1,1,0.5,0.5,0.5,0.5,0.5,1,0.5,0,0,0,0,0.3125,0.833333333333333,0.5,0.4,0.577777777777778,0.166666666666667,0.428571428571429,0.285714285714286,0.293650793650794,0,1,0,0.333333333333333,60.4166666666667,40.1587301587302,0,1,0,0,"Metro","Meditech",1,1.7573649
"6520350",2025,1,1,1,1,1,1,1,1,0.5,1,1,1,1,0.5,1,0.5,0.8125,0.5,0.333333333333333,0.4,0.411111111111111,0.333333333333333,0.714285714285714,0.142857142857143,0.396825396825397,0,0,0,0,93.75,26.9312169312169,0,0,1,0,"Metro","Cerner",1,1.8478839
"6520353",2025,1,1,1,1,1,0.5,0.5,0.5,0.5,0.5,1,0.5,0,0,0,0,0.3125,0.833333333333333,0.5,0.4,0.577777777777778,0.166666666666667,0.428571428571429,0.285714285714286,0.293650793650794,0,1,0,0.333333333333333,60.4166666666667,40.1587301587302,0,0,1,1,"Metro","Epic",1,2.1414709
"6520510",2025,1,1,1,1,1,1,1,1,0.5,1,1,1,1,0.5,1,0.5,0.8125,0.5,0.333333333333333,0.4,0.411111111111111,0.333333333333333,0.714285714285714,0.142857142857143,0.396825396825397,0,0,0,0,93.75,26.9312169312169,0,1,0,0,"Metro","Cerner",1,1.4102389
"6520530",2025,1,1,1,1,1,1,1,1,0.5,1,1,1,1,0.5,1,0.5,0.8125,0.5,0.333333333333333,0.4,0.411111111111111,0.333333333333333,0.714285714285714,0.142857142857143,0.396825396825397,0,0,0,0,93.75,26.9312169312169,1,0,0,0,"Metro","Cerner",1,1.509708
"6520575",2025,1,1,1,1,1,0.5,0.5,0.5,1,1,1,1,1,1,1,1,1,0.333333333333333,0.166666666666667,0.8,0.433333333333333,0.833333333333333,1,1,0.944444444444445,0,0,0,0,83.3333333333333,45.9259259259259,1,0,0,0,"Metro","Cerner",NA,1.7362429
"6520576",2025,1,1,1,0,0.75,0,0,0,0.5,0,1,0,0.5,0,0,0,0.25,0.166666666666667,0.833333333333333,1,0.666666666666667,0.333333333333333,0.285714285714286,0.428571428571429,0.349206349206349,0,0,0,0,33.3333333333333,33.8624338624339,0,0,1,1,"Metro","Cerner",1,1.8478839
"6520590",2025,1,1,1,1,1,0.5,0.5,0.5,0.5,0.5,1,0.5,0,0,0,0,0.3125,0.833333333333333,0.5,0.4,0.577777777777778,0.166666666666667,0.428571428571429,0.285714285714286,0.293650793650794,1,1,0,0.666666666666667,60.4166666666667,51.2698412698413,0,0,1,0,"Micro","MEDHOST",1,2.1126702
"6520650",2025,1,1,1,1,1,1,1,1,0.5,1,1,1,1,0.5,1,0.5,0.8125,0.5,0.333333333333333,0.4,0.411111111111111,0.333333333333333,0.714285714285714,0.142857142857143,0.396825396825397,0,0,0,0,93.75,26.9312169312169,0,0,1,0,"Metro","Cerner",1,1.8478839
"6520665",2025,0,0,0,0,0,0,0,0,0,0,0,0,0,0,0,0,0,0,0,0,0,0,0,0,0,0,0,0,0,0,0,0,0,1,0,"Micro","CPSI/Evident",NA,2.488085
"6520668",2025,1,1,1,1,1,1,0.5,0.75,1,0,1,0,1,0,1,0,0.5,0,0.166666666666667,0.3,0.155555555555556,0.5,0.857142857142857,0.285714285714286,0.547619047619048,0,0,0,0,75,23.4391534391534,0,0,1,0,"Micro","Epic",1,1.6936046
"6520670",2025,0,0.5,0,0,0.125,0,0,0,0,0,0,0,0,0,0,0,0,0.333333333333333,0.333333333333333,0.8,0.488888888888889,0,0.142857142857143,0,0.0476190476190476,0,0,0,0,4.16666666666667,17.8835978835979,0,1,0,0,"Metro","Altera Digital Health",NA,2.1511657
"6520681",2025,1,1,1,1,1,1,1,1,1,0.5,1,0.5,1,0,1,0,0.625,0.166666666666667,0.5,0.1,0.255555555555556,0.5,0.428571428571429,0.428571428571429,0.452380952380952,0,0,0,0,87.5,23.5978835978836,1,0,0,0,"Metro","Epic",1,1.4089135
"6520745",2025,1,1,1,0.5,0.875,1,1,1,1,1,1,0.5,0,0.5,0.5,0.5,0.625,0.5,0.666666666666667,0.6,0.588888888888889,0.333333333333333,0.571428571428571,0.571428571428571,0.492063492063492,0,0,0,0,83.3333333333333,36.031746031746,0,1,0,0,"Metro","Meditech",1,1.881361
"6520785",2025,1,1,1,1,1,1,1,1,0.5,0.5,0,0.5,1,0.5,0,0.5,0.4375,0.333333333333333,0.333333333333333,0.5,0.388888888888889,0.5,0.428571428571429,0.285714285714286,0.404761904761905,0,0,0,0,81.25,26.4550264550265,1,0,0,0,"Metro","Epic",1,1.4089135
"6520812",2025,0.5,0.5,0.5,0.5,0.5,0.5,0,0.25,0,0,0,0,0,0,0,0,0,0.333333333333333,0.5,0.8,0.544444444444444,0,0,0,0,0,0,0,0,25,18.1481481481481,0,1,0,0,"Metro","Cerner",1,1.7573649
"6520885",2025,1,1,1,1,1,1,0.5,0.75,1,0,1,0,1,0,1,0,0.5,0,0.166666666666667,0.3,0.155555555555556,0.5,0.857142857142857,0.285714285714286,0.547619047619048,0,0,0,0,75,23.4391534391534,0,0,1,0,"Metro","Epic",1,1.8280548
"6520895",2025,1,1,1,1,1,1,1,1,0.5,1,1,1,1,0.5,1,0.5,0.8125,0.5,0.333333333333333,0.4,0.411111111111111,0.333333333333333,0.714285714285714,0.142857142857143,0.396825396825397,0,0,0,0,93.75,26.9312169312169,0,1,0,0,"Metro","Cerner",1,1.5625702
"6521020",2025,1,1,1,0.5,0.875,1,1,1,1,1,1,0.5,0,0.5,0.5,0.5,0.625,0.5,0.666666666666667,0.6,0.588888888888889,0.333333333333333,0.571428571428571,0.571428571428571,0.492063492063492,0,0,0,0,83.3333333333333,36.031746031746,1,0,0,0,"Metro","Meditech",1,1.8086135
"6521035",2025,1,1,1,0.5,0.875,1,1,1,1,1,1,0.5,0,0.5,0.5,0.5,0.625,0.5,0.666666666666667,0.6,0.588888888888889,0.333333333333333,0.571428571428571,0.571428571428571,0.492063492063492,0,0,0,0,83.3333333333333,36.031746031746,0,0,1,0,"Metro","Meditech",1,1.9808805
"6521060",2025,1,1,1,1,1,1,0,0.5,1,1,1,1,0,0,0,0,0.5,0.666666666666667,0.333333333333333,0.2,0.4,0.666666666666667,0.857142857142857,0.857142857142857,0.793650793650794,0,0,0,0,66.6666666666667,39.7883597883598,1,0,0,0,"Metro","Epic",1,1.4089135
"6521080",2025,1,1,1,1,1,1,1,1,0.5,1,1,1,1,0.5,1,0.5,0.8125,0.5,0.333333333333333,0.4,0.411111111111111,0.333333333333333,0.714285714285714,0.142857142857143,0.396825396825397,0,0,0,0,93.75,26.9312169312169,0,1,0,0,"Metro","Cerner",1,1.4102389
"6521095",2025,1,1,1,1,1,1,0.5,0.75,1,0,1,0,1,0,1,0,0.5,0,0.166666666666667,0.3,0.155555555555556,0.5,0.857142857142857,0.285714285714286,0.547619047619048,0,0,0,0,75,23.4391534391534,0,0,1,0,"Micro","Epic",1,1.8071619
"6521116",2025,1,1,1,1,1,1,0.5,0.75,1,1,1,1,1,1,1,1,1,0.166666666666667,0.333333333333333,0.2,0.233333333333333,0.666666666666667,0.571428571428571,0.714285714285714,0.650793650793651,0,0,0,0,91.6666666666667,29.4708994708995,0,0,1,1,"Rural","Epic",1,1.8264908
"6521135",2025,1,1,1,1,1,0.5,0.5,0.5,0.5,0.5,1,0.5,0,0,0,0,0.3125,0.833333333333333,0.5,0.4,0.577777777777778,0.166666666666667,0.428571428571429,0.285714285714286,0.293650793650794,1,1,0,0.666666666666667,60.4166666666667,51.2698412698413,0,0,1,0,"Rural","MEDHOST",1,2.1126702
"6521145",2025,1,0.5,1,0,0.625,1,1,1,1,1,1,1,1,1,1,1,1,0.166666666666667,0,0.2,0.122222222222222,0.833333333333333,0,0.142857142857143,0.325396825396825,0,0,0,0,87.5,14.9206349206349,0,0,1,1,"Rural","CPSI/Evident",NA,3.0033474
"6521170",2025,1,1,1,1,1,1,1,1,0.5,1,1,1,1,0.5,1,0.5,0.8125,0.5,0.333333333333333,0.4,0.411111111111111,0.333333333333333,0.714285714285714,0.142857142857143,0.396825396825397,0,0,0,0,93.75,26.9312169312169,0,0,1,0,"Micro","Cerner",1,1.8264908
"6521185",2025,1,1,1,1,1,0.5,0.5,0.5,0.5,0.5,1,0.5,0,0,0,0,0.3125,0.833333333333333,0.5,0.4,0.577777777777778,0.166666666666667,0.428571428571429,0.285714285714286,0.293650793650794,0,1,0,0.333333333333333,60.4166666666667,40.1587301587302,0,1,0,0,"Micro","Meditech",1,1.8591231
"6521195",2025,1,1,1,1,1,1,0,0.5,1,1,1,1,0,0,0,0,0.5,0.666666666666667,0.333333333333333,0.2,0.4,0.666666666666667,0.857142857142857,0.857142857142857,0.793650793650794,0,0,0,0,66.6666666666667,39.7883597883598,0,0,1,0,"Micro","Epic",1,1.8264908
"6521224",2025,1,1,1,1,1,1,0,0.5,1,1,1,1,0,0,0,0,0.5,0.666666666666667,0.333333333333333,0.2,0.4,0.666666666666667,0.857142857142857,0.857142857142857,0.793650793650794,0,0,0,0,66.6666666666667,39.7883597883598,0,0,1,0,"Micro","Epic",1,1.8264908
"6521225",2025,1,1,1,1,1,1,1,1,1,0.5,1,0.5,1,0,1,0,0.625,0.166666666666667,0.5,0.1,0.255555555555556,0.5,0.428571428571429,0.428571428571429,0.452380952380952,0,0,0,0,87.5,23.5978835978836,0,0,1,0,"Micro","Epic",1,1.7102141
"6524010",2025,1,1,1,1,1,1,0.5,0.75,1,0,1,0,1,0,1,0,0.5,0,0.166666666666667,0.3,0.155555555555556,0.5,0.857142857142857,0.285714285714286,0.547619047619048,0,0,0,0,75,23.4391534391534,1,0,0,0,"Metro","Epic",1,1.4277552
"6529075",2025,1,1,1,1,1,1,1,1,1,0.5,1,0.5,1,0,1,0,0.625,0.166666666666667,0.5,0.1,0.255555555555556,0.5,0.428571428571429,0.428571428571429,0.452380952380952,0,0,0,0,87.5,23.5978835978836,0,0,1,0,"Rural","Epic",1,1.7102141
"6530006",2025,1,1,1,1,1,1,1,1,1,1,1,1,1,1,1,1,1,0.5,0.5,0.5,0.5,1,1,0.428571428571429,0.809523809523809,0,1,0,0.333333333333333,100,54.7619047619048,1,0,0,0,"Metro","Epic",1,1.4379987
"6530050",2025,1,1,1,1,1,1,0.5,0.75,1,0,1,0,1,0,1,0,0.5,0.333333333333333,0.333333333333333,0.2,0.288888888888889,0.5,0.857142857142857,0.714285714285714,0.690476190476191,0,0,0,0,75,32.6455026455027,0,0,1,0,"Rural","MEDHOST",1,2.1126702
"6530116",2025,1,1,1,1,1,1,1,1,1,1,1,1,1,1,1,1,1,0.5,0.5,0.5,0.5,1,1,0.428571428571429,0.809523809523809,0,1,0,0.333333333333333,100,54.7619047619048,0,1,0,0,"Metro","Epic",1,1.5625702
"6530142",2025,0.5,0.5,0,0.5,0.375,0,0,0,0,0,1,0.5,0,0,0,0,0.1875,0.5,0.333333333333333,0.2,0.344444444444444,0.166666666666667,0,0.142857142857143,0.103174603174603,0,0,0,0,18.75,14.9206349206349,0,1,0,0,"Metro","Meditech",1,1.5494134
"6530161",2025,1,1,1,1,1,0,0,0,0.5,0,0.5,0,0.5,0,0.5,0,0.25,0.5,0.833333333333333,0.7,0.677777777777778,0.166666666666667,0.142857142857143,0.142857142857143,0.150793650793651,0,0,1,0.333333333333333,41.6666666666667,38.7301587301587,1,0,0,0,"Metro","Cerner",1,1.8086135
"6530304",2025,1,1,0.5,0,0.625,0.5,1,0.75,1,0.5,1,0.5,1,0,1,0,0.625,0.833333333333333,0.833333333333333,0.4,0.688888888888889,0.666666666666667,0.428571428571429,0,0.365079365079365,0,0,0,0,66.6666666666667,35.1322751322751,1,0,0,0,"Metro","Cerner",1,1.3993503
"6530313",2025,1,1,1,1,1,1,1,1,1,1,1,1,1,0.5,1,0.5,0.875,0.5,0.5,0.1,0.366666666666667,0.5,0.571428571428571,0.571428571428571,0.547619047619048,0,0,0,0,95.8333333333333,30.4761904761905,0,0,1,0,"Rural","Epic",1,1.8264908
"6530345",2025,0,0,0,0,0,0,0,0,0,0,0,0,0,0,0,0,0,0,0,0,0,0,0,0,0,0,0,0,0,0,0,0,0,1,0,"Rural","Meditech",1,1.6936046
"6530390",2025,1,0,0,0.5,0.375,0.5,0.5,0.5,0,0,0,0,0,0,0,0,0,0.833333333333333,0.5,0.4,0.577777777777778,0.166666666666667,0,0,0.0555555555555556,0,0,0,0,29.1666666666667,21.1111111111111,0,0,1,0,"Micro","MEDHOST",1,2.1126702
"6530394",2025,1,1,1,1,1,1,1,1,1,0.5,1,0.5,1,0.5,1,0.5,0.75,0.5,0.5,0.3,0.433333333333333,0.5,0.571428571428571,0.285714285714286,0.452380952380952,0,0,0,0,91.6666666666667,29.5238095238095,0,0,1,1,"Rural","Epic",1,1.8264908
"6530417",2025,1,1,1,1,1,1,1,1,1,1,1,1,1,1,1,1,1,0.5,0.5,0.5,0.5,1,1,0.428571428571429,0.809523809523809,0,1,0,0.333333333333333,100,54.7619047619048,0,1,0,0,"Metro","Epic",1,1.5625702
"6530440",2025,1,1,1,1,1,0.5,0.5,0.5,0.5,0.5,1,0.5,0,0,0,0,0.3125,0.833333333333333,0.5,0.4,0.577777777777778,0.166666666666667,0.428571428571429,0.285714285714286,0.293650793650794,0,1,0,0.333333333333333,60.4166666666667,40.1587301587302,0,1,0,0,"Metro","Meditech",1,1.5522876
"6530446",2025,0,1,1,0,0.5,0.5,0,0.25,0,0,0,0,0,0,0,0,0,0.5,0.833333333333333,0.7,0.677777777777778,0,0.428571428571429,0.285714285714286,0.238095238095238,0,0,1,0.333333333333333,25,41.6402116402116,0,1,0,0,"Metro","MEDHOST",1,1.7573649
"6530460",2025,0.5,0.5,0.5,0.5,0.5,0.5,1,0.75,0.5,0.5,0,0.5,1,0,0,0,0.3125,1,0.666666666666667,0.5,0.722222222222222,0,0,0,0,0,0,0,0,52.0833333333333,24.0740740740741,0,1,0,0,"Metro","Cerner",1,1.5522876
"6530470",2025,0,0.5,0.5,0,0.25,0.5,0,0.25,0,0,0,0.5,0,0,0,0,0.0625,0.5,0.666666666666667,1,0.722222222222222,0,0,0,0,0,0,0,0,18.75,24.0740740740741,0,1,0,0,"Metro","Epic",1,1.881361
"6530516",2025,1,1,1,1,1,0.5,0.5,0.5,1,1,1,1,1,1,0,0,0.75,0.666666666666667,0.5,0.2,0.455555555555555,1,1,0.857142857142857,0.952380952380952,0,0,0,0,75,46.9312169312169,0,0,1,0,"Rural","Epic",1,1.8264908
"6530780",2025,1,1,1,0.5,0.875,0.5,0.5,0.5,0.5,0.5,0.5,0.5,0.5,0.5,0.5,0.5,0.5,0.333333333333333,0.5,0.3,0.377777777777778,0.333333333333333,0.428571428571429,0.142857142857143,0.301587301587302,0,0,0,0,62.5,22.6455026455026,0,0,1,0,"Metro","Cerner",1,1.7115581
"6530880",2025,0.5,0,0,0,0.125,0,0,0,0.5,0,0.5,0,0.5,0,0.5,0,0.25,0.5,0.5,0.5,0.5,0,0,0,0,0,0,0,0,12.5,16.6666666666667,0,1,0,0,"Metro","Cerner",1,1.5494134
"653090A",2025,1,1,1,1,1,0.5,0.5,0.5,0.5,0.5,1,0.5,0,0,0,0,0.3125,0.833333333333333,0.5,0.4,0.577777777777778,0.166666666666667,0.428571428571429,0.285714285714286,0.293650793650794,0,1,0,0.333333333333333,60.4166666666667,40.1587301587302,0,0,1,0,"Metro","Meditech",1,1.9808805
"6531027",2025,1,1,1,1,1,0.5,0.5,0.5,1,1,1,1,1,1,0,0,0.75,0.666666666666667,0.5,0.2,0.455555555555555,1,1,0.857142857142857,0.952380952380952,0,0,0,0,75,46.9312169312169,0,0,1,0,"Rural","Epic",1,2.1126702
"6539120",2025,0.5,0,0,0,0.125,0,0,0,0.5,0,0.5,0,0.5,0,0.5,0,0.25,0.5,0.5,0.5,0.5,0,0,0,0,0,0,0,0,12.5,16.6666666666667,0,0,1,1,"Micro","Cerner",1,1.6936046
"6539160",2025,1,1,1,1,1,1,1,1,1,1,1,1,0,0,1,1,0.75,0.333333333333333,0.166666666666667,0.5,0.333333333333333,0.333333333333333,0.285714285714286,0.285714285714286,0.301587301587302,0,0,0,0,91.6666666666667,21.1640211640212,0,0,1,1,"Rural","Epic",1,1.8264908
"6540001",2025,1,1,1,1,1,1,1,1,1,0.5,1,0.5,1,0,1,0,0.625,0.166666666666667,0.5,0.1,0.255555555555556,0.5,0.428571428571429,0.428571428571429,0.452380952380952,0,0,0,0,87.5,23.5978835978836,0,1,0,0,"Micro","Epic",1,1.399888
"6540007",2025,1,1,1,1,1,1,1,1,1,0.5,1,0.5,1,0,1,0,0.625,0.166666666666667,0.5,0.1,0.255555555555556,0.5,0.428571428571429,0.428571428571429,0.452380952380952,0,0,0,0,87.5,23.5978835978836,1,0,0,0,"Metro","Epic",1,1.6006376
"6540014",2025,1,1,1,1,1,1,1,1,1,0.5,1,0.5,1,0.5,1,0.5,0.75,0.5,0.5,0.3,0.433333333333333,0.5,0.571428571428571,0.285714285714286,0.452380952380952,0,0,0,0,91.6666666666667,29.5238095238095,0,0,1,1,"Metro","Epic",1,1.8478839
"6540020",2025,1,1,1,1,1,0.5,0.5,0.5,1,1,1,1,1,1,0,0,0.75,0.666666666666667,0.5,0.2,0.455555555555555,1,1,0.857142857142857,0.952380952380952,0,0,0,0,75,46.9312169312169,0,0,1,0,"Rural","Epic",1,1.6026957
"6540021",2025,1,1,1,0.5,0.875,0.5,1,0.75,1,0.5,1,1,1,0,1,0,0.6875,0.5,0.666666666666667,0.4,0.522222222222222,0.666666666666667,1,0.285714285714286,0.650793650793651,0,0,0,0,77.0833333333333,39.1005291005291,0,1,0,0,"Metro","Epic",NA,1.9892112
"6540032",2025,0.5,0.5,0.5,0.5,0.5,0.5,0.5,0.5,0.5,0.5,0.5,0,0,0,0,0,0.1875,0.833333333333333,0.833333333333333,0.9,0.855555555555556,0,0,0,0,0,0,0,0,39.5833333333333,28.5185185185185,0,1,0,0,"Micro","Meditech",1,1.5355511
"6540037",2025,1,1,1,1,1,1,1,1,1,0.5,1,0.5,1,0.5,1,0.5,0.75,0.5,0.5,0.3,0.433333333333333,0.5,0.571428571428571,0.285714285714286,0.452380952380952,0,0,0,0,91.6666666666667,29.5238095238095,0,0,1,0,"Metro","Epic",1,1.6182961
"6540080",2025,1,1,1,1,1,1,1,1,1,0.5,1,0.5,1,0,1,0,0.625,0.166666666666667,0.5,0.1,0.255555555555556,0.5,0.428571428571429,0.428571428571429,0.452380952380952,0,0,0,0,87.5,23.5978835978836,0,0,1,0,"Micro","Epic",1,1.6026957
"6540110",2025,0,1,0,0.5,0.375,0.5,0,0.25,0.5,0,0.5,0.5,0,0,0,0,0.1875,0.333333333333333,0.333333333333333,0,0.222222222222222,0,0.285714285714286,0,0.0952380952380952,0,0,0,0,27.0833333333333,10.5820105820106,0,0,1,0,"Micro","Meditech",1,1.7102141
"6540116",2025,1,1,1,1,1,1,1,1,1,0.5,1,0.5,1,0,1,0,0.625,0.166666666666667,0.5,0.1,0.255555555555556,0.5,0.428571428571429,0.428571428571429,0.452380952380952,0,0,0,0,87.5,23.5978835978836,0,1,0,1,"Rural","Epic",1,1.6381562
"6540123",2025,1,1,1,1,1,1,1,1,1,0.5,1,0.5,1,0,1,0,0.625,0.166666666666667,0.5,0.1,0.255555555555556,0.5,0.428571428571429,0.428571428571429,0.452380952380952,0,0,0,0,87.5,23.5978835978836,0,0,1,1,"Rural","Epic",1,1.8264908
"6540130",2025,1,1,1,0.5,0.875,0,0.5,0.25,0.5,1,0.5,1,0.5,0.5,0.5,0,0.5625,0.333333333333333,0.333333333333333,0.4,0.355555555555556,0.5,0.285714285714286,0.285714285714286,0.357142857142857,0,0,0,0,56.25,23.7566137566138,0,0,1,1,"Rural","CPSI/Evident",NA,2.4532838
"6540235",2025,1,1,1,0.5,0.875,0.5,0.5,0.5,1,0,0.5,0,0.5,0,0.5,0,0.3125,0.5,0.833333333333333,0.6,0.644444444444444,0.666666666666667,0.857142857142857,0.142857142857143,0.555555555555555,0,0,0,0,56.25,40,0,0,1,1,"Metro","CPSI/Evident",NA,2.5266035
"6540295",2025,1,1,1,0.5,0.875,0.5,1,0.75,1,0.5,1,1,1,0,1,0,0.6875,0.5,0.666666666666667,0.4,0.522222222222222,0.666666666666667,1,0.285714285714286,0.650793650793651,0,0,0,0,77.0833333333333,39.1005291005291,0,1,0,0,"Metro","Epic",NA,2.1511657
"6540300",2025,1,1,1,1,1,1,1,1,0.5,0.5,1,0.5,1,0.5,0.5,0.5,0.625,0.333333333333333,0.5,0.6,0.477777777777778,0.5,0.571428571428571,0.428571428571429,0.5,1,0,0,0.333333333333333,87.5,43.7037037037037,0,1,0,0,"Metro","Cerner",1,1.4006447
"6540359",2025,1,1,1,1,1,0.5,0.5,0.5,1,1,1,1,1,1,0,0,0.75,0.666666666666667,0.5,0.2,0.455555555555555,1,1,0.857142857142857,0.952380952380952,0,0,0,0,75,46.9312169312169,0,0,1,0,"Rural","Epic",1,1.8264908
"6540390",2025,1,1,1,0.5,0.875,1,0.5,0.75,1,1,1,0,1,0.5,1,0.5,0.75,0.166666666666667,0,0.3,0.155555555555556,0.166666666666667,0.285714285714286,0.285714285714286,0.246031746031746,0,0,0,0,79.1666666666667,13.3862433862434,1,0,0,0,"Metro","Epic",1,1.4379987
"6540416",2025,1,1,1,1,1,1,1,1,0.5,0.5,0,0.5,1,0.5,0,0.5,0.4375,0.333333333333333,0.333333333333333,0.5,0.388888888888889,0.5,0.428571428571429,0.285714285714286,0.404761904761905,0,0,0,0,81.25,26.4550264550265,0,0,1,0,"Metro","Epic",1,1.8478839
"6540420",2025,1,1,1,1,1,1,1,1,1,0.5,1,0.5,1,0,1,0,0.625,0.166666666666667,0.5,0.1,0.255555555555556,0.5,0.428571428571429,0.428571428571429,0.452380952380952,0,0,0,0,87.5,23.5978835978836,0,0,1,1,"Rural","Epic",1,1.8264908
"6540501",2025,1,1,1,0.5,0.875,0.5,0.5,0.5,1,0.5,0.5,0.5,0.5,0,0.5,0,0.4375,0,0,0.2,0.0666666666666667,0.5,0.285714285714286,0.142857142857143,0.30952380952381,0,0,0,0,60.4166666666667,12.5396825396825,0,0,1,0,"Micro","Epic",1,1.505792
"6540510",2025,1,1,1,1,1,1,1,1,1,0.5,1,0.5,1,0,1,0,0.625,0.166666666666667,0.5,0.1,0.255555555555556,0.5,0.428571428571429,0.428571428571429,0.452380952380952,0,0,0,0,87.5,23.5978835978836,0,1,0,0,"Micro","Epic",1,1.399888
"6540575",2025,1,1,1,1,1,1,1,1,1,0.5,1,0.5,1,0,1,0,0.625,0.166666666666667,0.5,0.1,0.255555555555556,0.5,0.428571428571429,0.428571428571429,0.452380952380952,0,0,0,0,87.5,23.5978835978836,0,0,1,0,"Micro","Epic",1,1.8264908
"6540580",2025,1,1,1,1,1,1,1,1,1,0.5,1,0.5,1,0.5,1,0.5,0.75,0.5,0.5,0.3,0.433333333333333,0.5,0.571428571428571,0.285714285714286,0.452380952380952,0,0,0,0,91.6666666666667,29.5238095238095,0,1,0,0,"Micro","Epic",1,1.5483757
"6540598",2025,1,1,1,0.5,0.875,0.5,0.5,0.5,1,0.5,0.5,0.5,0.5,0,0.5,0,0.4375,0,0,0.2,0.0666666666666667,0.5,0.285714285714286,0.142857142857143,0.30952380952381,1,0,0,0.333333333333333,60.4166666666667,23.6507936507936,0,0,1,1,"Rural","Epic",1,1.8071619
"6540657",2025,1,1,1,1,1,1,1,1,1,0.5,1,0.5,1,0,1,0,0.625,0.166666666666667,0.5,0.1,0.255555555555556,0.5,0.428571428571429,0.428571428571429,0.452380952380952,0,0,0,0,87.5,23.5978835978836,0,0,1,0,"Rural","Epic",1,1.5179042
"6540693",2025,1,1,1,1,1,1,1,1,1,0.5,1,0.5,1,0,1,0,0.625,0.166666666666667,0.5,0.1,0.255555555555556,0.5,0.428571428571429,0.428571428571429,0.452380952380952,0,0,0,0,87.5,23.5978835978836,0,1,0,0,"Micro","Epic",1,1.399888
"6540740",2025,1,1,1,1,1,0.5,0.5,0.5,1,1,1,1,1,1,0,0,0.75,0.666666666666667,0.5,0.2,0.455555555555555,1,1,0.857142857142857,0.952380952380952,0,0,0,0,75,46.9312169312169,0,0,1,1,"Rural","Epic",1,1.8264908
"6540754",2025,1,1,1,1,1,1,1,1,1,0.5,1,0.5,1,0.5,1,0.5,0.75,0.5,0.5,0.3,0.433333333333333,0.5,0.571428571428571,0.285714285714286,0.452380952380952,0,0,0,0,91.6666666666667,29.5238095238095,0,0,1,1,"Micro","Epic",1,1.8264908
"6540810",2025,1,1,1,1,1,0.5,0.5,0.5,1,1,1,1,1,1,0,0,0.75,0.666666666666667,0.5,0.2,0.455555555555555,1,1,0.857142857142857,0.952380952380952,0,0,0,0,75,46.9312169312169,1,0,0,0,"Micro","Epic",1,1.3985959
"6540840",2025,1,1,1,1,1,1,1,1,1,0.5,1,0.5,1,0.5,1,0.5,0.75,0.5,0.5,0.3,0.433333333333333,0.5,0.571428571428571,0.285714285714286,0.452380952380952,0,0,0,0,91.6666666666667,29.5238095238095,0,0,1,1,"Rural","Epic",1,1.7102141
"6540891",2025,0,1,0.5,1,0.625,0.5,0.5,0.5,0.5,0.5,1,0.5,1,0.5,0.5,0.5,0.625,0.666666666666667,0.5,0.9,0.688888888888889,0.166666666666667,0.142857142857143,0,0.103174603174603,0,0,0,0,58.3333333333333,26.4021164021164,0,1,0,0,"Micro","Athenahealth",NA,2.1221201
"6540905",2025,1,1,1,1,1,0.5,0.5,0.5,1,1,1,1,1,1,0,0,0.75,0.666666666666667,0.5,0.2,0.455555555555555,1,1,0.857142857142857,0.952380952380952,0,0,0,0,75,46.9312169312169,0,0,1,0,"Rural","Epic",1,1.6026957
"654090A",2025,0.5,0.5,0.5,0,0.375,0,0,0,0.5,0.5,0,0,0.5,0,0,0,0.1875,1,0.666666666666667,0,0.555555555555555,0,0,0,0,0,1,0,0.333333333333333,18.75,29.6296296296296,0,0,1,0,"Rural","Cerner",NA,2.2488253
"6540930",2025,1,1,1,1,1,1,1,1,1,0.5,1,0.5,1,0,1,0,0.625,0.166666666666667,0.5,0.1,0.255555555555556,0.5,0.428571428571429,0.428571428571429,0.452380952380952,0,0,0,0,87.5,23.5978835978836,0,0,1,1,"Metro","Epic",1,1.8478839
"6540950",2025,1,1,1,1,1,1,1,1,1,0.5,1,0.5,1,0,1,0,0.625,0.166666666666667,0.5,0.1,0.255555555555556,0.5,0.428571428571429,0.428571428571429,0.452380952380952,0,0,0,0,87.5,23.5978835978836,0,1,0,0,"Metro","Epic",1,1.4102389
"6549040",2025,1,1,1,1,1,0.5,0.5,0.5,1,1,1,1,1,1,0,0,0.75,0.666666666666667,0.5,0.2,0.455555555555555,1,1,0.857142857142857,0.952380952380952,0,0,0,0,75,46.9312169312169,0,0,1,0,"Micro","Epic",1,1.8264908
"6549165",2025,1,0.5,0.5,0.5,0.625,0.5,0.5,0.5,1,0.5,1,0.5,1,0.5,1,0.5,0.75,0.833333333333333,0,0.3,0.377777777777778,0.666666666666667,0,0,0.222222222222222,0,0,0,0,62.5,20,0,1,0,0,"Rural","Cerner",NA,2.1221201
"6549170",2025,0,1,1,0,0.5,0,0,0,0,0,0,0,0,0,0,0,0,0.5,0.5,0.5,0.5,0,0.285714285714286,0.285714285714286,0.19047619047619,0,0,0,0,16.6666666666667,23.015873015873,0,1,0,1,"Micro","Epic",NA,2.1221201
"6549241",2025,1,1,1,1,1,1,1,1,1,0.5,1,0.5,1,0.5,1,0.5,0.75,0.5,0.5,0.3,0.433333333333333,0.5,0.571428571428571,0.285714285714286,0.452380952380952,0,0,0,0,91.6666666666667,29.5238095238095,0,0,1,1,"Rural","Epic",1,1.8264908
"6610004",2025,1,1,1,1,1,1,1,1,1,1,1,1,1,1,1,1,1,0.5,1,0.7,0.733333333333333,1,1,1,1,0,0,0,0,100,57.7777777777778,1,0,0,0,"Metro","Epic",1,1.3992708
"6610005",2025,1,1,1,1,1,1,1,1,1,1,1,1,1,1,1,1,1,0.5,1,0.7,0.733333333333333,1,1,1,1,0,0,0,0,100,57.7777777777778,0,0,1,0,"Metro","Epic",1,1.7729143
"6610009",2025,1,1,1,1,1,1,1,1,1,1,1,1,1,1,1,1,1,0.5,1,0.7,0.733333333333333,1,1,1,1,0,0,0,0,100,57.7777777777778,0,0,1,0,"Metro","Epic",1,1.664175
"6610010",2025,1,1,1,1,1,1,1,1,1,1,1,1,1,1,1,1,1,0.166666666666667,0,0.1,0.0888888888888889,0.5,0.714285714285714,0.714285714285714,0.642857142857143,0,0,0,0,100,24.3915343915344,0,0,1,1,"Rural","Epic",1,1.7534126
"6610035",2025,1,1,1,0,0.75,1,1,1,0,0,0,0,0,0,0,0,0,0.833333333333333,0.5,0.5,0.611111111111111,0.333333333333333,0.142857142857143,0.142857142857143,0.206349206349206,0,0,0,0,58.3333333333333,27.2486772486773,0,0,1,1,"Rural","Epic",NA,2.356509
"6610044",2025,1,1,1,0,0.75,0.5,0.5,0.5,1,0.5,1,0.5,1,0.5,1,0.5,0.75,0.666666666666667,0.5,0.2,0.455555555555555,0.166666666666667,0.142857142857143,0.142857142857143,0.150793650793651,0,0,0,0,66.6666666666667,20.2116402116402,0,0,1,0,"Micro","Epic",NA,2.3247845
"6610085",2025,0.5,0.5,0.5,0.5,0.5,1,0.5,0.75,1,0.5,1,0.5,1,0.5,1,0.5,0.75,0.833333333333333,0.5,0.8,0.711111111111111,0,0,0,0,0,0,0,0,66.6666666666667,23.7037037037037,1,0,0,0,"Metro","Epic",1,1.5475293
"6610097",2025,1,1,1,1,1,1,1,1,1,1,1,1,1,1,1,1,1,0.166666666666667,0,0.1,0.0888888888888889,0.5,0.714285714285714,0.714285714285714,0.642857142857143,0,0,0,0,100,24.3915343915344,0,0,1,1,"Metro","Epic",1,1.7729143
"6610105",2025,1,1,1,1,1,1,1,1,1,0.5,1,0.5,0.5,0,0.5,0,0.5,0.166666666666667,0.333333333333333,0.2,0.233333333333333,0.166666666666667,0.285714285714286,0.142857142857143,0.198412698412698,0,0,0,0,83.3333333333333,14.3915343915344,0,0,1,1,"Rural","Epic",1,1.7534126
"6610112",2025,1,1,1,0.5,0.875,1,1,1,1,1,1,1,1,1,1,1,1,0.5,0.5,0.5,0.5,0.666666666666667,1,0.857142857142857,0.841269841269841,0,0,0,0,95.8333333333333,44.7089947089947,0,0,1,1,"Rural","Meditech",1,1.7534126
"6610120",2025,1,1,1,1,1,1,1,1,1,0.5,1,0.5,0.5,0,0.5,0,0.5,0.166666666666667,0.333333333333333,0.2,0.233333333333333,0.166666666666667,0.285714285714286,0.142857142857143,0.198412698412698,0,0,0,0,83.3333333333333,14.3915343915344,0,1,0,0,"Micro","Epic",1,1.424211
"6610130",2025,1,1,1,1,1,0.5,0.5,0.5,1,1,1,0.5,0.5,0,0.5,0,0.5625,0.666666666666667,0.333333333333333,0.6,0.533333333333333,0.166666666666667,0.142857142857143,0.142857142857143,0.150793650793651,0,0,0,0,68.75,22.8042328042328,0,0,1,1,"Rural","Epic",1,1.7534126
"6610180",2025,1,1,1,1,1,1,1,1,1,1,1,1,1,1,1,1,1,0.166666666666667,0,0.1,0.0888888888888889,0.5,0.714285714285714,0.714285714285714,0.642857142857143,0,0,0,0,100,24.3915343915344,0,1,0,0,"Micro","Epic",1,1.5817305
"6610190",2025,1,1,1,0.5,0.875,1,1,1,1,1,1,1,1,1,1,1,1,0.5,0.5,0.5,0.5,0.666666666666667,1,0.857142857142857,0.841269841269841,0,0,0,0,95.8333333333333,44.7089947089947,0,0,1,1,"Micro","Meditech",1,1.5494056
"6610200",2025,0.5,0.5,0.5,0.5,0.5,1,0.5,0.75,1,0.5,1,0.5,1,0.5,1,0.5,0.75,0.833333333333333,0.5,0.8,0.711111111111111,0,0,0,0,0,0,0,0,66.6666666666667,23.7037037037037,0,0,1,0,"Metro","Epic",1,1.7729143
"6610240",2025,0.5,0.5,0.5,0.5,0.5,1,0.5,0.75,1,0.5,1,0.5,1,0.5,1,0.5,0.75,0.833333333333333,0.5,0.8,0.711111111111111,0,0,0,0,0,0,0,0,66.6666666666667,23.7037037037037,0,0,1,0,"Metro","Epic",1,1.7729143
"6610247",2025,1,1,1,1,1,1,1,1,1,0.5,1,0.5,0.5,0,0.5,0,0.5,0.166666666666667,0.333333333333333,0.2,0.233333333333333,0.166666666666667,0.285714285714286,0.142857142857143,0.198412698412698,0,0,0,0,83.3333333333333,14.3915343915344,0,0,1,1,"Rural","Epic",1,1.7534126
"6610315",2025,1,1,1,0,0.75,0,0,0,0,0,0,0,0,0,0,0,0,0.666666666666667,0.5,0.4,0.522222222222222,0.166666666666667,0.428571428571429,0.142857142857143,0.246031746031746,0,0,0,0,25,25.6084656084656,0,0,1,1,"Metro","Meditech",NA,1.9910688
"6610320",2025,0.5,0.5,0.5,0.5,0.5,1,0.5,0.75,1,1,1,1,1,1,0,0,0.75,0.5,0.166666666666667,0.3,0.322222222222222,0,0,0,0,0,0,0,0,66.6666666666667,10.7407407407407,0,0,1,1,"Metro","Epic",NA,2.3916214
"6610355",2025,1,0.5,1,1,0.875,1,1,1,1,0.5,1,0.5,1,0,1,0.5,0.6875,0.166666666666667,0.333333333333333,0.3,0.266666666666667,0.333333333333333,0,0.142857142857143,0.158730158730159,0,0,0,0,85.4166666666667,14.1798941798942,0,0,1,1,"Rural","Epic",NA,2.3247845
"6610365",2025,1,1,1,1,1,1,1,1,1,1,1,1,1,1,1,1,1,0.166666666666667,0,0.1,0.0888888888888889,0.5,0.714285714285714,0.714285714285714,0.642857142857143,0,0,0,0,100,24.3915343915344,0,0,1,1,"Micro","Epic",1,1.7534126
"6610380",2025,1,1,1,1,1,1,1,1,1,1,1,1,1,1,1,1,1,0.166666666666667,0,0.1,0.0888888888888889,0.5,0.714285714285714,0.714285714285714,0.642857142857143,0,0,0,0,100,24.3915343915344,0,1,0,0,"Micro","Epic",1,1.424211
"6610390",2025,1,1,1,1,1,1,1,1,1,1,1,1,1,1,1,1,1,0.166666666666667,0,0.1,0.0888888888888889,0.5,0.714285714285714,0.714285714285714,0.642857142857143,0,0,0,0,100,24.3915343915344,0,1,0,0,"Metro","Epic",1,1.5128278
"6610400",2025,1,1,1,1,1,0.5,1,0.75,1,1,1,1,0.5,1,1,1,0.9375,0.5,0.666666666666667,0.6,0.588888888888889,0.5,0.428571428571429,0.285714285714286,0.404761904761905,0,0,1,0.333333333333333,89.5833333333333,44.2328042328042,0,1,0,0,"Metro","Epic",1,1.3739656
"6610410",2025,1,1,1,1,1,1,1,1,1,1,1,1,1,1,1,1,1,0.166666666666667,0,0.1,0.0888888888888889,0.5,0.714285714285714,0.714285714285714,0.642857142857143,0,0,0,0,100,24.3915343915344,0,1,0,0,"Metro","Epic",1,1.3739656
"6610413",2025,0.5,1,1,0,0.625,0.5,0.5,0.5,0,0,0,0,1,0.5,0.5,0.5,0.3125,0.5,0.833333333333333,1,0.777777777777778,0.166666666666667,0.142857142857143,0.142857142857143,0.150793650793651,1,0,1,0.666666666666667,47.9166666666667,53.1746031746032,0,0,1,1,"Metro","Epic",NA,2.3916214
"6610455",2025,0.5,0.5,0.5,0.5,0.5,1,0.5,0.75,1,0.5,1,0.5,1,0.5,1,0.5,0.75,0.833333333333333,0.5,0.8,0.711111111111111,0,0,0,0,0,0,0,0,66.6666666666667,23.7037037037037,0,0,1,0,"Micro","Epic",1,1.7534126
"6610500",2025,1,1,1,1,1,1,1,1,1,0.5,1,0.5,0.5,0,0.5,0,0.5,0.166666666666667,0.333333333333333,0.2,0.233333333333333,0.166666666666667,0.285714285714286,0.142857142857143,0.198412698412698,0,0,0,0,83.3333333333333,14.3915343915344,0,1,0,0,"Micro","Epic",NA,2.0473976
"6610520",2025,1,1,1,1,1,1,1,1,1,1,1,1,1,1,1,1,1,0.166666666666667,0,0.1,0.0888888888888889,0.5,0.714285714285714,0.714285714285714,0.642857142857143,0,0,0,0,100,24.3915343915344,0,0,1,1,"Metro","Epic",1,1.7729143
"6610530",2025,1,1,1,0,0.75,0.5,0.5,0.5,0,0,0,0,0,0,0,0,0,0.333333333333333,0.333333333333333,0,0.222222222222222,0.5,0.428571428571429,0.142857142857143,0.357142857142857,0,0,0,0,41.6666666666667,19.3121693121693,0,1,0,1,"Micro","Epic",1,1.5817305
"6610540",2025,0,0,0,0,0,0,0,0,0,0,0,0,0,0,0,0,0,0,0,0,0,0,0,0,0,0,0,0,0,0,0,0,0,1,1,"Rural","Meditech",NA,1.966063
"6610550",2025,1,1,1,1,1,1,1,1,1,1,1,1,1,1,1,1,1,0.166666666666667,0,0.1,0.0888888888888889,0.5,0.714285714285714,0.714285714285714,0.642857142857143,0,0,0,0,100,24.3915343915344,0,0,1,1,"Rural","Epic",1,1.7534126
"6610552",2025,1,1,1,0,0.75,0,0.5,0.25,0,0,0.5,0,0,0,0,0,0.0625,0.5,0.166666666666667,0.8,0.488888888888889,0.166666666666667,0.142857142857143,0.142857142857143,0.150793650793651,0,0,0,0,35.4166666666667,21.3227513227513,0,0,1,1,"Rural","Meditech",NA,2.3247845
"6610560",2025,1,1,1,1,1,1,1,1,1,1,1,1,1,1,1,1,1,0.5,1,0.7,0.733333333333333,1,1,1,1,0,0,0,0,100,57.7777777777778,0,0,1,0,"Micro","Epic",1,1.6474171
"6610620",2025,0,0,0,0,0,0,0,0,0,0,0,0,0,0,0,0,0,0,0,0,0,0.166666666666667,0,0,0.0555555555555556,0,0,0,0,0,1.85185185185185,0,0,1,1,"Rural","Meditech",NA,1.989197
"6610640",2025,1,1,1,1,1,1,1,1,1,1,1,1,1,1,1,1,1,0.5,1,0.7,0.733333333333333,1,1,1,1,0,0,0,0,100,57.7777777777778,0,0,1,0,"Metro","Epic",1,1.5636265
"6610660",2025,1,1,1,1,1,1,1,1,1,0.5,1,0.5,0.5,0,0.5,0,0.5,0.166666666666667,0.333333333333333,0.2,0.233333333333333,0.166666666666667,0.285714285714286,0.142857142857143,0.198412698412698,0,0,0,0,83.3333333333333,14.3915343915344,0,0,1,1,"Rural","Epic",1,1.7534126
"6610700",2025,1,1,1,0.5,0.875,1,1,1,1,1,1,1,1,1,1,1,1,0.5,0.5,0.5,0.5,0.666666666666667,1,0.857142857142857,0.841269841269841,0,0,0,0,95.8333333333333,44.7089947089947,0,0,1,1,"Rural","Altera Digital Health",1,1.7534126
"6610720",2025,1,0.5,1,1,0.875,0.5,0.5,0.5,1,1,1,0.5,0.5,0,0.5,0,0.5625,0.666666666666667,0.333333333333333,0.6,0.533333333333333,0.166666666666667,0,0.142857142857143,0.103174603174603,0,0,0,0,64.5833333333333,21.2169312169312,0,0,1,1,"Rural","Epic",1,1.6474171
"6610730",2025,1,1,1,1,1,1,1,1,1,0.5,1,0.5,0.5,0,0.5,0,0.5,0.166666666666667,0.333333333333333,0.2,0.233333333333333,0.166666666666667,0.285714285714286,0.142857142857143,0.198412698412698,0,0,0,0,83.3333333333333,14.3915343915344,0,0,1,1,"Metro","Epic",1,1.7729143
"6610740",2025,0.5,0.5,1,0,0.5,0.5,0.5,0.5,1,0.5,1,0.5,1,0.5,1,0.5,0.75,0.833333333333333,1,0.7,0.844444444444444,0.166666666666667,0,0.142857142857143,0.103174603174603,0,1,1,0.666666666666667,58.3333333333333,53.8095238095238,0,0,1,1,"Rural","Cerner",NA,2.356509
"6610810",2025,1,1,1,1,1,0.5,0.5,0.5,1,1,1,0.5,0.5,0,0.5,0,0.5625,0.666666666666667,0.333333333333333,0.6,0.533333333333333,0.166666666666667,0.142857142857143,0.142857142857143,0.150793650793651,0,0,0,0,68.75,22.8042328042328,0,1,0,1,"Metro","Epic",1,1.5128278
"6610815",2025,0.5,0.5,0.5,0.5,0.5,1,0.5,0.75,1,0.5,1,0.5,1,0.5,1,0.5,0.75,0.833333333333333,0.5,0.8,0.711111111111111,0,0,0,0,0,0,0,0,66.6666666666667,23.7037037037037,1,0,0,0,"Metro","Epic",1,1.3727573
"6610820",2025,1,1,1,1,1,1,1,1,1,1,1,1,1,1,1,1,1,0.5,1,0.7,0.733333333333333,1,1,1,1,0,0,0,0,100,57.7777777777778,0,1,0,0,"Metro","Epic",1,1.5128278
"6610885",2025,1,1,1,1,1,1,1,1,1,1,1,1,1,1,1,1,1,0.5,1,0.7,0.733333333333333,1,1,1,1,0,0,0,0,100,57.7777777777778,0,1,0,0,"Metro","Epic",1,1.5128278
"6610918",2025,1,1,1,1,1,1,1,1,1,1,1,1,1,1,1,1,1,0.5,1,0.7,0.733333333333333,1,1,1,1,0,0,0,0,100,57.7777777777778,0,1,0,0,"Metro","Epic",1,1.3739656
"6611135",2025,1,1,1,1,1,0.5,0.5,0.5,1,1,1,0.5,0.5,0,0.5,0,0.5625,0.666666666666667,0.333333333333333,0.6,0.533333333333333,0.166666666666667,0.142857142857143,0.142857142857143,0.150793650793651,0,0,0,0,68.75,22.8042328042328,0,0,1,1,"Metro","Epic",1,1.7729143
"6611148",2025,1,1,1,1,1,1,1,1,1,1,1,1,1,1,1,1,1,0.166666666666667,0,0.1,0.0888888888888889,0.5,0.714285714285714,0.714285714285714,0.642857142857143,0,0,0,0,100,24.3915343915344,0,0,1,1,"Metro","Epic",1,1.7729143
"6611170",2025,1,1,1,0,0.75,0.5,0.5,0.5,0,0,0,0,0,0,0,0,0,0.333333333333333,0.333333333333333,0,0.222222222222222,0.333333333333333,0.285714285714286,0.142857142857143,0.253968253968254,0,0,0,0,41.6666666666667,15.8730158730159,0,0,1,1,"Rural","Other",NA,2.356509
"6611190",2025,1,1,0.5,0.5,0.75,1,1,1,0,0,0,0,0,0,0,0,0,0.166666666666667,0.333333333333333,0,0.166666666666667,0.333333333333333,0.428571428571429,0,0.253968253968254,0,0,0,0,58.3333333333333,14.021164021164,0,0,1,1,"Rural","Epic",NA,2.356509
"6611229",2025,0.5,0.5,0.5,0.5,0.5,1,0.5,0.75,1,0.5,1,0.5,1,0.5,1,0.5,0.75,0.833333333333333,0.5,0.8,0.711111111111111,0,0,0,0,0,0,0,0,66.6666666666667,23.7037037037037,0,0,1,1,"Micro","Epic",1,1.6474171
"6611277",2025,1,0.5,0,0.5,0.5,0,0,0,0.5,0.5,0.5,0.5,0.5,0.5,0.5,0.5,0.5,0.5,0.5,0.8,0.6,0.333333333333333,0,0,0.111111111111111,1,0,0,0.333333333333333,33.3333333333333,34.8148148148148,0,0,1,1,"Metro","MEDHOST",NA,2.3916214
"6611280",2025,1,1,1,1,1,1,1,1,1,0.5,1,0.5,0.5,0,0.5,0,0.5,0.166666666666667,0.333333333333333,0.2,0.233333333333333,0.166666666666667,0.285714285714286,0.142857142857143,0.198412698412698,0,0,0,0,83.3333333333333,14.3915343915344,0,0,1,1,"Rural","Epic",1,1.7357928
"6611300",2025,0.5,0.5,0.5,0.5,0.5,1,0.5,0.75,1,0.5,1,0.5,1,0.5,1,0.5,0.75,0.833333333333333,0.5,0.8,0.711111111111111,0,0,0,0,0,0,0,0,66.6666666666667,23.7037037037037,0,0,1,0,"Micro","Epic",1,1.6474171
"6611315",2025,1,1,1,0.5,0.875,1,1,1,1,1,1,1,1,1,1,1,1,0.5,0.5,0.5,0.5,0.666666666666667,1,0.857142857142857,0.841269841269841,0,0,0,0,95.8333333333333,44.7089947089947,0,0,1,1,"Rural","Meditech",1,1.7534126
"6611325",2025,1,1,1,1,1,0.5,0.5,0.5,1,1,1,0.5,0.5,0,0.5,0,0.5625,0.666666666666667,0.333333333333333,0.6,0.533333333333333,0.166666666666667,0.142857142857143,0.142857142857143,0.150793650793651,0,0,0,0,68.75,22.8042328042328,0,0,1,1,"Metro","Epic",1,1.664175
"6611340",2025,1,1,1,1,1,1,1,1,1,0.5,1,0.5,0.5,0,0.5,0,0.5,0.166666666666667,0.333333333333333,0.2,0.233333333333333,0.166666666666667,0.285714285714286,0.142857142857143,0.198412698412698,0,0,0,0,83.3333333333333,14.3915343915344,0,1,0,1,"Micro","Epic",1,1.5681257
"6611385",2025,1,1,1,1,1,1,1,1,1,1,1,1,1,1,1,1,1,0.5,1,0.7,0.733333333333333,1,1,1,1,0,0,0,0,100,57.7777777777778,0,0,1,0,"Metro","Epic",1,1.664175
"6611440",2025,1,1,1,1,1,0.5,0.5,0.5,1,1,1,0.5,0.5,0,0.5,0,0.5625,0.666666666666667,0.333333333333333,0.6,0.533333333333333,0.166666666666667,0.142857142857143,0.142857142857143,0.150793650793651,0,0,0,0,68.75,22.8042328042328,0,0,1,1,"Rural","Epic",1,1.7534126
"6611510",2025,1,1,0.5,0,0.625,1,1,1,1,0.5,1,0.5,1,0.5,1,0,0.6875,0.666666666666667,0.166666666666667,0.7,0.511111111111111,0.666666666666667,0.142857142857143,0,0.26984126984127,0,0,0,0,77.0833333333333,26.031746031746,0,1,0,1,"Rural","Epic",NA,2.0473976
"6611540",2025,1,1,1,1,1,0.5,0.5,0.5,1,1,1,0.5,0.5,0,0.5,0,0.5625,0.666666666666667,0.333333333333333,0.6,0.533333333333333,0.166666666666667,0.142857142857143,0.142857142857143,0.150793650793651,0,0,0,0,68.75,22.8042328042328,1,0,0,0,"Metro","Epic",1,1.3727573
"6611585",2025,0.5,0.5,0.5,0.5,0.5,1,0.5,0.75,1,0.5,1,0.5,1,0.5,1,0.5,0.75,0.833333333333333,0.5,0.8,0.711111111111111,0,0,0,0,0,0,0,0,66.6666666666667,23.7037037037037,1,0,0,0,"Metro","Epic",1,1.5475293
"6611742",2025,1,1,1,1,1,1,1,1,1,1,1,1,1,1,1,1,1,0.166666666666667,0,0.1,0.0888888888888889,0.5,0.714285714285714,0.714285714285714,0.642857142857143,0,0,0,0,100,24.3915343915344,0,0,1,1,"Rural","Epic",1,1.7357928
"6611750",2025,1,1,1,1,1,0.5,0.5,0.5,1,1,1,0.5,0.5,0,0.5,0,0.5625,0.666666666666667,0.333333333333333,0.6,0.533333333333333,0.166666666666667,0.142857142857143,0.142857142857143,0.150793650793651,0,0,0,0,68.75,22.8042328042328,0,0,1,1,"Metro","Epic",1,1.664175
"6611770",2025,0.5,0.5,0.5,0.5,0.5,1,0.5,0.75,1,0.5,1,0.5,1,0.5,1,0.5,0.75,0.833333333333333,0.5,0.8,0.711111111111111,0,0,0,0,0,0,0,0,66.6666666666667,23.7037037037037,0,0,1,0,"Metro","Epic",1,1.664175
"6611780",2025,1,1,1,1,1,1,1,1,1,0.5,1,0.5,0.5,0,0.5,0,0.5,0.166666666666667,0.333333333333333,0.2,0.233333333333333,0.166666666666667,0.285714285714286,0.142857142857143,0.198412698412698,0,0,0,0,83.3333333333333,14.3915343915344,0,0,1,1,"Rural","Epic",1,1.7357928
"6611812",2025,1,1,1,0,0.75,1,1,1,1,1,0.5,0.5,0.5,0.5,0.5,0.5,0.625,0.166666666666667,0.166666666666667,0.2,0.177777777777778,0.166666666666667,0.142857142857143,0.142857142857143,0.150793650793651,0,0,0,0,79.1666666666667,10.952380952381,0,1,0,1,"Rural","Epic",NA,2.0473976
"6611860",2025,1,1,1,1,1,1,1,1,1,0.5,1,0.5,0.5,0,0.5,0,0.5,0.166666666666667,0.333333333333333,0.2,0.233333333333333,0.166666666666667,0.285714285714286,0.142857142857143,0.198412698412698,0,0,0,0,83.3333333333333,14.3915343915344,0,0,1,1,"Rural","Epic",1,1.7534126
"6611901",2025,1,1,1,1,1,1,1,1,1,0.5,1,0.5,0.5,0,0.5,0,0.5,0.166666666666667,0.333333333333333,0.2,0.233333333333333,0.166666666666667,0.285714285714286,0.142857142857143,0.198412698412698,0,0,0,0,83.3333333333333,14.3915343915344,0,0,1,1,"Micro","Epic",1,1.7534126
"6611915",2025,1,1,1,1,1,0.5,1,0.75,1,1,1,1,0.5,1,1,1,0.9375,0.5,0.666666666666667,0.6,0.588888888888889,0.5,0.428571428571429,0.285714285714286,0.404761904761905,0,0,1,0.333333333333333,89.5833333333333,44.2328042328042,0,0,1,1,"Rural","Epic",1,1.7534126
"6611930",2025,1,1,1,1,1,1,1,1,1,1,1,1,1,1,1,1,1,0.166666666666667,0,0.1,0.0888888888888889,0.5,0.714285714285714,0.714285714285714,0.642857142857143,0,0,0,0,100,24.3915343915344,0,0,1,0,"Metro","Epic",1,1.7729143
"6611965",2025,1,1,1,0,0.75,1,1,1,1,0.5,1,0.5,1,0,1,0,0.625,0.333333333333333,0.166666666666667,0.1,0.2,0.666666666666667,0.571428571428571,0.428571428571429,0.555555555555556,0,0,0,0,79.1666666666667,25.1851851851852,0,1,0,0,"Metro","Epic",1,1.5967883
"6611980",2025,1,1,1,1,1,1,1,1,1,1,1,1,1,1,0.5,0.5,0.875,0.5,0.5,0.5,0.5,0.666666666666667,0.428571428571429,0.142857142857143,0.412698412698413,0,0,0,0,95.8333333333333,30.4232804232804,0,0,1,1,"Rural","Epic",NA,1.989197
"6612038",2025,1,1,1,1,1,1,1,1,1,0.5,1,0.5,0.5,0,0.5,0,0.5,0.166666666666667,0.333333333333333,0.2,0.233333333333333,0.166666666666667,0.285714285714286,0.142857142857143,0.198412698412698,0,0,0,0,83.3333333333333,14.3915343915344,0,0,1,1,"Rural","Epic",1,1.7534126
"6612039",2025,1,1,1,1,1,1,1,1,1,0.5,1,0.5,0.5,0,0.5,0,0.5,0.166666666666667,0.333333333333333,0.2,0.233333333333333,0.166666666666667,0.285714285714286,0.142857142857143,0.198412698412698,0,0,0,0,83.3333333333333,14.3915343915344,0,0,1,1,"Rural","Epic",1,1.7534126
"6612050",2025,1,1,1,1,1,0.5,0.5,0.5,1,1,1,0.5,0.5,0,0.5,0,0.5625,0.666666666666667,0.333333333333333,0.6,0.533333333333333,0.166666666666667,0.142857142857143,0.142857142857143,0.150793650793651,0,0,0,0,68.75,22.8042328042328,0,0,1,0,"Micro","Epic",1,1.6474171
"6612070",2025,1,1,1,1,1,1,1,1,1,0.5,1,0.5,0.5,0,0.5,0,0.5,0.166666666666667,0.333333333333333,0.2,0.233333333333333,0.166666666666667,0.285714285714286,0.142857142857143,0.198412698412698,0,0,0,0,83.3333333333333,14.3915343915344,0,0,1,1,"Rural","Epic",1,1.7357928
"6612090",2025,1,0.5,1,0,0.625,0.5,0,0.25,1,1,1,1,1,0,1,0,0.75,0.666666666666667,0.833333333333333,0.3,0.6,0.333333333333333,0,0.142857142857143,0.158730158730159,0,0,0,0,54.1666666666667,25.2910052910053,0,0,1,0,"Micro","Cerner",NA,2.356509
"6612110",2025,1,1,1,1,1,1,1,1,1,0.5,1,0.5,0.5,0,0.5,0,0.5,0.166666666666667,0.333333333333333,0.2,0.233333333333333,0.166666666666667,0.285714285714286,0.142857142857143,0.198412698412698,0,0,0,0,83.3333333333333,14.3915343915344,0,0,1,0,"Micro","Epic",1,1.7534126
"6620019",2025,1,1,1,1,1,0.5,0,0.25,1,0.5,1,0.5,1,0.5,0,0,0.5625,0.333333333333333,0.5,0.3,0.377777777777778,0.166666666666667,0.428571428571429,0.142857142857143,0.246031746031746,0,0,0,0,60.4166666666667,20.7936507936508,0,0,1,1,"Rural","Cerner",1,1.7357928
"6620035",2025,1,1,0.5,0.5,0.75,0.5,1,0.75,1,1,1,0.5,1,0.5,1,0.5,0.8125,0.333333333333333,0.5,0.3,0.377777777777778,0.333333333333333,0.142857142857143,0,0.158730158730159,0,0,0,0,77.0833333333333,17.8835978835979,0,0,1,1,"Rural","Cerner",1,1.5365567
"6620070",2025,1,1,1,0,0.75,1,1,1,0,0.5,0,0,0,0,0,0,0.0625,0.333333333333333,0.5,0.4,0.411111111111111,0.5,0.285714285714286,0.142857142857143,0.30952380952381,0,0,0,0,60.4166666666667,24.021164021164,0,0,1,1,"Metro","Epic",1,1.7729143
"6620082",2025,1,1,1,1,1,1,1,1,1,1,1,1,1,0.5,1,0.5,0.875,0.166666666666667,0.333333333333333,0.9,0.466666666666667,0.666666666666667,0.571428571428571,0.714285714285714,0.650793650793651,0,0,0,0,95.8333333333333,37.2486772486772,0,0,1,1,"Rural","Epic",NA,1.966063
"6620096",2025,1,1,1,0,0.75,0.5,0.5,0.5,1,0.5,1,0,0.5,0,0,0,0.375,0.833333333333333,0.5,0.4,0.577777777777778,0.5,0.285714285714286,0.285714285714286,0.357142857142857,0,0,0,0,54.1666666666667,31.1640211640212,0,0,1,1,"Rural","Epic",1,1.7357928
"6620097",2025,0.5,0.5,0.5,1,0.625,0.5,0,0.25,0.5,0.5,0.5,0.5,0,0,0,0,0.25,1,0.333333333333333,0.5,0.611111111111111,0,0,0,0,0,0,0,0,37.5,20.3703703703704,0,0,1,1,"Rural","Cerner",1,1.6322761
"6620101",2025,1,1,1,0,0.75,0,0,0,1,1,1,1,1,1,1,1,1,0.166666666666667,0,0.9,0.355555555555556,0.5,0.285714285714286,0.428571428571429,0.404761904761905,0,0,0,0,58.3333333333333,25.3439153439153,0,0,1,1,"Rural","Cerner",1,1.7357928
"6620115",2025,1,0.5,0.5,0.5,0.625,0.5,0.5,0.5,1,0.5,1,0,1,0,1,0,0.5625,0.666666666666667,0.666666666666667,0.8,0.711111111111111,0.5,0.142857142857143,0,0.214285714285714,0,0,0,0,56.25,30.8465608465608,0,1,0,0,"Micro","Cerner",NA,1.9000423
"6620150",2025,0.5,0.5,0,1,0.5,0.5,0,0.25,0.5,0,0.5,0,0,0,0,0,0.125,1,0.666666666666667,0.3,0.655555555555556,0.333333333333333,0,0.142857142857143,0.158730158730159,0,0,0,0,29.1666666666667,27.1428571428571,0,1,0,1,"Micro","Meditech",NA,2.0473976
"6620180",2025,1,1,1,0,0.75,1,1,1,0,0.5,0,0,0,0,0,0,0.0625,0.333333333333333,0.5,0.4,0.411111111111111,0.5,0.285714285714286,0.142857142857143,0.30952380952381,0,0,0,0,60.4166666666667,24.021164021164,0,1,0,0,"Metro","Epic",1,1.5128278
"6620205",2025,1,0.5,0.5,0,0.5,0.5,0.5,0.5,0,0,0,0,0,0,0,0,0,0.833333333333333,0.5,0.7,0.677777777777778,0.166666666666667,0,0,0.0555555555555556,0,0,1,0.333333333333333,33.3333333333333,35.5555555555556,0,0,1,1,"Rural","Epic",1,1.7357928
"6620215",2025,1,1,1,0,0.75,1,0.5,0.75,1,1,1,0.5,0,0,1,1,0.6875,0.166666666666667,0.166666666666667,0.1,0.144444444444444,0.666666666666667,0.428571428571429,0.428571428571429,0.507936507936508,0,0,0,0,72.9166666666667,21.7460317460317,0,0,1,1,"Rural","Meditech",NA,2.3247845
"6620240",2025,1,1,1,1,1,1,1,1,1,1,1,1,1,1,1,1,1,0.666666666666667,0.666666666666667,0.6,0.644444444444444,0.833333333333333,0.714285714285714,0.857142857142857,0.801587301587302,0,0,0,0,100,48.2010582010582,0,0,1,1,"Rural","CPSI/Evident",NA,2.3247845
"6620260",2025,1,1,1,0,0.75,0.5,0.5,0.5,1,0.5,1,0,0.5,0,0,0,0.375,0.833333333333333,0.5,0.4,0.577777777777778,0.5,0.285714285714286,0.285714285714286,0.357142857142857,0,0,0,0,54.1666666666667,31.1640211640212,0,0,1,1,"Rural","Epic",1,1.7357928
"6620295",2025,1,1,1,0.5,0.875,1,1,1,1,1,1,1,1,1,1,1,1,0.5,0.5,0.5,0.5,0.666666666666667,1,0.857142857142857,0.841269841269841,0,0,0,0,95.8333333333333,44.7089947089947,0,0,1,1,"Rural","Epic",1,1.7534126
"6620300",2025,1,0.5,0.5,0.5,0.625,1,0.5,0.75,1,1,1,0.5,1,0.5,1,0.5,0.8125,0.5,0.666666666666667,0.6,0.588888888888889,0.666666666666667,0,0,0.222222222222222,0,0,0,0,72.9166666666667,27.037037037037,0,1,0,0,"Metro","Cerner",1,1.5128278
"6620310",2025,1,1,1,0.5,0.875,1,1,1,1,1,1,1,1,1,1,1,1,0.5,0.5,0.5,0.5,0.666666666666667,1,0.857142857142857,0.841269841269841,0,0,0,0,95.8333333333333,44.7089947089947,0,1,0,0,"Metro","Epic",1,1.5128278
"6620332",2025,1,1,1,1,1,1,1,1,1,0.5,0.5,0.5,1,0.5,1,0.5,0.6875,1,0.5,0.6,0.7,0.666666666666667,0.857142857142857,0.285714285714286,0.603174603174603,0,0,0,0,89.5833333333333,43.4391534391534,0,0,1,1,"Rural","Epic",1,1.7357928
"6620377",2025,1,1,1,0,0.75,1,1,1,0,0.5,0,0,0,0,0,0,0.0625,0.333333333333333,0.5,0.4,0.411111111111111,0.5,0.285714285714286,0.142857142857143,0.30952380952381,0,0,0,0,60.4166666666667,24.021164021164,0,0,1,0,"Metro","Epic",1,1.7729143
"6620400",2025,0.5,1,1,0,0.625,0.5,0.5,0.5,1,0.5,1,0.5,1,0,1,0,0.625,0.5,0.666666666666667,0.4,0.522222222222222,0,0.285714285714286,0.142857142857143,0.142857142857143,0,0,0,0,58.3333333333333,22.1693121693122,0,1,0,0,"Metro","Meditech",NA,1.9017453
"6620420",2025,1,1,1,0,0.75,1,1,1,0,0.5,0,0,0,0,0,0,0.0625,0.333333333333333,0.5,0.4,0.411111111111111,0.5,0.285714285714286,0.142857142857143,0.30952380952381,0,0,0,0,60.4166666666667,24.021164021164,1,0,0,0,"Metro","Epic",1,1.3992708
"6620490",2025,0,0,0,0,0,0,0,0,0,0,0,0,0,0,0,0,0,0,0,0,0,0,0,0,0,0,0,0,0,0,0,0,0,1,0,"Metro","Other",1,1.7729143
"6620585",2025,1,1,1,0,0.75,1,1,1,0,0.5,0,0,0,0,0,0,0.0625,0.333333333333333,0.5,0.4,0.411111111111111,0.5,0.285714285714286,0.142857142857143,0.30952380952381,0,0,0,0,60.4166666666667,24.021164021164,0,0,1,0,"Micro","Epic",1,1.7534126
"6620652",2025,1,1,1,0,0.75,1,1,1,0,0.5,0,0,0,0,0,0,0.0625,0.333333333333333,0.5,0.4,0.411111111111111,0.5,0.285714285714286,0.142857142857143,0.30952380952381,0,0,0,0,60.4166666666667,24.021164021164,0,0,1,0,"Rural","Epic",1,1.6474171
"6620666",2025,1,1,0.5,0,0.625,1,0.5,0.75,1,1,1,1,1,1,1,1,1,0.333333333333333,0.333333333333333,0.4,0.355555555555556,0.166666666666667,0.142857142857143,0,0.103174603174603,0,0,0,0,79.1666666666667,15.2910052910053,0,0,1,1,"Metro","Epic",1,1.7548383
"6620667",2025,1,1,1,1,1,0.5,1,0.75,1,1,1,0.5,0.5,0.5,0.5,0.5,0.6875,0.833333333333333,0.333333333333333,0.4,0.522222222222222,0.5,0.142857142857143,0.142857142857143,0.261904761904762,0,0,1,0.333333333333333,81.25,37.2486772486772,0,0,1,1,"Rural","Epic",1,1.7357928
"6620670",2025,0,0,0,0,0,0,0,0,0,0,0,0,0,0,0,0,0,0,0,0,0,0,0,0,0,0,0,0,0,0,0,0,0,1,1,"Rural","CPSI/Evident",NA,2.356509
"6620680",2025,1,1,1,0,0.75,0.5,1,0.75,1,1,1,1,0,1,1,1,0.875,0.5,0.5,0.2,0.4,1,0.857142857142857,1,0.952380952380952,0,0,0,0,79.1666666666667,45.0793650793651,0,0,1,1,"Rural","Cerner",1,1.7357928
"6620690",2025,1,1,1,0,0.75,0.5,0.5,0.5,0.5,0.5,0.5,0.5,0.5,0,0,0,0.3125,0.666666666666667,0.5,0.7,0.622222222222222,0.333333333333333,0.142857142857143,0.142857142857143,0.206349206349206,0,0,0,0,52.0833333333333,27.6190476190476,0,0,1,1,"Rural","Epic",NA,2.3247845
"6620724",2025,1,1,1,0,0.75,1,0.5,0.75,0,0,0,0,0,0,0,0,0,0,0,0.4,0.133333333333333,0.166666666666667,0.285714285714286,0.285714285714286,0.246031746031746,0,0,0,0,50,12.6455026455026,0,0,1,1,"Rural","Cerner",NA,2.356509
"6620750",2025,1,1,0,1,0.75,1,1,1,0.5,0.5,0.5,0.5,0.5,0.5,0.5,0.5,0.5,0.333333333333333,0.166666666666667,0.1,0.2,0.166666666666667,0.142857142857143,0,0.103174603174603,0,0,0,0,75,10.1058201058201,0,0,1,1,"Rural","Epic",NA,2.3247845
"6620800",2025,1,1,0.5,0,0.625,0,0,0,0,0,0,0,0,0,0,0,0,0.5,0.666666666666667,0.7,0.622222222222222,0.333333333333333,0.142857142857143,0,0.158730158730159,0,0,0,0,20.8333333333333,26.031746031746,0,0,1,1,"Rural","Epic",1,1.7357928
"6620823",2025,1,1,1,1,1,0.5,1,0.75,0.5,0.5,0.5,0.5,0.5,0.5,0.5,0.5,0.5,0.5,0.333333333333333,0,0.277777777777778,0.333333333333333,0.142857142857143,0.142857142857143,0.206349206349206,0,0,0,0,75,16.1375661375661,0,0,1,1,"Rural","Epic",1,1.7357928
"6620865",2025,1,0.5,0.5,0,0.5,1,0.5,0.75,1,1,1,1,1,1,0.5,0.5,0.875,0,0.333333333333333,0,0.111111111111111,0.5,0,0,0.166666666666667,0,0,0,0,70.8333333333333,9.25925925925926,0,0,1,1,"Rural","Epic",1,1.7534126
"6620890",2025,1,1,0.5,0,0.625,1,0.5,0.75,0.5,0.5,0.5,0.5,0.5,0.5,0,0,0.375,0.333333333333333,0,0,0.111111111111111,0.166666666666667,0.142857142857143,0,0.103174603174603,0,0,0,0,58.3333333333333,7.14285714285714,0,0,1,1,"Rural","Cerner",NA,1.8301502
"6620896",2025,1,0,1,1,0.75,0.5,0,0.25,0,0,0,0,0,0,0,0,0,0.5,0,0.6,0.366666666666667,0.333333333333333,0,0.142857142857143,0.158730158730159,0,0,1,0.333333333333333,33.3333333333333,28.6243386243386,0,0,1,1,"Rural","Epic",1,1.7534126
"6620922",2025,1,1,1,0,0.75,1,1,1,0,0.5,0,0,0,0,0,0,0.0625,0.333333333333333,0.5,0.4,0.411111111111111,0.5,0.285714285714286,0.142857142857143,0.30952380952381,0,0,0,0,60.4166666666667,24.021164021164,0,0,1,0,"Micro","Epic",1,1.7534126
"6620955",2025,1,1,1,0.5,0.875,1,1,1,1,1,1,1,1,1,1,1,1,0.5,0.5,0.5,0.5,0.666666666666667,1,0.857142857142857,0.841269841269841,0,0,0,0,95.8333333333333,44.7089947089947,0,0,1,1,"Metro","Epic",1,1.5636265
"6620972",2025,1,1,1,0,0.75,0.5,0.5,0.5,0.5,0.5,1,0.5,0,0.5,0.5,0.5,0.5,0.5,0.5,0.2,0.4,0.166666666666667,0.285714285714286,0.285714285714286,0.246031746031746,0,0,0,0,58.3333333333333,21.5343915343915,0,0,1,1,"Rural","Altera Digital Health",1,1.7357928
"6620995",2025,1,1,1,0,0.75,1,1,1,0,0.5,0,0,0,0,0,0,0.0625,0.333333333333333,0.5,0.4,0.411111111111111,0.5,0.285714285714286,0.142857142857143,0.30952380952381,0,0,0,0,60.4166666666667,24.021164021164,0,0,1,0,"Micro","Epic",1,1.6474171
"6621010",2025,0.5,0.5,0.5,1,0.625,0,0,0,0,0,0.5,0.5,0.5,0.5,0,0,0.25,0.333333333333333,0.166666666666667,0.1,0.2,0,0,0,0,0,0,0,0,29.1666666666667,6.66666666666667,0,0,1,1,"Rural","Epic",1,1.7534126
"6621045",2025,1,1,1,0.5,0.875,0.5,0,0.25,1,0,1,0,1,0,1,0,0.5,0.666666666666667,0.333333333333333,0.4,0.466666666666667,0.166666666666667,0.142857142857143,0.142857142857143,0.150793650793651,0,0,0,0,54.1666666666667,20.5820105820106,0,0,1,1,"Rural","CPSI/Evident",NA,2.356509
"6621065",2025,1,1,1,1,1,1,1,1,1,0.5,1,0.5,0.5,0,0.5,0,0.5,0.166666666666667,0.333333333333333,0.2,0.233333333333333,0.166666666666667,0.285714285714286,0.142857142857143,0.198412698412698,0,0,0,0,83.3333333333333,14.3915343915344,0,1,0,1,"Rural","Epic",1,1.5681257
"6621099",2025,1,1,1,1,1,1,1,1,1,1,1,1,0.5,0.5,0.5,0.5,0.75,0.666666666666667,0.5,0.4,0.522222222222222,0.333333333333333,0.571428571428571,0.571428571428571,0.492063492063492,0,0,0,0,91.6666666666667,33.8095238095238,0,0,1,1,"Micro","Epic",NA,2.3247845
"6621105",2025,1,1,1,1,1,0.5,0.5,0.5,0.5,0.5,1,0.5,0,0,0,0,0.3125,0.833333333333333,0.5,0.4,0.577777777777778,0.166666666666667,0.428571428571429,0.285714285714286,0.293650793650794,0,1,0,0.333333333333333,60.4166666666667,40.1587301587302,0,0,1,0,"Micro","Meditech",1,2.0142882
"6621135",2025,1,1,1,0,0.75,0.5,0.5,0.5,1,0.5,1,0.5,1,0,1,0,0.625,0.166666666666667,0.5,0.7,0.455555555555556,0.166666666666667,0.142857142857143,0.142857142857143,0.150793650793651,0,0,0,0,62.5,20.2116402116402,0,0,1,1,"Micro","Meditech",NA,2.356509
"6621145",2025,1,1,1,1,1,0.5,0.5,0.5,0.5,1,0.5,1,0.5,1,0,1,0.6875,0.5,0.5,0.5,0.5,1,1,0.428571428571429,0.809523809523809,0,0,0,0,72.9166666666667,43.6507936507936,0,0,1,1,"Metro","CPSI/Evident",1,1.7548383
"6621153",2025,1,1,1,1,1,0.5,1,0.75,1,0.5,0,0,1,0.5,1,0.5,0.5625,0.166666666666667,0.333333333333333,0.1,0.2,0.333333333333333,0.285714285714286,0.285714285714286,0.301587301587302,0,0,0,0,77.0833333333333,16.7195767195767,0,0,1,1,"Rural","Epic",1,1.7357928
"6621210",2025,1,1,1,1,1,1,1,1,1,0.5,1,0.5,0.5,0,0.5,0,0.5,0.166666666666667,0.333333333333333,0.2,0.233333333333333,0.166666666666667,0.285714285714286,0.142857142857143,0.198412698412698,0,0,0,0,83.3333333333333,14.3915343915344,0,0,1,1,"Rural","Epic",1,1.7534126
"6621270",2025,1,1,1,0,0.75,1,1,1,0,0.5,0,0,0,0,0,0,0.0625,0.333333333333333,0.5,0.4,0.411111111111111,0.5,0.285714285714286,0.142857142857143,0.30952380952381,0,0,0,0,60.4166666666667,24.021164021164,0,1,0,0,"Metro","Epic",1,1.3739656
"6621300",2025,1,1,1,0.5,0.875,0,0,0,0,0,0,0,0,0,0,0,0,0.666666666666667,0.666666666666667,0.8,0.711111111111111,0.333333333333333,0.285714285714286,0.142857142857143,0.253968253968254,0,0,0,0,29.1666666666667,32.1693121693122,0,0,1,0,"Micro","Meditech",NA,2.3247845
"6621315",2025,1,1,1,0,0.75,1,0.5,0.75,0,0,0,0,0,0.5,0,0,0.0625,0,0,0,0,0.166666666666667,0.142857142857143,0.142857142857143,0.150793650793651,0,0,0,0,52.0833333333333,5.02645502645503,0,0,1,1,"Micro","Epic",1,1.6322761
"6621325",2025,1,0.5,0.5,0,0.5,0.5,0.5,0.5,0.5,0.5,0.5,0.5,1,0.5,0.5,0,0.5,0.166666666666667,0.166666666666667,0.2,0.177777777777778,0.166666666666667,0,0,0.0555555555555556,0,0,1,0.333333333333333,50,18.8888888888889,0,0,1,1,"Metro","Epic",1,1.7729143
"6621340",2025,1,0.5,0.5,1,0.75,0.5,0.5,0.5,0.5,0.5,0.5,0.5,0.5,0.5,0.5,0.5,0.5,1,1,1,1,1,0,0,0.333333333333333,0,0,0,0,58.3333333333333,44.4444444444444,0,0,1,1,"Metro","Epic",1,1.7729143
"6621350",2025,1,1,1,1,1,1,1,1,1,1,1,1,1,0,0.5,0.5,0.75,0.333333333333333,0.333333333333333,0.2,0.288888888888889,0.333333333333333,0.428571428571429,0.285714285714286,0.349206349206349,0,0,0,0,91.6666666666667,21.2698412698413,0,0,1,1,"Metro","Epic",NA,2.359076
"6621360",2025,1,1,1,0,0.75,1,1,1,0,0.5,0,0,0,0,0,0,0.0625,0.333333333333333,0.5,0.4,0.411111111111111,0.5,0.285714285714286,0.142857142857143,0.30952380952381,0,0,0,0,60.4166666666667,24.021164021164,0,1,0,0,"Metro","Epic",1,1.5128278
"6621385",2025,0.5,0.5,0.5,0.5,0.5,0.5,0.5,0.5,1,0.5,0.5,0.5,0.5,0.5,0.5,0.5,0.5625,0.5,0.5,0,0.333333333333333,0.166666666666667,0.142857142857143,0,0.103174603174603,0,0,0,0,52.0833333333333,14.5502645502645,0,0,1,1,"Rural","Epic",NA,2.3247845
"6621390",2025,1,0.5,0.5,0,0.5,0,0,0,0,0,0,0,0,0,0,0,0,1,0.5,0.2,0.566666666666667,0.166666666666667,0,0,0.0555555555555556,0,0,0,0,16.6666666666667,20.7407407407407,0,0,1,1,"Metro","Altera Digital Health",NA,2.359076
"6621395",2025,1,1,0,0.5,0.625,0.5,0,0.25,0.5,0.5,0.5,0.5,0,0,0,0,0.25,0.666666666666667,0.5,0.5,0.555555555555555,0.5,0.142857142857143,0,0.214285714285714,0,0,0,0,37.5,25.6613756613757,0,0,1,1,"Rural","Cerner",1,1.7357928
"6621415",2025,0.5,1,0.5,0.5,0.625,0,0,0,0,0,0,0,0,0,0,0,0,0.666666666666667,0.833333333333333,0.5,0.666666666666667,0,0.285714285714286,0,0.0952380952380952,0,0,0,0,20.8333333333333,25.3968253968254,0,0,1,1,"Metro","Cerner",NA,2.359076
"6629045",2025,0.5,0.5,0.5,0,0.375,0.5,0,0.25,1,0,1,0,1,0,1,0,0.5,1,0.666666666666667,1,0.888888888888889,0,0,0,0,0,0,0,0,37.5,29.6296296296296,0,0,1,1,"Micro","Meditech",1,1.7534126
"6630001",2025,1,1,1,1,1,1,1,1,1,0.5,0.5,0.5,0.5,0.5,0.5,0.5,0.5625,0.166666666666667,0.333333333333333,0.2,0.233333333333333,0.5,0.571428571428571,0.428571428571429,0.5,0,0,0,0,85.4166666666667,24.4444444444444,0,1,0,0,"Metro","Epic",1,1.5128278
"6630003",2025,1,1,1,0.5,0.875,1,1,1,1,1,0.5,0.5,0,0,0,0,0.375,0.666666666666667,0.333333333333333,0.2,0.4,0.5,0.428571428571429,0.571428571428571,0.5,1,0,0,0.333333333333333,75,41.1111111111111,0,1,0,0,"Micro","Epic",1,1.5817305
"6630005",2025,0.5,1,1,0,0.625,0,0,0,1,1,0.5,1,0.5,0.5,0.5,0.5,0.6875,0.666666666666667,0.5,0.3,0.488888888888889,0,0.428571428571429,0.142857142857143,0.19047619047619,1,1,1,1,43.75,55.978835978836,0,0,1,1,"Rural","Meditech",NA,2.3247845
"6630008",2025,1,1,1,0.5,0.875,0,0.5,0.25,0.5,0.5,0.5,0.5,0.5,0,0.5,0,0.375,0.166666666666667,1,0.6,0.588888888888889,0.166666666666667,0.571428571428571,0.142857142857143,0.293650793650794,1,0,0,0.333333333333333,50,40.5291005291005,0,1,0,0,"Metro","Meditech",1,1.3739656
"6630009",2025,1,1,1,1,1,1,1,1,1,1,1,1,1,1,1,1,1,0.333333333333333,0.333333333333333,0.4,0.355555555555556,0.333333333333333,0.428571428571429,0.428571428571429,0.396825396825397,0,0,0,0,100,25.0793650793651,0,1,0,0,"Metro","Epic",1,1.4351915
"6630010",2025,1,1,1,1,1,1,1,1,1,1,1,1,1,1,1,1,1,0.5,0.5,0.5,0.5,0.5,0.714285714285714,0.571428571428571,0.595238095238095,0,0,0,0,100,36.5079365079365,0,0,1,1,"Rural","Epic",1,1.7534126
"6630011",2025,1,0,0.5,1,0.625,1,1,1,1,1,1,0,0,0,1,0,0.5,0.333333333333333,0,0.4,0.244444444444444,0.833333333333333,0.142857142857143,0,0.325396825396825,0,0,0,0,70.8333333333333,18.994708994709,0,1,0,0,"Metro","Cerner",1,1.3739656
"6630019",2025,1,1,1,1,1,0.5,0,0.25,1,0,0.5,0,0,0,0,0,0.1875,0,0.333333333333333,0.6,0.311111111111111,0.166666666666667,0.285714285714286,0.142857142857143,0.198412698412698,0,0,0,0,47.9166666666667,16.984126984127,1,0,0,0,"Micro","Cerner",1,1.7185177
"6630025",2025,1,1,1,1,1,1,0.5,0.75,1,1,0.5,0.5,0.5,0,1,1,0.6875,0.5,0.166666666666667,0.2,0.288888888888889,0.166666666666667,0.428571428571429,0.285714285714286,0.293650793650794,0,0,0,0,81.25,19.4179894179894,0,0,1,1,"Rural","Meditech",NA,2.3247845
"6630029",2025,1,1,1,1,1,1,1,1,1,0.5,0.5,0.5,0.5,0.5,0.5,0.5,0.5625,0.166666666666667,0.333333333333333,0.2,0.233333333333333,0.5,0.571428571428571,0.428571428571429,0.5,0,0,0,0,85.4166666666667,24.4444444444444,0,1,0,0,"Metro","Epic",1,1.5967883
"6630034",2025,1,1,1,1,1,1,1,1,1,1,0.5,0.5,0,0,0,0,0.375,0.666666666666667,0.333333333333333,0.2,0.4,0.5,0.428571428571429,0.571428571428571,0.5,1,0,0,0.333333333333333,79.1666666666667,41.1111111111111,0,0,1,0,"Metro","Epic",1,1.664175
"6630035",2025,1,1,1,0.5,0.875,1,1,1,1,1,1,0.5,0,0.5,0.5,0.5,0.625,0.5,0.666666666666667,0.6,0.588888888888889,0.333333333333333,0.571428571428571,0.571428571428571,0.492063492063492,0,0,0,0,83.3333333333333,36.031746031746,0,0,1,0,"Metro","Meditech",1,1.8941513
"6630037",2025,0.5,1,0.5,1,0.75,0.5,0.5,0.5,1,0.5,1,0.5,0,0,1,0.5,0.5625,0.666666666666667,0,0.2,0.288888888888889,0,0.285714285714286,0,0.0952380952380952,0,0,0,0,60.4166666666667,12.8042328042328,0,0,1,1,"Rural","Athenahealth",NA,2.3247845
"6630039",2025,1,1,1,0.5,0.875,1,1,1,1,1,1,0.5,0,0.5,0.5,0.5,0.625,0.5,0.666666666666667,0.6,0.588888888888889,0.333333333333333,0.571428571428571,0.571428571428571,0.492063492063492,0,0,0,0,83.3333333333333,36.031746031746,0,1,0,0,"Metro","Meditech",1,1.6903987
"6630045",2025,1,1,0.5,0.5,0.75,0.5,0,0.25,1,1,1,1,0.5,0.5,0.5,0.5,0.75,0.5,0.5,0.3,0.433333333333333,0.5,0.285714285714286,0,0.261904761904762,0,0,0,0,58.3333333333333,23.1746031746032,0,1,0,0,"Micro","Cerner",1,1.424211
"6630047",2025,0.5,0.5,0.5,1,0.625,0,1,0.5,0.5,0.5,0.5,0.5,0,0,0,0,0.25,0.333333333333333,0,0.1,0.144444444444444,0,0,0,0,0,0,0,0,45.8333333333333,4.81481481481482,0,0,1,0,"Metro","Athenahealth",NA,2.359076
"6630050",2025,1,1,1,1,1,0.5,0.5,0.5,1,0.5,0.5,0,0,0,0,0,0.25,0.333333333333333,0.333333333333333,0.2,0.288888888888889,0.333333333333333,0.428571428571429,0.285714285714286,0.349206349206349,0,0,0,0,58.3333333333333,21.2698412698413,0,0,1,0,"Metro","Meditech",NA,2.359076
"6630063",2025,0.5,1,1,0.5,0.75,0,0.5,0.25,1,0.5,1,0.5,1,0.5,1,0.5,0.75,0.5,0.666666666666667,0.7,0.622222222222222,0,0.142857142857143,0.142857142857143,0.0952380952380952,1,1,1,1,58.3333333333333,57.2486772486772,0,0,1,0,"Metro","CPSI/Evident",NA,2.195838
"6630065",2025,0,0.5,0.5,0,0.25,0.5,0,0.25,0,0,0,0.5,0,0,0,0,0.0625,0.5,0.666666666666667,1,0.722222222222222,0,0,0,0,0,0,0,0,18.75,24.0740740740741,0,0,1,0,"Metro","Epic",1,1.8941513
"6630070",2025,1,1,1,1,1,1,1,1,1,1,1,0.5,1,0,1,0,0.6875,0.333333333333333,0.5,0.4,0.411111111111111,0.333333333333333,0.285714285714286,0.285714285714286,0.301587301587302,0,0,0,0,89.5833333333333,23.7566137566138,0,1,0,0,"Metro","Epic",NA,1.6733199
"6630075",2025,1,1,1,0.5,0.875,1,0.5,0.75,0.5,0.5,0.5,0.5,0,0,0,0,0.25,1,0.5,0.5,0.666666666666667,0.333333333333333,0.571428571428571,0.142857142857143,0.349206349206349,0,0,0,0,62.5,33.8624338624339,1,0,0,0,"Metro","Cerner",1,1.3992708
"6630080",2025,1,1,1,1,1,1,1,1,1,1,1,1,1,1,1,1,1,0.5,0.5,0.5,0.5,0.5,0.714285714285714,0.571428571428571,0.595238095238095,0,0,0,0,100,36.5079365079365,0,1,0,0,"Metro","Epic",1,1.3739656
"6630090",2025,1,1,1,1,1,1,1,1,1,1,1,1,1,1,1,1,1,0.5,0.5,0.5,0.5,0.5,0.714285714285714,0.571428571428571,0.595238095238095,0,0,0,0,100,36.5079365079365,0,0,1,1,"Metro","Epic",1,1.7729143
"6630100",2025,1,1,1,1,1,1,1,1,1,0.5,0.5,0.5,0.5,0.5,0.5,0.5,0.5625,0.166666666666667,0.333333333333333,0.2,0.233333333333333,0.5,0.571428571428571,0.428571428571429,0.5,0,0,0,0,85.4166666666667,24.4444444444444,0,0,1,1,"Rural","Epic",1,1.7534126
"6630125",2025,1,1,1,1,1,0.5,0.5,0.5,0.5,0,1,0,1,0,1,0,0.4375,0.5,0.5,0.5,0.5,0.166666666666667,0.285714285714286,0.428571428571429,0.293650793650794,0,0,0,0,64.5833333333333,26.4550264550265,0,0,1,0,"Rural","Meditech",NA,1.966063
"6630130",2025,1,1,1,0.5,0.875,1,0.5,0.75,0.5,0.5,0.5,0.5,0.5,0.5,0.5,0.5,0.5,0.666666666666667,0.5,0.7,0.622222222222222,0.166666666666667,0.428571428571429,0.428571428571429,0.341269841269841,0,0,0,0,70.8333333333333,32.1164021164021,0,1,0,0,"Metro","Meditech",NA,1.6733199
"6630156",2025,1,1,1,1,1,1,1,1,0.5,0.5,0.5,0.5,0.5,0.5,0.5,0.5,0.5,0.333333333333333,0.166666666666667,0.5,0.333333333333333,0.333333333333333,0.428571428571429,0.428571428571429,0.396825396825397,0,0,0,0,83.3333333333333,24.3386243386243,0,0,1,1,"Rural","Meditech",NA,2.3247845
"663015A",2025,1,1,1,1,1,1,1,1,1,1,1,1,1,1,1,1,1,0.5,0.5,0.5,0.5,0.5,0.714285714285714,0.571428571428571,0.595238095238095,0,0,0,0,100,36.5079365079365,0,0,1,0,"Rural","Epic",1,1.7534126
"6630175",2025,1,1,1,1,1,1,0.5,0.75,0,0,0,0,0,0,0,0,0,0.333333333333333,0.166666666666667,0.1,0.2,0.833333333333333,0.428571428571429,0.142857142857143,0.468253968253968,0,0,0,0,58.3333333333333,22.2751322751323,0,0,1,1,"Rural","CPSI/Evident",NA,2.356509
"6630185",2025,1,1,1,1,1,1,1,1,1,1,0.5,0.5,0,0,0,0,0.375,0.666666666666667,0.333333333333333,0.2,0.4,0.5,0.428571428571429,0.571428571428571,0.5,1,0,0,0.333333333333333,79.1666666666667,41.1111111111111,0,1,0,0,"Metro","Epic",1,1.3739656
"6630192",2025,1,1,1,1,1,1,1,1,1,1,1,1,1,1,1,1,1,0.5,0.5,0.5,0.5,0.5,0.714285714285714,0.571428571428571,0.595238095238095,0,0,0,0,100,36.5079365079365,0,1,0,0,"Metro","Epic",1,1.5967883
"6630197",2025,0,0.5,0,0.5,0.25,0,0,0,0,0,0,0,0,0,0,0,0,0.833333333333333,0.5,0.6,0.644444444444444,0,0,0,0,0,0,0,0,8.33333333333333,21.4814814814815,0,0,1,1,"Rural","CPSI/Evident",NA,2.3247845
"6630230",2025,1,1,1,1,1,0.5,0,0.25,1,0.5,1,0.5,0.5,0,0.5,0,0.5,0.166666666666667,0.333333333333333,0.5,0.333333333333333,0.166666666666667,0.285714285714286,0.142857142857143,0.198412698412698,0,0,0,0,58.3333333333333,17.7248677248677,0,0,1,0,"Micro","Altera Digital Health",NA,1.8500297
"6630231",2025,0.5,1,0.5,0,0.5,1,0.5,0.75,0,0,0,0,0,0,0,0,0,0.666666666666667,0.333333333333333,0.6,0.533333333333333,0,0.142857142857143,0,0.0476190476190476,0,0,0,0,41.6666666666667,19.3650793650794,0,0,1,1,"Metro","Meditech",NA,1.8516382
"6630234",2025,0.5,0.5,0.5,0.5,0.5,0.5,0,0.25,1,0,1,0.5,1,0,1,0,0.5625,0.333333333333333,0.333333333333333,0.5,0.388888888888889,0,0,0,0,0,0,0,0,43.75,12.962962962963,0,0,1,0,"Rural","Azalea Health/Prognosis",NA,2.3247845
"6630310",2025,1,1,1,1,1,0.5,0.5,0.5,1,0.5,0.5,0.5,0.5,0.5,0.5,0.5,0.5625,0.166666666666667,0.5,0.1,0.255555555555556,0.833333333333333,0.571428571428571,0.428571428571429,0.611111111111111,0,0,0,0,68.75,28.8888888888889,0,0,1,0,"Metro","Epic",1,1.5636265
"6630330",2025,1,1,1,1,1,1,1,1,1,1,1,1,1,1,1,1,1,0.5,0.5,0.5,0.5,0.5,0.714285714285714,0.571428571428571,0.595238095238095,0,0,0,0,100,36.5079365079365,0,1,0,0,"Metro","Epic",1,1.4351915
"6630340",2025,1,1,1,1,1,1,1,1,1,1,1,1,1,1,1,1,1,1,0.666666666666667,0.2,0.622222222222222,0.166666666666667,0.428571428571429,0.285714285714286,0.293650793650794,0,0,0,0,100,30.5291005291005,0,1,0,0,"Metro","Cerner",NA,1.8620253
"6630380",2025,1,1,1,1,1,1,1,1,1,1,1,1,1,0,1,1,0.875,0.5,0.166666666666667,0.4,0.355555555555556,0.666666666666667,0.285714285714286,0.428571428571429,0.46031746031746,0,0,0,0,95.8333333333333,27.1957671957672,0,1,0,0,"Metro","Cerner",1,1.3491325
"6630381",2025,1,1,1,1,1,1,1,1,1,1,1,1,1,0,1,1,0.875,0.5,0.166666666666667,0.4,0.355555555555556,0.666666666666667,0.285714285714286,0.428571428571429,0.46031746031746,0,0,0,0,95.8333333333333,27.1957671957672,0,1,0,0,"Metro","Cerner",1,1.5128278
"6630435",2025,1,1,1,0.5,0.875,1,1,1,1,1,1,0.5,0,0.5,0.5,0.5,0.625,0.5,0.666666666666667,0.6,0.588888888888889,0.333333333333333,0.571428571428571,0.571428571428571,0.492063492063492,0,0,0,0,83.3333333333333,36.031746031746,1,0,0,0,"Metro","Meditech",1,1.5375217
"6630460",2025,0,0.5,0.5,0,0.25,0.5,0,0.25,0,0,0,0.5,0,0,0,0,0.0625,0.5,0.666666666666667,1,0.722222222222222,0,0,0,0,0,0,0,0,18.75,24.0740740740741,0,1,0,0,"Metro","Epic",1,1.5034544
"6630470",2025,1,1,1,1,1,1,1,1,1,0.5,0.5,0.5,0.5,0.5,0.5,0.5,0.5625,0.166666666666667,0.333333333333333,0.3,0.266666666666667,0.5,0.571428571428571,0.428571428571429,0.5,0,0,0,0,85.4166666666667,25.5555555555556,1,0,0,0,"Metro","Epic",1,1.3727573
"6630568",2025,1,1,1,1,1,0.5,0.5,0.5,1,0.5,0.5,0.5,0.5,0.5,0.5,0.5,0.5625,0.166666666666667,0.5,0.1,0.255555555555556,0.833333333333333,0.571428571428571,0.428571428571429,0.611111111111111,0,0,0,0,68.75,28.8888888888889,0,1,0,0,"Metro","Epic",1,1.3739656
"6630575",2025,1,1,1,1,1,0.5,0.5,0.5,1,0.5,0.5,0.5,0.5,0.5,0.5,0.5,0.5625,0.166666666666667,0.5,0.1,0.255555555555556,0.833333333333333,0.571428571428571,0.428571428571429,0.611111111111111,0,0,0,0,68.75,28.8888888888889,0,1,0,0,"Metro","Epic",1,1.5128278
"6630585",2025,1,1,0.5,0.5,0.75,0.5,0,0.25,1,1,1,1,0.5,0.5,0.5,0.5,0.75,0.5,0.5,0.4,0.466666666666667,0.5,0.285714285714286,0,0.261904761904762,0,0,0,0,58.3333333333333,24.2857142857143,0,0,1,1,"Rural","Cerner",1,1.7534126
"6630590",2025,1,1,1,1,1,1,1,1,1,1,1,1,1,1,1,1,1,0.5,0.5,0.5,0.5,0.5,0.714285714285714,0.571428571428571,0.595238095238095,0,0,0,0,100,36.5079365079365,0,0,1,0,"Micro","Epic",1,1.7534126
"6630595",2025,1,1,1,0.5,0.875,1,1,1,1,1,1,0.5,0,0.5,0.5,0.5,0.625,0.5,0.666666666666667,0.6,0.588888888888889,0.333333333333333,0.571428571428571,0.571428571428571,0.492063492063492,0,0,0,0,83.3333333333333,36.031746031746,0,0,1,1,"Metro","Meditech",1,2.0405424
"6630600",2025,1,1,1,0.5,0.875,1,1,1,1,1,1,0.5,0,0.5,0.5,0.5,0.625,0.5,0.666666666666667,0.6,0.588888888888889,0.333333333333333,0.571428571428571,0.571428571428571,0.492063492063492,0,0,0,0,83.3333333333333,36.031746031746,0,0,1,0,"Metro","Meditech",1,1.8941513
"6630605",2025,1,1,1,1,1,1,1,1,1,1,1,0.5,1,0.5,0,0,0.625,0.666666666666667,0.5,0.8,0.655555555555556,0.166666666666667,0.285714285714286,0.142857142857143,0.198412698412698,0,0,0,0,87.5,28.4656084656085,0,1,0,0,"Metro","Allscripts",1,1.3652198
"6630625",2025,1,1,1,0.5,0.875,0.5,0.5,0.5,1,0.5,0.5,0.5,0,0,0,0,0.3125,1,0.666666666666667,0.8,0.822222222222222,0.333333333333333,0.142857142857143,0.285714285714286,0.253968253968254,0,0,0,0,56.25,35.8730158730159,0,0,1,1,"Rural","Allscripts",NA,2.3247845
"6630650",2025,1,1,1,1,1,1,1,1,1,1,0.5,1,0.5,1,0.5,0.5,0.75,0.5,0.333333333333333,0.6,0.477777777777778,0.833333333333333,0.857142857142857,0.714285714285714,0.801587301587302,0,1,0,0.333333333333333,91.6666666666667,53.7566137566137,0,0,1,0,"Micro","Cerner",NA,2.356509
"6630680",2025,1,1,1,1,1,1,1,1,1,1,1,1,1,1,1,1,1,0.333333333333333,0.333333333333333,0.4,0.355555555555556,0.333333333333333,0.428571428571429,0.428571428571429,0.396825396825397,0,0,0,0,100,25.0793650793651,0,0,1,1,"Micro","Epic",1,1.6474171
"6630684",2025,1,1,1,0.5,0.875,0.5,0.5,0.5,1,0.5,1,0,1,0,1,0,0.5625,0.666666666666667,0.333333333333333,0.2,0.4,0.166666666666667,0.428571428571429,0.428571428571429,0.341269841269841,0,0,0,0,64.5833333333333,24.7089947089947,0,0,1,1,"Rural","Meditech",NA,2.3247845
"6630730",2025,1,1,0.5,0.5,0.75,0.5,0,0.25,1,1,1,1,0.5,0.5,0.5,0.5,0.75,0.5,0.5,0.3,0.433333333333333,0.5,0.285714285714286,0,0.261904761904762,0,0,0,0,58.3333333333333,23.1746031746032,0,0,1,1,"Rural","Cerner",1,1.7534126
"6630755",2025,1,1,1,1,1,1,1,1,1,1,1,1,1,1,1,1,1,0.5,0.5,0.5,0.5,0.5,0.714285714285714,0.571428571428571,0.595238095238095,0,0,0,0,100,36.5079365079365,0,0,1,1,"Micro","Epic",1,1.7534126
"6630760",2025,1,1,1,1,1,1,0.5,0.75,0,0,0,0,0,0,0,0,0,0.5,1,0.5,0.666666666666667,0.166666666666667,0.571428571428571,0.142857142857143,0.293650793650794,1,0,1,0.666666666666667,58.3333333333333,54.2328042328042,0,0,1,1,"Metro","Meditech",1,1.664175
"6630770",2025,0.5,0,0,0.5,0.25,0.5,0,0.25,0,0,0,0,0,0,0,0,0,0.666666666666667,0.666666666666667,0.3,0.544444444444444,0,0,0,0,0,0,0,0,16.6666666666667,18.1481481481481,0,0,1,0,"Rural","CPSI/Evident",NA,2.1384044
"6630785",2025,1,1,0.5,1,0.875,1,0.5,0.75,1,0.5,1,0.5,1,0.5,1,0.5,0.75,0,0.333333333333333,0.4,0.244444444444444,0.166666666666667,0.285714285714286,0,0.150793650793651,0,0,0,0,79.1666666666667,13.1746031746032,0,1,0,0,"Metro","Cerner",NA,1.6575731
"6630786",2025,1,1,1,0.5,0.875,1,0,0.5,0,0.5,0.5,0.5,0,0,0,0,0.1875,0.333333333333333,0.333333333333333,0.4,0.355555555555556,0.333333333333333,0.571428571428571,0.142857142857143,0.349206349206349,0,0,0,0,52.0833333333333,23.4920634920635,0,1,0,0,"Rural","Meditech",NA,1.7637861
"6630788",2025,1,1,1,1,1,1,1,1,1,1,1,1,1,1,1,1,1,0.5,0.5,0.5,0.5,0.5,0.714285714285714,0.571428571428571,0.595238095238095,0,0,0,0,100,36.5079365079365,0,0,1,1,"Rural","Epic",1,1.7534126
"6630813",2025,1,0.5,0,0,0.375,0.5,0,0.25,0,0,0,0,0,0,0,0,0,0.5,0.833333333333333,0.6,0.644444444444444,0.166666666666667,0,0,0.0555555555555556,0,0,0,0,20.8333333333333,23.3333333333333,0,0,1,1,"Rural","CPSI/Evident",NA,2.3247845
"6630818",2025,1,1,1,1,1,1,0.5,0.75,1,0.5,1,0.5,1,0,0,0,0.5,0.5,0.166666666666667,0.1,0.255555555555556,0.166666666666667,0.428571428571429,0.142857142857143,0.246031746031746,1,1,1,1,75,50.0529100529101,0,0,1,1,"Metro","Epic",NA,2.359076
"6630845",2025,1,1,1,1,1,1,1,1,1,0.5,0.5,0.5,0,0,0,0,0.3125,0.833333333333333,0.666666666666667,0.7,0.733333333333333,0.666666666666667,0.714285714285714,0.571428571428571,0.650793650793651,0,0,0,0,77.0833333333333,46.1375661375661,0,1,0,0,"Micro","Epic",NA,2.0229025
"6630860",2025,1,1,1,1,1,0.5,0.5,0.5,1,0.5,0.5,0.5,0.5,0.5,0.5,0.5,0.5625,0.166666666666667,0.5,0.1,0.255555555555556,0.833333333333333,0.571428571428571,0.428571428571429,0.611111111111111,0,0,0,0,68.75,28.8888888888889,0,1,0,0,"Metro","Epic",1,1.5128278
"6630930",2025,1,1,1,1,1,1,1,1,1,1,0.5,0.5,0,0,0,0,0.375,0.666666666666667,0.333333333333333,0.2,0.4,0.5,0.428571428571429,0.571428571428571,0.5,1,0,0,0.333333333333333,79.1666666666667,41.1111111111111,1,0,0,0,"Metro","Epic",1,1.3727573
"6630931",2025,1,1,1,1,1,1,0.5,0.75,0.5,0.5,0.5,0.5,0,0,0.5,0,0.3125,0.333333333333333,0.166666666666667,0.2,0.233333333333333,0.5,0.142857142857143,0.285714285714286,0.309523809523809,0,0,0,0,68.75,18.0952380952381,0,0,1,1,"Rural","Meditech",NA,2.3247845
"6630945",2025,1,1,1,1,1,0.5,0.5,0.5,1,0.5,0.5,0.5,0.5,0.5,0.5,0.5,0.5625,0.166666666666667,0.5,0.1,0.255555555555556,0.833333333333333,0.571428571428571,0.428571428571429,0.611111111111111,0,0,0,0,68.75,28.8888888888889,0,1,0,0,"Metro","Epic",1,1.5128278
"6630985",2025,1,1,1,1,1,0.5,0.5,0.5,1,0.5,0.5,0.5,0.5,0.5,0.5,0.5,0.5625,0.166666666666667,0.5,0.1,0.255555555555556,0.833333333333333,0.571428571428571,0.428571428571429,0.611111111111111,0,0,0,0,68.75,28.8888888888889,1,0,0,0,"Metro","Epic",1,1.3992708
"6630995",2025,1,1,1,1,1,0.5,0.5,0.5,1,0.5,0.5,0.5,0.5,0.5,0.5,0.5,0.5625,0.166666666666667,0.5,0.1,0.255555555555556,0.833333333333333,0.571428571428571,0.428571428571429,0.611111111111111,0,0,0,0,68.75,28.8888888888889,0,1,0,0,"Metro","Epic",1,1.5128278
"6631010",2025,1,1,1,1,1,1,1,1,1,1,0.5,0.5,0,0,0,0,0.375,0.666666666666667,0.333333333333333,0.2,0.4,0.5,0.428571428571429,0.571428571428571,0.5,1,0,0,0.333333333333333,79.1666666666667,41.1111111111111,0,1,0,0,"Metro","Epic",1,1.5128278
"6631020",2025,1,1,1,1,1,0.5,0.5,0.5,1,0.5,0.5,0.5,0.5,0.5,0.5,0.5,0.5625,0.166666666666667,0.5,0.1,0.255555555555556,0.833333333333333,0.571428571428571,0.428571428571429,0.611111111111111,0,0,0,0,68.75,28.8888888888889,1,0,0,0,"Metro","Epic",1,1.3727573
"6631100",2025,1,1,1,1,1,1,1,1,1,1,0.5,0.5,0,0,0,0,0.375,0.5,0.333333333333333,0.2,0.344444444444444,0.5,0.428571428571429,0.571428571428571,0.5,1,0,0,0.333333333333333,79.1666666666667,39.2592592592593,0,1,0,0,"Metro","Epic",1,1.3739656
"6631160",2025,1,1,1,1,1,1,1,1,1,1,1,1,1,1,1,1,1,0.5,0.5,0.5,0.5,0.5,0.714285714285714,0.571428571428571,0.595238095238095,0,0,0,0,100,36.5079365079365,1,0,0,0,"Metro","Epic",1,1.3992708
"6631165",2025,1,1,1,1,1,1,1,1,1,1,1,1,1,1,1,1,1,0.5,0.5,0.5,0.5,0.5,0.714285714285714,0.571428571428571,0.595238095238095,0,0,0,0,100,36.5079365079365,1,0,0,0,"Metro","Epic",1,1.3727573
"6631180",2025,1,1,1,1,1,1,1,1,1,1,0.5,0.5,0,0,0,0,0.375,0.5,0.333333333333333,0.2,0.344444444444444,0.5,0.428571428571429,0.571428571428571,0.5,1,0,0,0.333333333333333,79.1666666666667,39.2592592592593,0,1,0,0,"Metro","Epic",1,1.3491325
"6631280",2025,1,1,1,1,1,1,1,1,1,1,0.5,0.5,0,0,0,0,0.375,0.5,0.333333333333333,0.2,0.344444444444444,0.5,0.428571428571429,0.571428571428571,0.5,1,0,0,0.333333333333333,79.1666666666667,39.2592592592593,0,1,0,0,"Metro","Epic",1,1.5128278
"6631281",2025,1,1,0.5,0.5,0.75,0.5,0,0.25,1,1,1,1,1,0,1,0,0.75,0.333333333333333,0,0.2,0.177777777777778,0.166666666666667,0.142857142857143,0,0.103174603174603,0,0,0,0,58.3333333333333,9.36507936507937,0,0,1,1,"Rural","CPSI/Evident",NA,2.3247845
"6631290",2025,1,1,1,1,1,1,1,1,0.5,0.5,0.5,0,0.5,0,0.5,0,0.3125,0.5,0.5,0.2,0.4,0.666666666666667,0.285714285714286,0.285714285714286,0.412698412698413,1,1,1,1,77.0833333333333,60.4232804232804,0,0,1,0,"Micro","Meditech",NA,2.1384044
"6631300",2025,1,1,0.5,0.5,0.75,1,0,0.5,1,0.5,1,0,1,0,1,0,0.5625,0.333333333333333,0.5,0.6,0.477777777777778,0.333333333333333,0.571428571428571,0,0.301587301587302,0,0,0,0,60.4166666666667,25.978835978836,0,0,1,0,"Micro","Cerner",NA,2.1656654
"6631320",2025,1,1,0.5,0.5,0.75,0.5,0,0.25,1,1,1,1,0.5,0.5,0.5,0.5,0.75,0.5,0.5,0.3,0.433333333333333,0.5,0.285714285714286,0,0.261904761904762,0,0,0,0,58.3333333333333,23.1746031746032,1,0,0,0,"Metro","Cerner",1,1.3992708
"6631350",2025,1,1,1,1,1,1,1,1,1,1,1,1,1,1,1,1,1,0.5,0.5,0.5,0.5,0.5,0.714285714285714,0.571428571428571,0.595238095238095,0,0,0,0,100,36.5079365079365,1,0,0,0,"Metro","Epic",1,1.3992708
"6631365",2025,1,1,1,1,1,1,1,1,1,1,0.5,0.5,0,0,0,0,0.375,0.666666666666667,0.333333333333333,0.2,0.4,0.5,0.428571428571429,0.571428571428571,0.5,1,0,0,0.333333333333333,79.1666666666667,41.1111111111111,0,0,1,1,"Metro","Epic",1,1.7729143
"6631378",2025,1,1,1,1,1,1,1,1,1,1,1,1,1,1,1,1,1,0.5,0.5,0.5,0.5,0.5,0.714285714285714,0.571428571428571,0.595238095238095,0,0,0,0,100,36.5079365079365,0,0,1,1,"Metro","Epic",1,1.7729143
"6631390",2025,1,1,1,1,1,1,1,1,1,0.5,0.5,0.5,0.5,0.5,0.5,0.5,0.5625,0.166666666666667,0.333333333333333,0.2,0.233333333333333,0.5,0.571428571428571,0.428571428571429,0.5,0,0,0,0,85.4166666666667,24.4444444444444,0,0,1,1,"Rural","Epic",1,1.7534126
"6631399",2025,1,1,0,0.5,0.625,0,1,0.5,0,0,0,0,0,0,0,0,0,0,0,0,0,0.666666666666667,0.142857142857143,0.142857142857143,0.317460317460317,0,0,0,0,37.5,10.5820105820106,0,0,1,0,"Micro","Cerner",NA,2.3247845
"6631410",2025,1,1,1,1,1,1,1,1,1,1,1,1,1,1,1,1,1,0.5,0.5,0.5,0.5,0.5,0.714285714285714,0.571428571428571,0.595238095238095,0,0,0,0,100,36.5079365079365,0,0,1,0,"Metro","Epic",1,1.5636265
"6631465",2025,0.5,0.5,0.5,1,0.625,1,0.5,0.75,1,0.5,0.5,0.5,0,0,0,0,0.3125,0.5,0.5,0.5,0.5,0,0,0,0,0,0,0,0,56.25,16.6666666666667,0,1,0,0,"Micro","Meditech",NA,1.6563313
"6639005",2025,1,1,1,1,1,1,1,1,1,1,1,1,1,1,1,1,1,0.333333333333333,0.333333333333333,0.4,0.355555555555556,0.333333333333333,0.428571428571429,0.428571428571429,0.396825396825397,0,0,0,0,100,25.0793650793651,0,0,1,1,"Rural","Epic",1,1.7534126
"6639015",2025,0.5,0.5,0.5,0,0.375,1,1,1,1,1,1,1,1,1,1,1,1,0.166666666666667,0,0.1,0.0888888888888889,0,0,0,0,0,0,0,0,79.1666666666667,2.96296296296296,0,0,1,1,"Rural","Cerner",NA,2.356509
"6639030",2025,1,1,1,1,1,1,1,1,1,1,1,1,1,1,1,1,1,0.5,0.5,0.5,0.5,0.5,0.714285714285714,0.571428571428571,0.595238095238095,0,0,0,0,100,36.5079365079365,0,0,1,1,"Rural","Epic",1,1.7534126
"6639075",2025,0.5,0.5,1,1,0.75,1,0.5,0.75,0,0,0,0,0,0,0,0,0,0.5,0.333333333333333,0.6,0.477777777777778,0,0,0.285714285714286,0.0952380952380952,1,1,1,1,50,52.4338624338624,0,0,1,1,"Rural","Cerner",NA,2.3247845
"6639080",2025,0.5,1,0.5,0.5,0.625,0,0,0,0.5,0.5,0,0.5,0,0,0,0,0.1875,0.833333333333333,0.833333333333333,0.5,0.722222222222222,0,0.142857142857143,0,0.0476190476190476,0,0,0,0,27.0833333333333,25.6613756613757,0,0,1,0,"Rural","CPSI/Evident",NA,2.3247845
"6639150",2025,0.5,0,0.5,1,0.5,0.5,0.5,0.5,0.5,0.5,0.5,0,0.5,0,0.5,0,0.3125,0.833333333333333,0.166666666666667,0.7,0.566666666666667,0,0,0,0,0,0,0,0,43.75,18.8888888888889,0,0,1,1,"Rural","Other",NA,2.3247845
"6639165",2025,1,0.5,0,0,0.375,0.5,0.5,0.5,0,0,0,0,0,0,0,0,0,1,0.666666666666667,0.6,0.755555555555556,0.166666666666667,0,0,0.0555555555555556,0,0,0,0,29.1666666666667,27.037037037037,0,0,1,1,"Rural","CPSI/Evident",NA,2.3247845
"6639173",2025,1,1,0.5,1,0.875,0,0,0,0,0,0,0,0,0,0,0,0,0.5,0.333333333333333,0,0.277777777777778,0.666666666666667,0.285714285714286,0,0.317460317460317,0,0,0,0,29.1666666666667,19.8412698412698,0,0,1,0,"Micro","MEDHOST",1,1.8715907
"6639205",2025,1,1,1,0.5,0.875,1,0.5,0.75,0.5,0.5,0.5,0.5,0,0,0,0,0.25,1,0.5,0.5,0.666666666666667,0.333333333333333,0.571428571428571,0.142857142857143,0.349206349206349,0,0,0,0,62.5,33.8624338624339,0,0,1,0,"Metro","Cerner",NA,2.195838
"6639230",2025,1,0.5,0.5,0,0.5,0.5,0.5,0.5,1,1,0,0,0,0,0,0,0.25,0,0,0.3,0.1,0.333333333333333,0.142857142857143,0,0.158730158730159,0,0,0,0,41.6666666666667,8.62433862433862,0,0,1,1,"Rural","CPSI/Evident",NA,2.3247845
"6640003",2025,1,1,1,1,1,1,1,1,1,1,1,1,1,1,1,1,1,0.166666666666667,0,0.1,0.0888888888888889,0.5,0.714285714285714,0.714285714285714,0.642857142857143,0,0,0,0,100,24.3915343915344,0,1,0,0,"Metro","Epic",1,1.3739656
"6640005",2025,1,0,0,0.5,0.375,0,0,0,1,0,0,0,0,0,0,0,0.125,0.5,0.833333333333333,0.5,0.611111111111111,0.166666666666667,0,0,0.0555555555555556,0,0,0,0,16.6666666666667,22.2222222222222,0,0,1,1,"Rural","CPSI/Evident",NA,2.356509
"6640020",2025,1,1,1,1,1,1,1,1,1,0.5,1,0.5,0.5,0,0.5,0,0.5,0.166666666666667,0.333333333333333,0.2,0.233333333333333,0.166666666666667,0.285714285714286,0.142857142857143,0.198412698412698,0,0,0,0,83.3333333333333,14.3915343915344,0,1,0,0,"Metro","Epic",1,1.3739656
"6640040",2025,1,1,1,0.5,0.875,1,1,1,1,1,1,1,1,1,1,1,1,0.5,0.5,0.5,0.5,0.666666666666667,1,0.857142857142857,0.841269841269841,0,0,0,0,95.8333333333333,44.7089947089947,0,1,0,0,"Metro","Epic",1,1.5128278
"6640060",2025,1,1,1,0.5,0.875,1,1,1,1,1,1,1,1,1,1,1,1,0.5,0.5,0.5,0.5,0.666666666666667,1,0.857142857142857,0.841269841269841,0,0,0,0,95.8333333333333,44.7089947089947,0,0,1,1,"Rural","Meditech",1,1.7534126
"6640090",2025,1,1,1,0.5,0.875,1,1,1,1,1,1,1,1,1,1,1,1,0.5,0.5,0.5,0.5,0.666666666666667,1,0.857142857142857,0.841269841269841,0,0,0,0,95.8333333333333,44.7089947089947,0,0,1,1,"Rural","Meditech",1,1.7534126
"6640100",2025,1,1,1,0.5,0.875,1,1,1,1,1,1,1,1,1,1,1,1,0.5,0.5,0.5,0.5,0.666666666666667,1,0.857142857142857,0.841269841269841,0,0,0,0,95.8333333333333,44.7089947089947,0,0,1,1,"Micro","Meditech",1,1.7534126
"6640180",2025,1,1,1,1,1,1,1,1,1,0.5,1,0.5,0.5,0,0.5,0,0.5,0.166666666666667,0.333333333333333,0.2,0.233333333333333,0.166666666666667,0.285714285714286,0.142857142857143,0.198412698412698,0,0,0,0,83.3333333333333,14.3915343915344,1,0,0,0,"Metro","Epic",1,1.3992708
"6640215",2025,1,1,1,0.5,0.875,1,1,1,1,1,1,1,1,1,1,1,1,0.5,0.5,0.5,0.5,0.666666666666667,1,0.857142857142857,0.841269841269841,0,0,0,0,95.8333333333333,44.7089947089947,0,0,1,1,"Rural","Epic",1,1.6474171
"6640260",2025,1,1,1,1,1,1,1,1,1,1,1,1,0.5,1,0.5,0.5,0.8125,1,0.666666666666667,0.1,0.588888888888889,0.666666666666667,0.571428571428571,0.571428571428571,0.603174603174603,0,0,0,0,93.75,39.7354497354497,0,1,0,1,"Rural","Cerner",1,1.5817305
"6640270",2025,0,0.5,0.5,1,0.5,1,1,1,1,1,0.5,0.5,0.5,0.5,0,0,0.5,0.5,0.5,0.5,0.5,0,0,0,0,0,0,0,0,66.6666666666667,16.6666666666667,0,0,1,1,"Micro","Epic",NA,2.356509
"6640273",2025,1,1,1,1,1,1,1,1,1,0.5,1,0.5,0.5,0,0.5,0,0.5,0.166666666666667,0.333333333333333,0.2,0.233333333333333,0.166666666666667,0.285714285714286,0.142857142857143,0.198412698412698,0,0,0,0,83.3333333333333,14.3915343915344,0,0,1,1,"Rural","Epic",1,1.7534126
"6640315",2025,1,1,1,0.5,0.875,1,1,1,1,1,1,1,1,1,1,1,1,0.5,0.5,0.5,0.5,0.666666666666667,1,0.857142857142857,0.841269841269841,0,0,0,0,95.8333333333333,44.7089947089947,0,0,1,1,"Rural","Meditech",1,1.7534126
"6640330",2025,1,1,1,1,1,1,1,1,1,0.5,1,0.5,0.5,0,0.5,0,0.5,0.166666666666667,0.333333333333333,0.2,0.233333333333333,0.166666666666667,0.285714285714286,0.142857142857143,0.198412698412698,0,0,0,0,83.3333333333333,14.3915343915344,0,0,1,1,"Rural","Epic",1,1.7534126
"6640333",2025,0,0,0,0,0,1,0.5,0.75,0,0,0,0,0,1,0,0,0.125,0,0.333333333333333,0.5,0.277777777777778,0,0,0,0,0,0,0,0,29.1666666666667,9.25925925925926,0,0,1,1,"Rural","Epic",NA,2.356509
"6640370",2025,1,1,1,1,1,1,1,1,1,0.5,1,0.5,0.5,0,0.5,0,0.5,0.166666666666667,0.333333333333333,0.2,0.233333333333333,0.166666666666667,0.285714285714286,0.142857142857143,0.198412698412698,0,0,0,0,83.3333333333333,14.3915343915344,0,0,1,1,"Metro","Epic",1,1.7729143
"6640380",2025,1,1,1,0.5,0.875,1,1,1,1,1,1,1,1,1,1,1,1,0.5,0.5,0.5,0.5,0.666666666666667,1,0.857142857142857,0.841269841269841,0,0,0,0,95.8333333333333,44.7089947089947,0,0,1,1,"Rural","Meditech",1,1.7534126
"6640435",2025,1,1,1,0,0.75,0.5,0.5,0.5,0.5,0.5,0.5,0.5,0,0.5,0,0,0.3125,0.666666666666667,0.166666666666667,0.4,0.411111111111111,0.333333333333333,0.285714285714286,0.142857142857143,0.253968253968254,0,0,0,0,52.0833333333333,22.1693121693122,0,0,1,1,"Rural","Cerner",NA,2.356509
"6640437",2025,1,1,1,0.5,0.875,1,1,1,1,1,1,1,1,1,1,1,1,0.5,0.5,0.5,0.5,0.666666666666667,1,0.857142857142857,0.841269841269841,0,0,0,0,95.8333333333333,44.7089947089947,0,0,1,1,"Rural","Epic",1,1.7534126
"6640440",2025,1,1,1,0.5,0.875,1,1,1,1,1,1,1,1,1,1,1,1,0.5,0.5,0.5,0.5,0.666666666666667,1,0.857142857142857,0.841269841269841,0,0,0,0,95.8333333333333,44.7089947089947,0,0,1,1,"Rural","Meditech",1,1.7534126
"6640470",2025,1,1,1,0.5,0.875,1,1,1,1,1,1,1,1,1,1,1,1,0.5,0.5,0.5,0.5,0.666666666666667,1,0.857142857142857,0.841269841269841,0,0,0,0,95.8333333333333,44.7089947089947,0,0,1,1,"Micro","Meditech",1,1.6474171
"6650002",2025,1,1,1,1,1,0,0.5,0.25,1,1,1,1,1,0.5,1,1,0.9375,0.166666666666667,0.166666666666667,0.4,0.244444444444444,0.5,0.571428571428571,0.428571428571429,0.5,0,0,0,0,72.9166666666667,24.8148148148148,1,0,0,0,"Metro","Epic",1,1.3992708
"6650007",2025,1,1,1,1,1,1,1,1,1,0.5,1,0.5,0.5,0,0.5,0,0.5,0.166666666666667,0.333333333333333,0.2,0.233333333333333,0.166666666666667,0.285714285714286,0.142857142857143,0.198412698412698,0,0,0,0,83.3333333333333,14.3915343915344,1,0,0,0,"Metro","Epic",1,1.3727573
"6650040",2025,1,1,1,1,1,1,1,1,1,0.5,1,0.5,0.5,0,0.5,0,0.5,0.166666666666667,0.333333333333333,0.2,0.233333333333333,0.166666666666667,0.285714285714286,0.142857142857143,0.198412698412698,0,0,0,0,83.3333333333333,14.3915343915344,0,0,1,1,"Rural","Epic",1,1.7534126
"6650045",2025,1,1,1,1,1,1,1,1,1,0.5,1,0.5,0.5,0,0.5,0,0.5,0.166666666666667,0.333333333333333,0.2,0.233333333333333,0.166666666666667,0.285714285714286,0.142857142857143,0.198412698412698,0,0,0,0,83.3333333333333,14.3915343915344,0,0,1,1,"Rural","Epic",1,1.7534126
"6650055",2025,1,1,1,1,1,1,1,1,1,0.5,1,0.5,0.5,0,0.5,0,0.5,0.166666666666667,0.333333333333333,0.2,0.233333333333333,0.166666666666667,0.285714285714286,0.142857142857143,0.198412698412698,0,0,0,0,83.3333333333333,14.3915343915344,0,0,1,1,"Rural","Epic",1,1.7534126
"6650057",2025,1,1,1,1,1,0,0.5,0.25,1,1,1,1,1,0.5,1,1,0.9375,0.166666666666667,0.166666666666667,0.4,0.244444444444444,0.5,0.571428571428571,0.428571428571429,0.5,0,0,0,0,72.9166666666667,24.8148148148148,0,0,1,1,"Metro","Epic",1,1.7729143
"6650060",2025,1,1,1,1,1,0,0.5,0.25,1,1,1,1,1,0.5,1,1,0.9375,0.166666666666667,0.166666666666667,0.4,0.244444444444444,0.5,0.571428571428571,0.428571428571429,0.5,0,0,0,0,72.9166666666667,24.8148148148148,0,0,1,1,"Micro","Epic",1,1.7357928
"6650085",2025,0.5,0.5,0.5,0,0.375,0.5,1,0.75,1,0,0.5,0,0.5,0,0.5,0,0.3125,0.333333333333333,0,0.3,0.211111111111111,0,0,0,0,0,0,0,0,47.9166666666667,7.03703703703704,0,0,1,1,"Rural","Cerner",NA,1.989197
"6650160",2025,1,1,1,1,1,1,1,1,1,1,1,0.5,1,1,1,0.5,0.875,0.5,0.333333333333333,0.5,0.444444444444444,0.333333333333333,0.428571428571429,0.571428571428571,0.444444444444444,0,0,1,0.333333333333333,95.8333333333333,40.7407407407407,0,0,1,1,"Rural","Epic",NA,2.356509
"6650215",2025,0.5,0.5,0.5,0,0.375,0.5,0,0.25,0.5,0.5,0.5,0.5,0,0,0.5,0,0.3125,0.5,0.5,0.8,0.6,0,0,0,0,1,1,1,1,31.25,53.3333333333333,0,0,1,1,"Micro","Cerner",1,1.7534126
"6650250",2025,1,1,0.5,0.5,0.75,1,1,1,1,1,1,1,1,1,1,1,1,0.333333333333333,0.333333333333333,0.5,0.388888888888889,0.666666666666667,0.428571428571429,0.142857142857143,0.412698412698413,0,0,0,0,91.6666666666667,26.7195767195767,0,0,1,1,"Rural","Epic",NA,2.356509
"6650305",2025,0.5,1,0.5,0,0.5,0.5,0,0.25,0,0,0,0,0,0,0,0,0,0.5,1,0.5,0.666666666666667,0.166666666666667,0.142857142857143,0,0.103174603174603,1,0,1,0.666666666666667,25,47.8835978835979,0,0,1,1,"Rural","Cerner",NA,2.356509
"6650433",2025,1,1,1,1,1,1,1,1,1,0.5,1,0.5,0.5,0,0.5,0,0.5,0.166666666666667,0.333333333333333,0.2,0.233333333333333,0.166666666666667,0.285714285714286,0.142857142857143,0.198412698412698,0,0,0,0,83.3333333333333,14.3915343915344,0,0,1,1,"Rural","Epic",1,1.7534126
"6650438",2025,1,1,1,1,1,0,0.5,0.25,1,1,1,1,1,0.5,1,1,0.9375,0.166666666666667,0.166666666666667,0.4,0.244444444444444,0.5,0.571428571428571,0.428571428571429,0.5,0,0,0,0,72.9166666666667,24.8148148148148,0,0,1,0,"Micro","Epic",1,1.6474171
"665043A",2025,1,1,1,1,1,0,0.5,0.25,1,1,1,1,1,0.5,1,1,0.9375,0.166666666666667,0.166666666666667,0.4,0.244444444444444,0.5,0.571428571428571,0.428571428571429,0.5,0,0,0,0,72.9166666666667,24.8148148148148,0,0,1,1,"Metro","Epic",1,1.7729143
"6650447",2025,1,1,1,1,1,1,1,1,1,0.5,1,0.5,0.5,0,0.5,0,0.5,0.166666666666667,0.333333333333333,0.2,0.233333333333333,0.166666666666667,0.285714285714286,0.142857142857143,0.198412698412698,0,0,0,0,83.3333333333333,14.3915343915344,0,0,1,1,"Micro","Epic",1,1.7534126
"6650455",2025,1,1,1,1,1,1,1,1,1,0.5,1,0.5,0.5,0,0.5,0,0.5,0.166666666666667,0.333333333333333,0.2,0.233333333333333,0.166666666666667,0.285714285714286,0.142857142857143,0.198412698412698,0,0,0,0,83.3333333333333,14.3915343915344,0,0,1,1,"Metro","Epic",1,1.7729143
"6650495",2025,0.5,1,0.5,0,0.5,1,1,1,0.5,0,1,0,1,0,0,0,0.3125,1,0.833333333333333,0.5,0.777777777777778,0.166666666666667,0.142857142857143,0.285714285714286,0.198412698412698,1,0,0,0.333333333333333,60.4166666666667,43.6507936507937,0,0,1,0,"Micro","CPSI/Evident",NA,2.356509
"6650520",2025,1,1,1,1,1,1,1,1,1,0.5,1,0.5,0.5,0,0.5,0,0.5,0.166666666666667,0.333333333333333,0.2,0.233333333333333,0.166666666666667,0.285714285714286,0.142857142857143,0.198412698412698,0,0,0,0,83.3333333333333,14.3915343915344,0,1,0,1,"Rural","Epic",1,1.5817305
"6659010",2025,1,1,1,1,1,1,1,1,1,0.5,1,0.5,0.5,0,0.5,0,0.5,0.166666666666667,0.333333333333333,0.2,0.233333333333333,0.166666666666667,0.285714285714286,0.142857142857143,0.198412698412698,0,0,0,0,83.3333333333333,14.3915343915344,0,0,1,1,"Metro","Epic",1,1.7729143
"6659060",2025,1,1,1,1,1,1,1,1,1,0.5,1,0.5,0.5,0,0.5,0,0.5,0.166666666666667,0.333333333333333,0.2,0.233333333333333,0.166666666666667,0.285714285714286,0.142857142857143,0.198412698412698,0,0,0,0,83.3333333333333,14.3915343915344,0,0,1,1,"Rural","Epic",1,1.7534126
"6659061",2025,1,1,1,1,1,1,1,1,1,0.5,1,0.5,0.5,0,0.5,0,0.5,0.166666666666667,0.333333333333333,0.2,0.233333333333333,0.166666666666667,0.285714285714286,0.142857142857143,0.198412698412698,0,0,0,0,83.3333333333333,14.3915343915344,0,0,1,0,"Micro","Epic",1,1.7534126
"6660002",2025,1,1,1,0.5,0.875,1,1,1,1,1,1,1,1,1,1,1,1,0.5,0.5,0.5,0.5,0.666666666666667,1,0.857142857142857,0.841269841269841,0,0,0,0,95.8333333333333,44.7089947089947,0,1,0,0,"Micro","Epic",1,1.4998885
"6660003",2025,1,1,1,1,1,0.5,1,0.75,1,1,1,1,1,1,0.5,0.5,0.875,1,1,0.6,0.866666666666667,0.5,0.714285714285714,0.428571428571429,0.547619047619048,0,0,0,0,87.5,47.1428571428571,0,1,0,0,"Micro","Epic",1,1.4998885
"6660006",2025,1,1,1,1,1,1,1,1,1,0.5,1,0.5,0.5,0.5,0.5,0.5,0.625,0.5,0.5,0.6,0.533333333333333,0.5,0.142857142857143,0.142857142857143,0.261904761904762,0,0,0,0,87.5,26.5079365079365,1,0,0,0,"Metro","Epic",1,1.3992708
"6660011",2025,1,1,1,0.5,0.875,1,1,1,1,1,1,1,1,1,1,1,1,0.5,0.5,0.5,0.5,0.666666666666667,1,0.857142857142857,0.841269841269841,0,0,0,0,95.8333333333333,44.7089947089947,0,1,0,0,"Metro","Epic",1,1.5128278
"6660022",2025,0.5,1,1,0,0.625,0,0,0,0,0,0,0,0,0,0,0,0,0.5,0.333333333333333,0.6,0.477777777777778,0,0.142857142857143,0.142857142857143,0.0952380952380952,1,0,1,0.666666666666667,20.8333333333333,41.3227513227513,0,0,1,1,"Rural","Meditech",NA,2.3247845
"6660025",2025,1,1,0.5,0.5,0.75,0.5,0,0.25,0.5,0.5,0,0,0,0,0,0,0.125,0.333333333333333,0.833333333333333,0.8,0.655555555555556,0.333333333333333,0.142857142857143,0,0.158730158730159,1,1,1,1,37.5,60.4761904761905,0,0,1,1,"Rural","Meditech",NA,2.3247845
"6660035",2025,1,1,1,0,0.75,0.5,0.5,0.5,0.5,0.5,0.5,0,0.5,0,0,0,0.25,1,0.5,0.3,0.6,0.166666666666667,0.285714285714286,0.142857142857143,0.198412698412698,0,0,0,0,50,26.6137566137566,0,0,1,1,"Rural","CPSI/Evident",NA,2.1384044
"6660090",2025,0.5,0.5,1,0.5,0.625,0.5,0.5,0.5,0.5,0.5,0.5,0.5,0.5,0.5,0.5,0.5,0.5,0.666666666666667,0.666666666666667,0.7,0.677777777777778,0.166666666666667,0,0.142857142857143,0.103174603174603,0,0,1,0.333333333333333,54.1666666666667,37.1428571428571,0,0,1,1,"Micro","Epic",NA,2.1656654
"6660100",2025,0,0,0,0,0,0,0,0,0,0,0,0,0,0,0,0,0,0,0,0,0,0,0,0,0,0,0,0,0,0,0,0,0,1,1,"Rural","CPSI/Evident",NA,2.3247845
"6660112",2025,0.5,0.5,0.5,0,0.375,1,1,1,0,0,0,0,0,0,0,0,0,0,0,0,0,0,0,0,0,0,0,0,0,45.8333333333333,0,0,0,1,1,"Metro","Epic",NA,2.3916214
"6660138",2025,1,1,1,1,1,1,1,1,1,1,1,1,1,0,1,0,0.75,0.666666666666667,0.5,0.4,0.522222222222222,0.666666666666667,0.714285714285714,0.857142857142857,0.746031746031746,0,0,0,0,91.6666666666667,42.2751322751323,0,0,1,0,"Metro","Epic",1,1.664175
"6660145",2025,1,1,1,1,1,0,0.5,0.25,1,0.5,0.5,0.5,0.5,0,0.5,0.5,0.5,1,0.5,0.7,0.733333333333333,0.333333333333333,0.142857142857143,0.142857142857143,0.206349206349206,0,0,0,0,58.3333333333333,31.3227513227513,0,0,1,0,"Micro","Altera Digital Health",NA,2.1656654
"6660192",2025,1,1,1,0,0.75,0,0.5,0.25,1,0.5,1,0.5,1,0.5,1,0.5,0.75,0.333333333333333,0.666666666666667,0.5,0.5,0.333333333333333,0.285714285714286,0.428571428571429,0.349206349206349,1,0,1,0.666666666666667,58.3333333333333,50.5291005291005,0,0,1,1,"Rural","Cerner",NA,2.356509
"6660230",2025,1,0.5,0.5,0.5,0.625,1,0.5,0.75,1,1,1,0.5,1,0.5,1,0.5,0.8125,0.5,0.666666666666667,0.6,0.588888888888889,0.666666666666667,0,0,0.222222222222222,0,0,0,0,72.9166666666667,27.037037037037,0,1,0,0,"Micro","Cerner",1,1.3645301
"6660245",2025,1,1,0.5,0,0.625,1,0.5,0.75,0,0.5,0,0.5,0,0,0,0,0.125,0.5,0.333333333333333,0.5,0.444444444444444,0.5,0.285714285714286,0,0.261904761904762,0,0,0,0,50,23.5449735449735,0,0,1,1,"Rural","Cerner",NA,2.3247845
"6660290",2025,1,1,1,0.5,0.875,1,1,1,1,1,1,1,1,1,1,1,1,0.5,0.5,0.5,0.5,0.666666666666667,1,0.857142857142857,0.841269841269841,0,0,0,0,95.8333333333333,44.7089947089947,0,1,0,0,"Metro","Epic",1,1.5128278
"6660395",2025,1,0.5,0.5,0,0.5,1,0.5,0.75,1,0.5,1,0,1,0,1,0.5,0.625,0.5,0.5,0.9,0.633333333333333,0.333333333333333,0,0,0.111111111111111,0,0,0,0,62.5,24.8148148148148,0,0,1,1,"Micro","Cerner",NA,2.1384044
"6660460",2025,1,1,1,0.5,0.875,1,1,1,1,1,1,1,1,1,1,1,1,0.5,0.5,0.5,0.5,0.666666666666667,1,0.857142857142857,0.841269841269841,0,0,0,0,95.8333333333333,44.7089947089947,0,1,0,0,"Metro","Epic",1,1.5128278
"6660500",2025,1,1,1,0.5,0.875,1,1,1,0.5,0.5,0.5,0.5,0,0,0,0,0.25,0.833333333333333,0.833333333333333,0.4,0.688888888888889,0.833333333333333,0.428571428571429,0.428571428571429,0.563492063492063,0,0,0,0,70.8333333333333,41.7460317460317,0,0,1,1,"Rural","Altera Digital Health",NA,2.1656654
"6660520",2025,1,1,1,0.5,0.875,1,1,1,1,1,1,1,1,1,1,1,1,0.5,0.5,0.5,0.5,0.666666666666667,1,0.857142857142857,0.841269841269841,0,0,0,0,95.8333333333333,44.7089947089947,0,0,1,1,"Rural","Epic",1,1.7534126
"6660525",2025,0.5,0.5,0,0.5,0.375,0.5,0.5,0.5,1,0,1,0,1,0,0,0,0.375,0.5,0.5,0.3,0.433333333333333,0,0,0,0,0,0,0,0,41.6666666666667,14.4444444444444,0,0,1,1,"Rural","MEDHOST",NA,2.356509
"6660560",2025,1,1,0.5,0.5,0.75,0.5,0,0.25,0.5,0.5,0.5,0,0,0,0,0,0.1875,0.666666666666667,0.833333333333333,0.5,0.666666666666667,0.166666666666667,0.142857142857143,0,0.103174603174603,0,0,0,0,39.5833333333333,25.6613756613757,0,0,1,0,"Micro","Epic",NA,2.1656654
"6660635",2025,1,1,1,1,1,0.5,0.5,0.5,0.5,0.5,0.5,0.5,0.5,0.5,0.5,0.5,0.5,0.5,0.666666666666667,0.8,0.655555555555556,0.666666666666667,0.857142857142857,0.428571428571429,0.650793650793651,1,1,1,1,66.6666666666667,76.8783068783069,0,1,0,0,"Metro","Epic",NA,1.6733199
"6660650",2025,1,1,1,0.5,0.875,1,1,1,1,1,1,1,1,1,1,1,1,0.5,0.5,0.5,0.5,0.666666666666667,1,0.857142857142857,0.841269841269841,0,0,0,0,95.8333333333333,44.7089947089947,0,0,1,0,"Metro","Epic",1,1.7729143
"6660690",2025,1,1,1,0.5,0.875,1,1,1,1,1,1,1,1,1,1,1,1,0.5,0.5,0.5,0.5,0.666666666666667,1,0.857142857142857,0.841269841269841,0,0,0,0,95.8333333333333,44.7089947089947,0,1,0,0,"Metro","Epic",1,1.5128278
"6660710",2025,1,0.5,0.5,0.5,0.625,1,0.5,0.75,1,1,1,0.5,1,0.5,1,0.5,0.8125,0.5,0.666666666666667,0.6,0.588888888888889,0.666666666666667,0,0,0.222222222222222,0,0,0,0,72.9166666666667,27.037037037037,1,0,0,0,"Metro","Cerner",1,1.3992708
"6660720",2025,1,1,1,0.5,0.875,1,1,1,1,1,1,1,1,1,1,1,1,0.5,0.5,0.5,0.5,0.666666666666667,1,0.857142857142857,0.841269841269841,0,0,0,0,95.8333333333333,44.7089947089947,0,1,0,0,"Metro","Epic",1,1.3491325
"6660780",2025,0,0,0,0,0,0,0,0,0,0,0,0,0,0,0,0,0,1,0.833333333333333,0.8,0.877777777777778,0,0,0,0,0,0,0,0,0,29.2592592592593,0,0,1,1,"Micro","Cerner",NA,2.356509
"6660820",2025,1,1,1,0.5,0.875,1,1,1,1,1,1,1,1,1,1,1,1,0.5,0.5,0.5,0.5,0.666666666666667,1,0.857142857142857,0.841269841269841,0,0,0,0,95.8333333333333,44.7089947089947,0,0,1,1,"Micro","Epic",1,1.7534126
"6660827",2025,1,1,1,0.5,0.875,1,1,1,1,1,1,1,1,1,1,1,1,0.5,0.5,0.5,0.5,0.666666666666667,1,0.857142857142857,0.841269841269841,0,0,0,0,95.8333333333333,44.7089947089947,0,0,1,1,"Micro","Epic",1,1.7534126
"6660855",2025,1,1,1,1,1,1,1,1,0,0,0,0,0,0,0,0,0,0.5,0,0.4,0.3,0.333333333333333,0.142857142857143,0.142857142857143,0.206349206349206,0,0,1,0.333333333333333,66.6666666666667,27.989417989418,0,0,1,1,"Rural","Epic",NA,2.356509
"6660920",2025,1,1,1,0,0.75,1,1,1,1,0.5,0.5,0.5,0,0,0,0,0.3125,0.166666666666667,0.333333333333333,0.4,0.3,0.666666666666667,0.714285714285714,0.714285714285714,0.698412698412698,0,0,0,0,68.75,33.2804232804233,0,0,1,1,"Rural","Cerner",NA,2.356509
"6660935",2025,1,1,0.5,0,0.625,0.5,0.5,0.5,1,0,0.5,0,0,0,0,0,0.1875,0.666666666666667,0.5,0.9,0.688888888888889,0.5,0.142857142857143,0.142857142857143,0.261904761904762,0,0,1,0.333333333333333,43.75,42.8042328042328,0,0,1,1,"Rural","Cerner",NA,2.3247845
"6660990",2025,0.5,0.5,0.5,0,0.375,0.5,0,0.25,0.5,0,0.5,0,0,0,0,0,0.125,0.166666666666667,0.5,0.5,0.388888888888889,0,0,0,0,0,0,0,0,25,12.962962962963,0,0,1,1,"Rural","Cerner",1,1.6474171
"6660995",2025,1,1,0.5,0,0.625,0,0.5,0.25,1,1,1,0.5,0,1,0.5,0.5,0.6875,0.833333333333333,0.666666666666667,0.5,0.666666666666667,0.333333333333333,0.285714285714286,0,0.206349206349206,0,0,0,0,52.0833333333333,29.1005291005291,0,0,1,1,"Rural","Cerner",NA,2.356509
"6661010",2025,1,1,1,0.5,0.875,0,0,0,1,0,1,0,0,0,0,0,0.25,0.666666666666667,0.5,0.9,0.688888888888889,0.333333333333333,0.428571428571429,0.285714285714286,0.349206349206349,0,0,0,0,37.5,34.6031746031746,0,1,0,1,"Rural","Altera Digital Health",NA,2.0473976
"6669060",2025,0.5,0.5,0.5,0,0.375,1,0.5,0.75,0,0.5,0,0.5,0,0.5,0,0.5,0.25,1,0.333333333333333,1,0.777777777777778,0,0,0,0,0,0,0,0,45.8333333333333,25.9259259259259,0,0,1,1,"Rural","Athenahealth",1,1.7357928
"6670010",2025,1,1,0,0.5,0.625,1,1,1,1,1,1,1,1,1,1,1,1,0.666666666666667,0.333333333333333,0.5,0.5,0.333333333333333,0.714285714285714,0,0.349206349206349,0,0,1,0.333333333333333,87.5,39.4179894179894,0,1,0,1,"Rural","Meditech",1,1.5681257
"6670016",2025,1,1,0,0.5,0.625,1,1,1,1,1,1,1,1,1,1,1,1,0.666666666666667,0.333333333333333,0.5,0.5,0.333333333333333,0.714285714285714,0,0.349206349206349,0,0,1,0.333333333333333,87.5,39.4179894179894,0,1,0,0,"Micro","Meditech",1,1.4998885
"6670020",2025,1,1,1,0.5,0.875,1,1,1,1,1,1,0.5,0,0.5,0.5,0.5,0.625,0.5,0.666666666666667,0.6,0.588888888888889,0.333333333333333,0.571428571428571,0.571428571428571,0.492063492063492,0,0,0,0,83.3333333333333,36.031746031746,0,1,0,0,"Metro","Meditech",1,1.6903987
"6670021",2025,1,1,1,1,1,1,1,1,1,0.5,0.5,0.5,0.5,0.5,0.5,0.5,0.5625,0.333333333333333,0.333333333333333,0.3,0.322222222222222,0.5,0.571428571428571,0.428571428571429,0.5,0,0,0,0,85.4166666666667,27.4074074074074,0,1,0,0,"Metro","Epic",1,1.5967883
"6670041",2025,1,1,1,1,1,1,1,1,1,1,1,1,1,1,1,1,1,0.666666666666667,0.833333333333333,0.3,0.6,0.666666666666667,0.714285714285714,0.571428571428571,0.650793650793651,1,0,1,0.666666666666667,100,63.9153439153439,0,0,1,0,"Micro","Epic",1,1.7357928
"6670100",2025,1,0,0,0.5,0.375,1,0.5,0.75,0.5,0,0.5,0,0,0,0,0,0.125,0.666666666666667,0.5,0.1,0.422222222222222,0.166666666666667,0,0,0.0555555555555556,0,0,0,0,41.6666666666667,15.9259259259259,0,0,1,1,"Rural","Cerner",1,1.7357928
"6670110",2025,1,0.5,0.5,0,0.5,0.5,1,0.75,0.5,0,0.5,0,0.5,0,0.5,0,0.25,0.666666666666667,0.333333333333333,0.7,0.566666666666667,0.333333333333333,0,0,0.111111111111111,1,1,1,1,50,55.9259259259259,0,0,1,0,"Rural","Meditech",NA,2.356509
"6670140",2025,1,1,1,0,0.75,1,1,1,1,1,1,1,1,1,1,1,1,0.166666666666667,0,0.1,0.0888888888888889,0.166666666666667,0.142857142857143,0.142857142857143,0.150793650793651,0,0,0,0,91.6666666666667,7.98941798941799,0,0,1,1,"Rural","CPSI/Evident",1,1.7357928
"6670145",2025,1,1,1,1,1,1,1,1,1,1,1,1,1,1,1,1,1,0.5,0.5,0.5,0.5,0.5,0.714285714285714,0.571428571428571,0.595238095238095,0,0,0,0,100,36.5079365079365,0,0,1,1,"Metro","Epic",1,1.7729143
"6670150",2025,1,1,0,0.5,0.625,1,1,1,1,1,1,1,1,1,1,1,1,0.666666666666667,0.333333333333333,0.5,0.5,0.333333333333333,0.714285714285714,0,0.349206349206349,0,0,1,0.333333333333333,87.5,39.4179894179894,0,0,1,1,"Rural","Meditech",1,1.7534126
"6670155",2025,1,1,1,0,0.75,0.5,0.5,0.5,0.5,0,0,0,0,0,0,0,0.0625,0.333333333333333,0.5,1,0.611111111111111,0.666666666666667,0.428571428571429,0.285714285714286,0.46031746031746,0,0,0,0,43.75,35.7142857142857,0,0,1,1,"Rural","Cerner",NA,2.3247845
"6670176",2025,1,1,1,0.5,0.875,1,1,1,1,1,1,1,1,1,1,1,1,0.5,0.5,0.5,0.5,0.666666666666667,1,0.857142857142857,0.841269841269841,0,0,0,0,95.8333333333333,44.7089947089947,0,0,1,0,"Micro","Epic",1,1.6474171
"6670190",2025,1,1,1,1,1,0.5,0,0.25,1,1,1,1,0,0,0,0,0.5,0.333333333333333,0.333333333333333,0.1,0.255555555555556,0.666666666666667,0.714285714285714,0.571428571428571,0.650793650793651,0,0,0,0,58.3333333333333,30.2116402116402,0,0,1,1,"Rural","Cerner",NA,2.3247845
"6670200",2025,1,1,1,1,1,1,1,1,1,1,1,1,1,1,1,1,1,0.166666666666667,0.5,0.1,0.255555555555556,0.166666666666667,0.285714285714286,0.428571428571429,0.293650793650794,0,0,0,0,100,18.3068783068783,0,0,1,1,"Micro","Meditech",NA,2.3247845
"6670216",2025,0.5,1,1,0,0.625,0,0,0,0,0,0,0,0,0,0,0,0,0.333333333333333,0.166666666666667,0.2,0.233333333333333,0,0.285714285714286,0.142857142857143,0.142857142857143,1,0,0,0.333333333333333,20.8333333333333,23.6507936507936,0,0,1,1,"Rural","Cerner",NA,2.3247845
"6670270",2025,1,1,1,0.5,0.875,1,1,1,1,1,1,1,1,1,1,1,1,0.5,0.5,0.5,0.5,0.666666666666667,1,0.857142857142857,0.841269841269841,0,0,0,0,95.8333333333333,44.7089947089947,0,1,0,0,"Micro","Epic",1,1.5817305
"6670285",2025,1,1,1,1,1,1,1,1,1,0.5,0.5,0.5,0.5,0.5,0.5,0.5,0.5625,0.333333333333333,0.333333333333333,0.3,0.322222222222222,0.5,0.571428571428571,0.428571428571429,0.5,0,0,0,0,85.4166666666667,27.4074074074074,0,0,1,1,"Rural","Epic",1,1.7534126
"6670325",2025,1,0.5,0.5,0,0.5,1,0.5,0.75,0,0,0,0,0,0,0,0,0,0.5,0.5,1,0.666666666666667,0.333333333333333,0,0,0.111111111111111,0,0,1,0.333333333333333,41.6666666666667,37.037037037037,0,0,1,1,"Rural","Cerner",NA,2.3247845
"6670390",2025,1,1,1,1,1,1,1,1,1,1,1,1,0.5,0.5,0.5,0,0.6875,0.666666666666667,0.333333333333333,0.5,0.5,0.666666666666667,0.714285714285714,0.571428571428571,0.650793650793651,1,0,0,0.333333333333333,89.5833333333333,49.4708994708995,0,0,1,1,"Metro","Athenahealth",NA,2.3916214
"6670405",2025,1,0.5,0.5,0,0.5,0,0,0,0,0,0,0,0,0,0.5,0.5,0.125,0.666666666666667,0.5,0.7,0.622222222222222,0.166666666666667,0,0,0.0555555555555556,0,0,0,0,20.8333333333333,22.5925925925926,0,0,1,1,"Rural","Cerner",NA,2.3247845
"6670450",2025,1,1,1,1,1,1,1,1,1,0.5,0.5,0.5,0.5,0.5,0.5,0.5,0.5625,0.333333333333333,0.333333333333333,0.3,0.322222222222222,0.5,0.571428571428571,0.428571428571429,0.5,0,0,0,0,85.4166666666667,27.4074074074074,0,0,1,1,"Rural","Epic",1,1.7534126
"6670454",2025,1,1,1,1,1,1,1,1,1,1,1,1,1,1,1,1,1,0.166666666666667,0.166666666666667,0.5,0.277777777777778,0.5,0.571428571428571,0.571428571428571,0.547619047619048,0,0,0,0,100,27.5132275132275,0,0,1,0,"Metro","Epic",1,1.664175
"6670459",2025,1,1,1,1,1,1,1,1,1,1,1,1,1,1,1,1,1,0.5,0.5,0.5,0.5,0.5,0.714285714285714,0.571428571428571,0.595238095238095,0,0,0,0,100,36.5079365079365,0,0,1,0,"Metro","Epic",1,1.7548383
"6670460",2025,1,1,1,1,1,1,1,1,1,1,1,0.5,0,0,0,0,0.4375,0.666666666666667,0.833333333333333,0.5,0.666666666666667,0.666666666666667,0.714285714285714,0.428571428571429,0.603174603174603,0,0,0,0,81.25,42.3280423280423,0,0,1,0,"Metro","Epic",NA,2.3916214
"6670485",2025,0,0.5,0.5,0,0.25,0.5,0,0.25,0,0,0,0.5,0,0,0,0,0.0625,0.5,0.666666666666667,1,0.722222222222222,0,0,0,0,0,0,0,0,18.75,24.0740740740741,0,1,0,0,"Metro","Epic",1,1.5034544
"6670510",2025,1,1,1,1,1,1,1,1,1,1,1,1,1,1,1,1,1,0.666666666666667,0.833333333333333,0.3,0.6,0.666666666666667,0.714285714285714,0.571428571428571,0.650793650793651,1,0,1,0.666666666666667,100,63.9153439153439,1,0,0,0,"Metro","Epic",1,1.3640398
"6670515",2025,0.5,0.5,0.5,0.5,0.5,0,0,0,0.5,0.5,0.5,0.5,0.5,0,0,0,0.3125,0.666666666666667,0.333333333333333,0.6,0.533333333333333,0,0,0,0,1,0,0,0.333333333333333,27.0833333333333,28.8888888888889,0,0,1,1,"Rural","CPSI/Evident",NA,2.356509
"6670516",2025,0.5,1,1,1,0.875,0.5,0.5,0.5,1,0.5,1,0.5,1,0.5,1,0.5,0.75,0.666666666666667,0.833333333333333,1,0.833333333333333,0,0.285714285714286,0.285714285714286,0.19047619047619,0,0,1,0.333333333333333,70.8333333333333,45.2380952380952,0,0,1,1,"Rural","CPSI/Evident",NA,2.3247845
"6670519",2025,1,1,1,0.5,0.875,1,1,1,1,1,1,1,1,1,0,0,0.75,0.333333333333333,0.333333333333333,0.6,0.422222222222222,0.5,0.285714285714286,0.285714285714286,0.357142857142857,1,0,0,0.333333333333333,87.5,37.0899470899471,0,1,0,1,"Rural","Cerner",NA,2.0229025
"6670550",2025,1,1,1,0.5,0.875,0.5,0.5,0.5,1,1,1,0.5,0,0,0.5,0.5,0.5625,0.833333333333333,0.666666666666667,0.5,0.666666666666667,0.333333333333333,0.571428571428571,0.285714285714286,0.396825396825397,1,0,0,0.333333333333333,64.5833333333333,46.5608465608465,0,1,0,0,"Metro","Cerner",NA,1.9233394
"6670590",2025,0,0.5,0.5,0,0.25,0.5,0,0.25,0,0,0,0.5,0,0,0,0,0.0625,0.5,0.666666666666667,1,0.722222222222222,0,0,0,0,0,0,0,0,18.75,24.0740740740741,0,0,1,0,"Metro","Epic",1,2.0405424
"6670611",2025,0,0,0,0,0,0,0,0,0,0,0,0,0,0,0,0,0,0,0,0,0,0,0,0,0,0,0,0,0,0,0,0,1,0,0,"Micro","Meditech",NA,2.0229025
"6670615",2025,1,1,0,0.5,0.625,1,1,1,1,1,1,1,1,1,1,1,1,0.666666666666667,0.333333333333333,0.5,0.5,0.333333333333333,0.714285714285714,0,0.349206349206349,0,0,1,0.333333333333333,87.5,39.4179894179894,0,0,1,1,"Micro","Meditech",1,1.7534126
"6670680",2025,0.5,0.5,0.5,0,0.375,0,0,0,0,0,0,0,0,0,0,0,0,0.833333333333333,0.833333333333333,0.3,0.655555555555556,0,0,0,0,1,0,0,0.333333333333333,12.5,32.962962962963,0,0,1,0,"Micro","CPSI/Evident",NA,2.356509
"6670685",2025,0.5,0.5,0.5,0,0.375,0,0,0,0,0,0,0,0,0,0,0,0,0.666666666666667,0.5,0.2,0.455555555555555,0,0,0,0,0,0,0,0,12.5,15.1851851851852,0,0,1,1,"Rural","CPSI/Evident",NA,2.3247845
"6670691",2025,0.5,0,0.5,0,0.25,1,0.5,0.75,0.5,0,0.5,0,0.5,0,0.5,0,0.25,0.166666666666667,0.666666666666667,1,0.611111111111111,0,0,0,0,0,0,0,0,41.6666666666667,20.3703703703704,0,0,1,1,"Rural","Cerner",NA,2.3247845
"6670692",2025,1,0.5,0.5,0,0.5,0.5,0.5,0.5,1,0.5,1,0.5,0.5,0.5,1,0.5,0.6875,0.833333333333333,0.166666666666667,0.3,0.433333333333333,0.5,0,0.142857142857143,0.214285714285714,0,0,0,0,56.25,21.5873015873016,0,0,1,1,"Micro","Cerner",1,1.7534126
"6670697",2025,0,0,0,0,0,0,0,0,0,0,0,0,0,0,0,0,0,0,0,0,0,0,0,0,0,0,0,0,0,0,0,0,0,1,1,"Rural","Other",NA,2.3247845
"6670705",2025,1,1,1,0.5,0.875,1,0,0.5,1,1,1,1,1,1,1,1,1,0.5,0.5,0.6,0.533333333333333,0.333333333333333,0.285714285714286,0.285714285714286,0.301587301587302,0,0,0,0,79.1666666666667,27.8306878306878,0,0,1,0,"Metro","Meditech",NA,2.195838
"6670730",2025,1,0.5,0.5,0.5,0.625,0.5,0.5,0.5,1,0.5,1,0.5,0.5,0.5,0.5,0.5,0.625,0.666666666666667,0.833333333333333,0.2,0.566666666666667,0.5,0,0,0.166666666666667,0,0,1,0.333333333333333,58.3333333333333,35.5555555555556,0,0,1,1,"Rural","Cerner",NA,2.3247845
"6670755",2025,1,0.5,0,0,0.375,0,0,0,0,0,0,0,0,0,0,0,0,0.833333333333333,0.5,1,0.777777777777778,0.166666666666667,0,0,0.0555555555555556,0,0,0,0,12.5,27.7777777777778,0,0,1,1,"Rural","CPSI/Evident",NA,2.356509
"6670758",2025,1,1,1,1,1,1,1,1,1,1,1,0.5,1,0,0.5,0,0.625,0.833333333333333,0.666666666666667,0.3,0.6,0.666666666666667,0.714285714285714,0.571428571428571,0.650793650793651,0,0,0,0,87.5,41.6931216931217,0,1,0,0,"Metro","Cerner",1,1.5128278
"6670775",2025,1,1,1,0.5,0.875,1,1,1,1,1,1,0.5,0,0.5,0.5,0.5,0.625,0.5,0.666666666666667,0.6,0.588888888888889,0.333333333333333,0.571428571428571,0.571428571428571,0.492063492063492,0,0,0,0,83.3333333333333,36.031746031746,0,1,0,0,"Metro","Meditech",1,1.5034544
"6670780",2025,1,1,1,1,1,1,1,1,1,1,1,1,1,1,1,1,1,0.166666666666667,0.166666666666667,0.5,0.277777777777778,0.5,0.571428571428571,0.571428571428571,0.547619047619048,0,0,0,0,100,27.5132275132275,0,0,1,0,"Micro","Epic",1,1.7534126
"6670783",2025,1,1,1,1,1,1,1,1,1,1,1,1,1,1,1,1,1,0.166666666666667,0.166666666666667,0.5,0.277777777777778,0.5,0.571428571428571,0.571428571428571,0.547619047619048,0,0,0,0,100,27.5132275132275,1,0,0,0,"Metro","Epic",1,1.3992708
"6670785",2025,1,1,1,1,1,1,1,1,1,1,1,0.5,1,0,0.5,0,0.625,0.833333333333333,0.666666666666667,0.3,0.6,0.666666666666667,0.714285714285714,0.571428571428571,0.650793650793651,0,0,0,0,87.5,41.6931216931217,0,0,1,0,"Metro","Cerner",1,1.7729143
"6670787",2025,1,0.5,0.5,0,0.5,0.5,0,0.25,1,1,1,0.5,1,0.5,1,0.5,0.8125,0.166666666666667,0.333333333333333,0.6,0.366666666666667,0.333333333333333,0,0,0.111111111111111,0,0,1,0.333333333333333,52.0833333333333,27.037037037037,0,0,1,0,"Rural","Meditech",NA,2.3247845
"6670820",2025,1,1,1,1,1,1,1,1,1,1,1,1,1,1,1,1,1,0.5,0.5,0.5,0.5,0.5,0.714285714285714,0.571428571428571,0.595238095238095,0,0,0,0,100,36.5079365079365,0,0,1,0,"Micro","Epic",1,1.6474171
"6670825",2025,0.5,0,0,0.5,0.25,0.5,0.5,0.5,1,1,0,1,0,1,0,1,0.625,0.5,0.666666666666667,0.5,0.555555555555555,0,0,0,0,0,0,0,0,45.8333333333333,18.5185185185185,0,0,1,1,"Rural","Meditech",NA,2.3247845
"6670835",2025,1,1,1,0,0.75,1,0,0.5,1,0,1,0,1,0,1,0,0.5,0.333333333333333,0.5,0.3,0.377777777777778,0.166666666666667,0.142857142857143,0.142857142857143,0.150793650793651,0,0,0,0,58.3333333333333,17.6190476190476,0,0,1,0,"Rural","CPSI/Evident",NA,2.356509
"6670840",2025,1,1,1,1,1,0.5,0.5,0.5,1,1,1,1,1,0.5,1,0.5,0.875,0.833333333333333,0.833333333333333,0.9,0.855555555555556,0.333333333333333,0.285714285714286,0.142857142857143,0.253968253968254,0,1,1,0.666666666666667,79.1666666666667,59.2063492063492,0,0,1,1,"Rural","CPSI/Evident",NA,2.3247845
"6670850",2025,0,0.5,0.5,0,0.25,1,0.5,0.75,0.5,0.5,0,0.5,0,0,0,0,0.1875,0.5,0.5,0.5,0.5,0,0,0,0,0,0,0,0,39.5833333333333,16.6666666666667,0,0,1,1,"Rural","CPSI/Evident",NA,2.356509
"6670905",2025,0.5,1,0,0,0.375,0.5,0,0.25,0,0,0,0,0,0,0,0,0,0.833333333333333,0.833333333333333,0.9,0.855555555555556,0,0.285714285714286,0,0.0952380952380952,0,0,0,0,20.8333333333333,31.6931216931217,0,0,1,1,"Rural","Cerner",NA,2.3247845
"6670910",2025,1,1,0,0,0.5,0.5,0.5,0.5,1,0,1,0,1,0,1,0,0.5,0.5,0.333333333333333,0.5,0.444444444444444,0.333333333333333,0.142857142857143,0,0.158730158730159,0,0,0,0,50,20.1058201058201,0,0,1,1,"Rural","Cerner",NA,2.356509
"6670930",2025,0,0,0,0,0,0,0,0,0,0,0,0,0,0,0,0,0,0.5,0.5,0.5,0.5,0,0,0,0,0,0,0,0,0,16.6666666666667,0,0,1,1,"Rural","Cerner",NA,2.3247845
"6671025",2025,1,1,1,1,1,1,1,1,1,1,1,0.5,0,0,0,0,0.4375,0.666666666666667,0.833333333333333,0.5,0.666666666666667,0.5,0.714285714285714,0.428571428571429,0.547619047619048,0,0,0,0,81.25,40.4761904761905,0,1,0,0,"Metro","Epic",NA,1.7835562
"6671045",2025,1,1,1,0.5,0.875,1,1,1,1,1,1,1,1,1,1,1,1,0.5,0.5,0.5,0.5,0.666666666666667,1,0.857142857142857,0.841269841269841,0,0,0,0,95.8333333333333,44.7089947089947,0,0,1,1,"Rural","Epic",1,1.7534126
"6671170",2025,1,1,1,0.5,0.875,1,1,1,1,1,1,0.5,0,0.5,0.5,0.5,0.625,0.5,0.666666666666667,0.6,0.588888888888889,0.333333333333333,0.571428571428571,0.571428571428571,0.492063492063492,0,0,0,0,83.3333333333333,36.031746031746,1,0,0,0,"Metro","Meditech",1,1.737116
"6679010",2025,0.5,0,0,1,0.375,0,0,0,1,0.5,1,0.5,1,0.5,1,0.5,0.75,0.833333333333333,0.5,1,0.777777777777778,0,0,0,0,0,0,0,0,37.5,25.9259259259259,0,0,1,1,"Metro","CPSI/Evident",NA,2.359076
"6710008",2025,1,1,1,0,0.75,1,0.5,0.75,1,0.5,1,0.5,1,0.5,1,0.5,0.75,0.166666666666667,0.5,0.2,0.288888888888889,0.333333333333333,0.714285714285714,0.571428571428571,0.53968253968254,0,0,0,0,75,27.6190476190476,0,1,0,0,"Metro","Cerner",1,1.7573649
"6710012",2025,1,1,1,1,1,0.5,1,0.75,1,1,1,0.5,1,0.5,1,0.5,0.8125,0.5,0.5,0.5,0.5,0.666666666666667,1,0.571428571428571,0.746031746031746,0,0,0,0,85.4166666666667,41.5343915343915,0,0,1,1,"Micro","Epic",1,1.8264908
"6710015",2025,1,1,1,0.5,0.875,1,1,1,1,1,1,1,1,1,1,1,1,0.5,0.5,0.5,0.5,0.666666666666667,1,0.857142857142857,0.841269841269841,0,0,0,0,95.8333333333333,44.7089947089947,0,0,1,0,"Metro","Cerner",1,1.8478839
"6710029",2025,1,1,0.5,1,0.875,1,0.5,0.75,1,0.5,1,0.5,1,0.5,1,0.5,0.75,0.333333333333333,0.166666666666667,0,0.166666666666667,0.166666666666667,0.285714285714286,0,0.150793650793651,0,1,0,0.333333333333333,79.1666666666667,21.6931216931217,0,1,0,0,"Micro","Meditech",1,1.399888
"6710040",2025,1,1,1,0.5,0.875,1,0.5,0.75,0,0.5,0,0.5,0,0.5,0,0.5,0.25,0.5,0.5,0.5,0.5,0.833333333333333,0.428571428571429,0.428571428571429,0.563492063492063,1,1,1,1,62.5,68.7830687830688,0,1,0,0,"Micro","Meditech",1,1.5483757
"6710045",2025,1,1,1,1,1,0.5,0.5,0.5,0.5,0.5,1,0.5,0,0,0,0,0.3125,0.833333333333333,0.5,0.4,0.577777777777778,0.166666666666667,0.428571428571429,0.285714285714286,0.293650793650794,0,1,0,0.333333333333333,60.4166666666667,40.1587301587302,0,1,0,0,"Metro","Altera Digital Health",1,1.5625702
"6710070",2025,1,1,1,1,1,1,1,1,1,1,1,1,1,1,1,1,1,0.5,0.5,0.5,0.5,0.5,0.714285714285714,0.571428571428571,0.595238095238095,0,0,0,0,100,36.5079365079365,0,0,1,1,"Rural","Epic",1,1.8264908
"6710100",2025,1,1,1,1,1,0.5,0.5,0.5,0.5,0.5,1,1,0,0,0,0,0.375,0.666666666666667,0.833333333333333,0.7,0.733333333333333,0.166666666666667,0.285714285714286,0.285714285714286,0.246031746031746,0,0,0,0,62.5,32.6455026455027,0,0,1,0,"Rural","Cerner",NA,2.488085
"671011A",2025,1,1,1,1,1,0.5,1,0.75,1,1,1,0.5,1,0.5,1,0.5,0.8125,0.5,0.5,0.5,0.5,0.666666666666667,1,0.571428571428571,0.746031746031746,0,0,0,0,85.4166666666667,41.5343915343915,0,0,1,1,"Rural","Epic",1,1.8264908
"6710130",2025,0.5,0.5,0.5,0,0.375,0,0,0,0.5,0,0.5,0,0.5,0,0.5,0,0.25,0.5,0.166666666666667,0.5,0.388888888888889,0,0,0,0,0,0,0,0,20.8333333333333,12.962962962963,0,0,1,0,"Micro","CPSI/Evident",NA,2.488085
"6710161",2025,1,1,1,0.5,0.875,0.5,0.5,0.5,0.5,0.5,0,0.5,0,0,0,0,0.1875,0.5,0.666666666666667,0.5,0.555555555555555,0.5,0.142857142857143,0.285714285714286,0.309523809523809,0,1,1,0.666666666666667,52.0833333333333,51.0582010582011,0,0,1,1,"Metro","CPSI/Evident",NA,2.5266035
"6710195",2025,1,1,1,1,1,0.5,1,0.75,0.5,0.5,0.5,0.5,0.5,0.5,0.5,0,0.4375,0.166666666666667,0,0.5,0.222222222222222,0.333333333333333,0.428571428571429,0.428571428571429,0.396825396825397,0,0,0,0,72.9166666666667,20.6349206349206,0,1,0,0,"Metro","Cerner",NA,1.7386295
"6710210",2025,1,1,1,1,1,1,1,1,1,1,1,1,1,1,1,1,1,0.5,0.5,0.5,0.5,0.5,0.714285714285714,0.571428571428571,0.595238095238095,0,0,0,0,100,36.5079365079365,0,1,0,0,"Metro","Epic",1,1.5625702
"6710220",2025,1,1,1,1,1,0.5,1,0.75,1,1,1,0.5,1,0.5,1,0.5,0.8125,0.5,0.5,0.5,0.5,0.666666666666667,1,0.571428571428571,0.746031746031746,0,0,0,0,85.4166666666667,41.5343915343915,0,1,0,0,"Metro","Epic",1,1.4102389
"6710227",2025,1,0.5,0.5,0,0.5,1,1,1,0.5,0.5,0.5,0.5,0.5,0.5,0.5,0.5,0.5,0.5,0.833333333333333,0.4,0.577777777777778,0.5,0,0,0.166666666666667,0,1,1,0.666666666666667,66.6666666666667,47.037037037037,0,1,0,0,"Micro","Meditech",NA,1.7199929
"6710290",2025,1,1,1,1,1,0.5,0.5,0.5,0.5,0.5,1,0.5,0,0,0,0,0.3125,0.833333333333333,0.5,0.4,0.577777777777778,0.166666666666667,0.428571428571429,0.285714285714286,0.293650793650794,0,1,0,0.333333333333333,60.4166666666667,40.1587301587302,0,1,0,0,"Metro","Meditech",1,1.881361
"6710300",2025,1,1,1,0.5,0.875,1,1,1,1,1,1,1,1,1,1,1,1,0.5,0.5,0.5,0.5,0.666666666666667,1,0.857142857142857,0.841269841269841,0,0,0,0,95.8333333333333,44.7089947089947,0,1,0,0,"Metro","eClinical works",1,1.5625702
"6710320",2025,1,1,0.5,0.5,0.75,0.5,0,0.25,1,0.5,1,0.5,1,0,0.5,0,0.5625,0.833333333333333,0.333333333333333,0.4,0.522222222222222,0.166666666666667,0.285714285714286,0,0.150793650793651,1,0,0,0.333333333333333,52.0833333333333,33.5449735449735,1,0,0,0,"Metro","Meditech",1,1.4379987
"6710325",2025,1,1,1,1,1,1,1,1,1,0.5,1,0.5,1,0,1,0,0.625,0.166666666666667,0.5,0.1,0.255555555555556,0.5,0.428571428571429,0.428571428571429,0.452380952380952,0,0,0,0,87.5,23.5978835978836,0,1,0,0,"Metro","Epic",1,1.4102389
"6710335",2025,1,1,1,1,1,0.5,1,0.75,1,1,1,0.5,1,0.5,1,0.5,0.8125,0.5,0.5,0.5,0.5,0.666666666666667,1,0.571428571428571,0.746031746031746,0,0,0,0,85.4166666666667,41.5343915343915,1,0,0,0,"Metro","Epic",1,1.4379987
"6710340",2025,1,1,1,1,1,1,1,1,1,1,1,1,1,1,1,0,0.875,0.5,0.833333333333333,0.7,0.677777777777778,0.5,0.571428571428571,0.571428571428571,0.547619047619048,0,0,0,0,95.8333333333333,40.8465608465608,0,1,0,0,"Metro","Epic",NA,1.7386295
"6710400",2025,1,1,1,0.5,0.875,1,1,1,1,1,1,1,1,1,1,1,1,0.5,0.5,0.5,0.5,0.666666666666667,1,0.857142857142857,0.841269841269841,0,0,0,0,95.8333333333333,44.7089947089947,1,0,0,0,"Metro","eClinical works",1,1.4379987
"6710433",2025,1,1,1,1,1,1,1,1,1,0.5,1,0.5,1,0,1,0,0.625,0.166666666666667,0.5,0.1,0.255555555555556,0.5,0.428571428571429,0.428571428571429,0.452380952380952,0,0,0,0,87.5,23.5978835978836,0,0,1,0,"Metro","Epic",1,1.8478839
"6710440",2025,1,1,0.5,1,0.875,1,1,1,1,1,1,0.5,1,0.5,1,0.5,0.8125,0.666666666666667,0.5,0.7,0.622222222222222,0.5,0.142857142857143,0,0.214285714285714,0,0,0,0,89.5833333333333,27.8835978835979,1,0,0,0,"Metro","Epic",NA,1.7190247
"6710450",2025,0.5,1,1,0.5,0.75,0.5,0,0.25,0.5,0,0.5,0,0.5,0,0.5,0,0.25,0.666666666666667,0.666666666666667,0.5,0.611111111111111,0,0.285714285714286,0.142857142857143,0.142857142857143,0,0,0,0,41.6666666666667,25.1322751322751,0,0,1,0,"Micro","CPSI/Evident",NA,2.488085
"6710455",2025,1,1,1,1,1,0.5,1,0.75,1,1,1,0.5,1,0.5,1,0.5,0.8125,0.5,0.5,0.5,0.5,0.666666666666667,1,0.571428571428571,0.746031746031746,0,0,0,0,85.4166666666667,41.5343915343915,0,0,1,0,"Micro","Epic",1,1.8264908
"6710460",2025,0.5,0.5,0,0.5,0.375,0.5,0,0.25,0.5,0,0,0,0,0,0,0,0.0625,0.5,0.666666666666667,0.6,0.588888888888889,0,0,0,0,0,0,0,0,22.9166666666667,19.6296296296296,0,0,1,1,"Rural","CPSI/Evident",NA,2.2488253
"6710465",2025,1,1,1,1,1,1,1,1,1,1,1,1,1,1,1,1,1,0.5,0.5,0.5,0.5,0.5,0.714285714285714,0.571428571428571,0.595238095238095,0,0,0,0,100,36.5079365079365,0,0,1,1,"Rural","Epic",1,1.8264908
"6710470",2025,1,1,1,1,1,0.5,1,0.75,1,1,1,0.5,1,0.5,1,0.5,0.8125,0.5,0.5,0.5,0.5,0.666666666666667,1,0.571428571428571,0.746031746031746,0,0,0,0,85.4166666666667,41.5343915343915,0,0,1,0,"Rural","Epic",1,1.7102141
"6710480",2025,1,1,1,0.5,0.875,1,1,1,1,1,1,1,1,1,1,1,1,0.5,0.5,0.5,0.5,0.666666666666667,1,0.857142857142857,0.841269841269841,0,0,0,0,95.8333333333333,44.7089947089947,0,0,1,1,"Rural","Cerner",1,1.8264908
"6710482",2025,0,1,0,0.5,0.375,0.5,0,0.25,1,0.5,1,0,1,0,1,0,0.5625,0.5,0.5,0.7,0.566666666666667,0,0.428571428571429,0,0.142857142857143,0,0,0,0,39.5833333333333,23.6507936507936,0,1,0,0,"Micro","Cerner",NA,2.1489913
"6710485",2025,1,0.5,0.5,0,0.5,0,0,0,0,0,0,0,0,0,0,0,0,1,1,0.9,0.966666666666667,0.166666666666667,0,0,0.0555555555555556,0,0,0,0,16.6666666666667,34.0740740740741,0,0,1,1,"Rural","CPSI/Evident",NA,2.488085
"6710493",2025,1,1,0.5,1,0.875,1,0.5,0.75,1,0.5,1,0.5,1,0.5,1,0.5,0.75,0.333333333333333,0.166666666666667,0,0.166666666666667,0.166666666666667,0.285714285714286,0,0.150793650793651,0,1,0,0.333333333333333,79.1666666666667,21.6931216931217,0,0,1,1,"Rural","Meditech",1,1.6936046
"6710497",2025,1,1,1,1,1,0.5,1,0.75,1,1,1,0.5,1,0.5,1,0.5,0.8125,0.5,0.5,0.5,0.5,0.666666666666667,1,0.571428571428571,0.746031746031746,0,0,0,0,85.4166666666667,41.5343915343915,0,1,0,0,"Metro","Epic",1,1.4102389
"6710535",2025,1,1,1,1,1,1,1,1,1,1,1,1,1,1,1,1,1,0.5,0.5,0.5,0.5,0.5,0.714285714285714,0.571428571428571,0.595238095238095,0,0,0,0,100,36.5079365079365,0,1,0,0,"Metro","Epic",1,1.4102389
"6710545",2025,1,1,1,1,1,0.5,0.5,0.5,0.5,0.5,1,0.5,0,0,0,0,0.3125,0.833333333333333,0.5,0.4,0.577777777777778,0.166666666666667,0.428571428571429,0.285714285714286,0.293650793650794,0,1,0,0.333333333333333,60.4166666666667,40.1587301587302,0,0,1,0,"Micro","Meditech",1,2.1126702
"6710585",2025,1,1,1,1,1,0.5,1,0.75,1,1,1,0.5,1,0.5,1,0.5,0.8125,0.5,0.5,0.5,0.5,0.666666666666667,1,0.571428571428571,0.746031746031746,0,0,0,0,85.4166666666667,41.5343915343915,0,0,1,0,"Rural","Epic",1,1.8264908
"6710618",2025,1,1,1,1,1,0.5,1,0.75,1,1,1,0.5,1,0.5,1,0.5,0.8125,0.5,0.5,0.5,0.5,0.666666666666667,1,0.571428571428571,0.746031746031746,0,0,0,0,85.4166666666667,41.5343915343915,0,0,1,0,"Metro","Epic",1,1.8478839
"6710620",2025,1,1,1,1,1,1,1,1,1,0.5,1,0.5,1,0,1,0.5,0.6875,0.333333333333333,0.333333333333333,0.9,0.522222222222222,0.666666666666667,0.857142857142857,0.428571428571429,0.650793650793651,0,0,0,0,89.5833333333333,39.1005291005291,0,0,1,1,"Rural","Meditech",NA,2.488085
"6710625",2025,1,1,1,1,1,1,1,1,1,1,1,1,1,1,1,1,1,0.5,0.5,0.5,0.5,0.5,0.714285714285714,0.571428571428571,0.595238095238095,0,0,0,0,100,36.5079365079365,0,0,1,1,"Rural","Epic",1,1.8264908
"6719016",2025,1,1,1,1,1,1,1,1,1,1,1,1,1,1,1,1,1,0.5,0.5,0.5,0.5,0.5,0.714285714285714,0.571428571428571,0.595238095238095,0,0,0,0,100,36.5079365079365,0,0,1,1,"Rural","Epic",1,1.7102141
"6719135",2025,1,1,1,1,1,1,1,1,1,1,1,1,1,1,1,1,1,0.5,0.5,0.5,0.5,0.5,0.714285714285714,0.571428571428571,0.595238095238095,0,0,0,0,100,36.5079365079365,0,0,1,1,"Rural","Epic",1,1.8264908
"6719166",2025,1,1,1,1,1,0.5,1,0.75,1,1,1,0.5,1,0.5,1,0.5,0.8125,0.5,0.5,0.5,0.5,0.666666666666667,1,0.571428571428571,0.746031746031746,0,0,0,0,85.4166666666667,41.5343915343915,0,0,1,0,"Metro","Epic",1,1.7285975
"6719168",2025,1,1,1,1,1,1,1,1,1,1,1,1,1,1,1,0,0.875,0.5,0.833333333333333,0.7,0.677777777777778,0.5,0.571428571428571,0.571428571428571,0.547619047619048,0,0,0,0,95.8333333333333,40.8465608465608,0,0,1,0,"Metro","Epic",NA,2.5266035
"6719181",2025,1,1,1,0,0.75,0,0,0,0,0,0,0,0,0,0,0,0,0,0.333333333333333,0.6,0.311111111111111,0.333333333333333,0.285714285714286,0.142857142857143,0.253968253968254,0,0,0,0,25,18.8359788359788,0,0,1,1,"Rural","Meditech",NA,2.4532838
"6719182",2025,1,1,0.5,1,0.875,1,0.5,0.75,1,0.5,1,0.5,1,0.5,1,0.5,0.75,0.333333333333333,0.166666666666667,0,0.166666666666667,0.166666666666667,0.285714285714286,0,0.150793650793651,0,1,0,0.333333333333333,79.1666666666667,21.6931216931217,0,0,1,0,"Metro","Meditech",1,1.8478839
"6720020",2025,1,1,1,0.5,0.875,1,1,1,1,1,1,0.5,0,0.5,0.5,0.5,0.625,0.5,0.666666666666667,0.6,0.588888888888889,0.333333333333333,0.571428571428571,0.571428571428571,0.492063492063492,0,0,0,0,83.3333333333333,36.031746031746,0,1,0,0,"Metro","Meditech",1,1.7573649
"6720027",2025,1,1,1,0,0.75,0.5,0.5,0.5,0.5,0.5,0.5,0,0.5,0,0.5,0,0.3125,0.333333333333333,0.666666666666667,0.7,0.566666666666667,0.666666666666667,0.714285714285714,0.428571428571429,0.603174603174603,0,0,0,0,52.0833333333333,38.994708994709,0,1,0,0,"Metro","Epic",1,1.5252128
"6720028",2025,1,1,1,0.5,0.875,1,0.5,0.75,1,1,1,0,1,0.5,1,0.5,0.75,0.166666666666667,0,0.3,0.155555555555556,0.166666666666667,0.285714285714286,0.285714285714286,0.246031746031746,0,0,0,0,79.1666666666667,13.3862433862434,1,0,0,0,"Metro","Epic",1,1.4089135
"6720050",2025,1,1,1,1,1,1,1,1,1,1,1,1,1,1,1,1,1,0.5,0.333333333333333,0.5,0.444444444444444,0.5,0.571428571428571,0.285714285714286,0.452380952380952,0,0,1,0.333333333333333,100,41.005291005291,0,1,0,0,"Metro","Epic",1,1.6546744
"6720080",2025,1,1,0,0,0.5,1,1,1,1,0.5,1,0,1,0,1,0.5,0.625,1,1,1,1,0.333333333333333,0.428571428571429,0.142857142857143,0.301587301587302,0,0,0,0,70.8333333333333,43.3862433862434,0,0,1,1,"Metro","CPSI/Evident",NA,2.490901
"6720088",2025,1,1,1,1,1,1,1,1,1,1,1,1,1,1,1,1,1,0.5,0.333333333333333,0.5,0.444444444444444,0.5,0.571428571428571,0.285714285714286,0.452380952380952,0,0,1,0.333333333333333,100,41.005291005291,0,1,0,0,"Metro","Epic",1,1.4102389
"6720116",2025,1,1,1,0.5,0.875,1,0.5,0.75,1,1,1,0,1,0.5,1,0.5,0.75,0.166666666666667,0,0.3,0.155555555555556,0.166666666666667,0.285714285714286,0.285714285714286,0.246031746031746,0,0,0,0,79.1666666666667,13.3862433862434,0,0,1,0,"Micro","Epic",1,1.7102141
"6720122",2025,1,1,1,1,1,1,1,1,1,0.5,1,0.5,1,0.5,1,0.5,0.75,0.5,0.5,0.3,0.433333333333333,0.5,0.571428571428571,0.285714285714286,0.452380952380952,0,0,0,0,91.6666666666667,29.5238095238095,0,1,0,0,"Metro","Epic",1,1.6546744
"6720141",2025,1,1,1,1,1,1,1,1,1,0.5,1,0.5,1,0.5,1,0.5,0.75,0.5,0.5,0.3,0.433333333333333,0.5,0.571428571428571,0.285714285714286,0.452380952380952,0,0,0,0,91.6666666666667,29.5238095238095,0,0,1,1,"Metro","Epic",1,1.8478839
"6720170",2025,1,1,1,1,1,1,1,1,1,1,1,1,1,1,1,1,1,0.5,0.333333333333333,0.5,0.444444444444444,0.5,0.571428571428571,0.285714285714286,0.452380952380952,0,0,1,0.333333333333333,100,41.005291005291,0,0,1,1,"Rural","Epic",1,1.8264908
"6720185",2025,1,1,1,1,1,1,1,1,1,1,1,1,1,1,0,0,0.75,0.333333333333333,0.5,0.7,0.511111111111111,0.833333333333333,0.857142857142857,0.857142857142857,0.849206349206349,1,1,1,1,91.6666666666667,78.6772486772487,0,1,0,0,"Metro","Epic",NA,1.9892112
"6720200",2025,1,1,1,1,1,1,1,1,1,0.5,1,0.5,1,0.5,1,0.5,0.75,0.5,0.5,0.3,0.433333333333333,0.5,0.571428571428571,0.285714285714286,0.452380952380952,0,0,0,0,91.6666666666667,29.5238095238095,0,0,1,0,"Metro","Epic",1,1.8478839
"6720237",2025,0.5,0.5,0.5,0,0.375,1,1,1,1,0.5,0,0.5,1,0.5,1,0.5,0.625,0.833333333333333,0.5,0.6,0.644444444444444,0,0,0,0,0,0,0,0,66.6666666666667,21.4814814814815,0,0,1,1,"Micro","CPSI/Evident",NA,2.4532838
"6720243",2025,1,1,0.5,1,0.875,1,0,0.5,0.5,0,0,0,0,0,0,0,0.0625,0.333333333333333,0.333333333333333,0,0.222222222222222,0.333333333333333,0.428571428571429,0,0.253968253968254,0,0,0,0,47.9166666666667,15.8730158730159,0,0,1,1,"Micro","CPSI/Evident",NA,2.4532838
"6720254",2025,1,1,1,1,1,1,0.5,0.75,1,1,1,0.5,1,0.5,1,0.5,0.8125,0.333333333333333,0.333333333333333,0.7,0.455555555555556,0.5,0.285714285714286,0.142857142857143,0.30952380952381,0,0,0,0,85.4166666666667,25.5026455026455,0,1,0,0,"Metro","Epic",1,1.5494134
"6720285",2025,1,1,1,1,1,1,1,1,1,0.5,1,0.5,1,0.5,1,0.5,0.75,0.5,0.5,0.3,0.433333333333333,0.5,0.571428571428571,0.285714285714286,0.452380952380952,0,0,0,0,91.6666666666667,29.5238095238095,0,0,1,0,"Metro","Epic",1,1.7115581
"6720290",2025,1,1,1,0.5,0.875,0.5,0.5,0.5,0.5,0.5,1,0.5,0.5,0,0,0,0.375,0.666666666666667,0.666666666666667,0.2,0.511111111111111,0.5,0.428571428571429,0.285714285714286,0.404761904761905,0,0,1,0.333333333333333,58.3333333333333,41.6402116402116,0,1,0,0,"Metro","Epic",NA,1.7213552
"6720300",2025,1,1,1,0,0.75,0.5,0.5,0.5,0.5,0,0,0,0,0,0,0,0.0625,1,0.666666666666667,0,0.555555555555555,0.5,0.285714285714286,0.142857142857143,0.30952380952381,0,0,0,0,43.75,28.8359788359788,0,0,1,1,"Metro","Epic",NA,2.2811503
"6720315",2025,1,1,1,1,1,1,1,1,1,0.5,1,0.5,1,0.5,1,0.5,0.75,0.5,0.5,0.3,0.433333333333333,0.5,0.571428571428571,0.285714285714286,0.452380952380952,0,0,0,0,91.6666666666667,29.5238095238095,0,0,1,0,"Metro","Epic",1,1.8478839
"6720317",2025,1,1,1,1,1,0.5,1,0.75,1,1,1,1,1,1,1,1,1,0.666666666666667,0.5,0.8,0.655555555555556,0.166666666666667,0.142857142857143,0.142857142857143,0.150793650793651,0,0,0,0,91.6666666666667,26.8783068783069,0,0,1,0,"Rural","CPSI/Evident",NA,2.2488253
"6720319",2025,1,1,1,1,1,1,1,1,1,0.5,1,0.5,1,0.5,1,0.5,0.75,0.5,0.5,0.3,0.433333333333333,0.5,0.571428571428571,0.285714285714286,0.452380952380952,0,0,0,0,91.6666666666667,29.5238095238095,0,0,1,1,"Metro","Epic",1,1.8478839
"6720324",2025,1,1,1,0.5,0.875,1,0.5,0.75,1,0.5,1,0.5,0.5,0,0,0,0.4375,0.666666666666667,1,0.9,0.855555555555556,0.333333333333333,0.142857142857143,0.142857142857143,0.206349206349206,1,1,0,0.666666666666667,68.75,57.6190476190476,0,0,1,0,"Rural","CPSI/Evident",NA,2.4532838
"6720330",2025,1,1,1,1,1,1,1,1,1,0.5,1,0.5,1,0.5,1,0.5,0.75,0.5,0.5,0.3,0.433333333333333,0.5,0.571428571428571,0.285714285714286,0.452380952380952,0,0,0,0,91.6666666666667,29.5238095238095,0,0,1,0,"Metro","Epic",1,1.7285975
"6720340",2025,1,1,1,1,1,1,1,1,1,0.5,1,0.5,1,0.5,1,0.5,0.75,0.5,0.5,0.3,0.433333333333333,0.5,0.571428571428571,0.285714285714286,0.452380952380952,0,0,0,0,91.6666666666667,29.5238095238095,1,0,0,0,"Metro","Epic",1,1.5607525
"6720343",2025,1,1,1,0.5,0.875,1,0.5,0.75,1,1,1,0,1,0.5,1,0.5,0.75,0.166666666666667,0,0.3,0.155555555555556,0.166666666666667,0.285714285714286,0.285714285714286,0.246031746031746,0,0,0,0,79.1666666666667,13.3862433862434,0,1,0,0,"Metro","Epic",1,1.4102389
"6720360",2025,1,1,1,1,1,1,1,1,1,1,1,1,1,1,1,1,1,0.5,0.333333333333333,0.5,0.444444444444444,0.5,0.571428571428571,0.285714285714286,0.452380952380952,0,0,1,0.333333333333333,100,41.005291005291,0,1,0,0,"Metro","Epic",1,1.4774034
"6720385",2025,1,0.5,0.5,0,0.5,0.5,0.5,0.5,0.5,0.5,0.5,0.5,0.5,0.5,0.5,0.5,0.5,0.5,0.666666666666667,0.5,0.555555555555555,0.333333333333333,0,0,0.111111111111111,0,0,0,0,50,22.2222222222222,0,0,1,1,"Metro","Cerner",NA,2.490901
"6720394",2025,1,1,1,1,1,1,1,1,1,0.5,1,0.5,1,0.5,1,0.5,0.75,0.5,0.5,0.3,0.433333333333333,0.5,0.571428571428571,0.285714285714286,0.452380952380952,0,0,0,0,91.6666666666667,29.5238095238095,0,0,1,0,"Metro","Epic",1,1.7115581
"6720410",2025,1,0.5,0.5,1,0.75,1,0.5,0.75,0.5,0.5,0.5,0.5,0.5,0.5,0.5,0.5,0.5,0.5,0.5,0.5,0.5,0.333333333333333,0,0,0.111111111111111,0,0,0,0,66.6666666666667,20.3703703703704,0,0,1,0,"Rural","MEDHOST",NA,2.7215018
"6720414",2025,1,1,1,1,1,1,1,1,1,0.5,1,0.5,1,0.5,1,0.5,0.75,0.5,0.5,0.3,0.433333333333333,0.5,0.571428571428571,0.285714285714286,0.452380952380952,0,0,0,0,91.6666666666667,29.5238095238095,0,1,0,0,"Metro","Epic",1,1.5625702
"6720415",2025,1,1,1,0,0.75,0.5,0.5,0.5,0.5,0.5,0.5,0,0.5,0,0.5,0,0.3125,0.333333333333333,0.666666666666667,0.7,0.566666666666667,0.666666666666667,0.714285714285714,0.428571428571429,0.603174603174603,0,0,0,0,52.0833333333333,38.994708994709,0,1,0,0,"Metro","Epic",1,1.4102389
"6720440",2025,1,1,1,1,1,1,1,1,1,0.5,1,0.5,1,0.5,1,0.5,0.75,0.5,0.5,0.3,0.433333333333333,0.5,0.571428571428571,0.285714285714286,0.452380952380952,0,0,0,0,91.6666666666667,29.5238095238095,0,1,0,0,"Metro","Epic",1,1.5625702
"6720460",2025,1,1,1,0.5,0.875,1,0.5,0.75,1,1,1,0,1,0.5,1,0.5,0.75,0.166666666666667,0,0.3,0.155555555555556,0.166666666666667,0.285714285714286,0.285714285714286,0.246031746031746,0,0,0,0,79.1666666666667,13.3862433862434,0,1,0,0,"Metro","Epic",1,1.382997
"6720480",2025,1,1,1,1,1,1,1,1,1,0.5,1,0.5,1,0.5,1,0.5,0.75,0.5,0.5,0.3,0.433333333333333,0.5,0.571428571428571,0.285714285714286,0.452380952380952,0,0,0,0,91.6666666666667,29.5238095238095,0,0,1,0,"Micro","Epic",1,1.8264908
"6720486",2025,1,1,0.5,0,0.625,0,0,0,0,0,1,0,0,0,0,0,0.125,0.333333333333333,0.166666666666667,0.8,0.433333333333333,0.166666666666667,0.142857142857143,0,0.103174603174603,0,0,0,0,25,17.8835978835979,0,0,1,0,"Micro","Meditech",1,1.505792
"6720631",2025,1,1,1,1,1,1,1,1,1,0.5,1,0.5,1,0.5,1,0.5,0.75,0.5,0.5,0.3,0.433333333333333,0.5,0.571428571428571,0.285714285714286,0.452380952380952,0,0,0,0,91.6666666666667,29.5238095238095,1,0,0,0,"Metro","Epic",1,1.4089135
"6720670",2025,0,0,0,0,0,0,0,0,0,0,0,0,0,0,0,0,0,0,0,0,0,0,0,0,0,0,0,1,0.333333333333333,0,11.1111111111111,0,1,0,0,"Metro","Epic",1,1.5625702
"6720688",2025,1,1,1,1,1,1,1,1,1,0.5,1,0.5,1,0.5,1,0.5,0.75,0.5,0.5,0.3,0.433333333333333,0.5,0.571428571428571,0.285714285714286,0.452380952380952,0,0,0,0,91.6666666666667,29.5238095238095,0,0,1,0,"Metro","Epic",1,1.8280548
"6720708",2025,1,1,1,0,0.75,0,0,0,1,1,1,1,1,1,1,0,0.875,0.333333333333333,0.5,0.4,0.411111111111111,0.666666666666667,0.714285714285714,0.714285714285714,0.698412698412698,0,0,0,0,54.1666666666667,36.984126984127,0,1,0,0,"Micro","Cerner",NA,2.1489913
"6720709",2025,1,1,1,1,1,1,0,0.5,1,1,1,1,1,1,1,1,1,0.333333333333333,0.5,0.4,0.411111111111111,0.333333333333333,0.285714285714286,0.285714285714286,0.301587301587302,0,0,0,0,83.3333333333333,23.7566137566138,0,0,1,1,"Rural","Cerner",NA,2.2488253
"6720762",2025,1,1,1,1,1,1,1,1,1,0.5,1,0.5,1,0.5,1,0.5,0.75,0.5,0.5,0.3,0.433333333333333,0.5,0.571428571428571,0.285714285714286,0.452380952380952,0,0,0,0,91.6666666666667,29.5238095238095,0,0,1,1,"Metro","Epic",1,1.8478839
"6720776",2025,1,1,1,1,1,1,1,1,1,0.5,1,0.5,1,0.5,1,0.5,0.75,0.5,0.5,0.3,0.433333333333333,0.5,0.571428571428571,0.285714285714286,0.452380952380952,0,0,0,0,91.6666666666667,29.5238095238095,0,1,0,0,"Metro","Epic",1,1.4102389
"6720860",2025,1,1,1,1,1,1,1,1,1,0.5,1,0.5,1,0.5,1,0.5,0.75,0.5,0.5,0.3,0.433333333333333,0.5,0.571428571428571,0.285714285714286,0.452380952380952,0,0,0,0,91.6666666666667,29.5238095238095,0,0,1,0,"Metro","Epic",1,1.7285975
"6720876",2025,1,1,1,1,1,1,1,1,1,0.5,1,0.5,1,0.5,1,0.5,0.75,0.5,0.5,0.3,0.433333333333333,0.5,0.571428571428571,0.285714285714286,0.452380952380952,0,0,0,0,91.6666666666667,29.5238095238095,0,1,0,0,"Metro","Epic",1,1.4006447
"6720880",2025,0.5,0.5,0.5,0,0.375,0.5,0,0.25,0.5,0.5,0.5,0,0.5,0,0.5,0,0.3125,0.666666666666667,0.833333333333333,0.8,0.766666666666667,0,0,0,0,0,0,0,0,31.25,25.5555555555556,0,1,0,0,"Metro","Meditech",1,1.6546744
"6720893",2025,1,1,1,0.5,0.875,1,0.5,0.75,1,1,1,0,1,0.5,1,0.5,0.75,0.166666666666667,0,0.3,0.155555555555556,0.166666666666667,0.285714285714286,0.285714285714286,0.246031746031746,0,0,0,0,79.1666666666667,13.3862433862434,0,0,1,0,"Metro","Epic",NA,2.490901
"6730010",2025,1,1,1,1,1,1,1,1,1,1,1,1,1,1,1,1,1,0.5,0.5,0.5,0.5,0.5,0.714285714285714,0.571428571428571,0.595238095238095,0,0,0,0,100,36.5079365079365,0,1,0,0,"Micro","Epic",1,1.6381562
"6730020",2025,0.5,1,0.5,0.5,0.625,0.5,0.5,0.5,1,0.5,1,0.5,1,0.5,1,0,0.6875,0.333333333333333,0.333333333333333,0.1,0.255555555555556,0,0.142857142857143,0,0.0476190476190476,0,0,0,0,60.4166666666667,10.1058201058201,0,0,1,0,"Micro","Meditech",NA,2.4532838
"6730029",2025,1,0.5,0.5,1,0.75,0.5,1,0.75,0.5,0.5,0.5,0.5,0.5,0.5,0.5,0.5,0.5,0.333333333333333,0.5,0.4,0.411111111111111,0.166666666666667,0,0,0.0555555555555556,0,0,0,0,66.6666666666667,15.5555555555556,0,1,0,0,"Metro","Epic",1,1.7573649
"6730030",2025,0.5,1,1,1,0.875,1,1,1,1,0,1,1,1,1,1,0,0.75,0.333333333333333,0.333333333333333,0.3,0.322222222222222,0,0.285714285714286,0.142857142857143,0.142857142857143,0,0,1,0.333333333333333,87.5,26.6137566137566,0,0,1,1,"Rural","Meditech",NA,2.4532838
"6730051",2025,1,1,1,1,1,0.5,0.5,0.5,1,0.5,0.5,0.5,0.5,0.5,0.5,0.5,0.5625,0.166666666666667,0.5,0.1,0.255555555555556,0.833333333333333,0.571428571428571,0.428571428571429,0.611111111111111,0,0,0,0,68.75,28.8888888888889,0,0,1,0,"Micro","Epic",1,1.8264908
"6730055",2025,1,1,1,1,1,1,1,1,1,1,1,1,1,1,1,1,1,0.5,0.5,0.5,0.5,0.5,0.714285714285714,0.571428571428571,0.595238095238095,0,0,0,0,100,36.5079365079365,0,1,0,0,"Micro","Epic",1,1.6381562
"6730067",2025,0,0,0,0,0,0,0,0,0,0,0,0,0,0,0,0,0,0,0,0,0,0,0,0,0,0,0,0,0,0,0,0,0,1,0,"Metro","We do not use an EMR/EHR",NA,3.0552027
"6730110",2025,0.5,1,0.5,0,0.5,0.5,0.5,0.5,1,0.5,1,0.5,1,0.5,1,0.5,0.75,0.333333333333333,0.5,0.4,0.411111111111111,0,0.142857142857143,0,0.0476190476190476,0,0,0,0,58.3333333333333,15.2910052910053,0,0,1,1,"Rural","CPSI/Evident",1,1.8071619
"6730155",2025,1,1,1,0,0.75,0,0,0,1,1,1,0.5,0,0,0,0,0.4375,0.333333333333333,0.333333333333333,0.6,0.422222222222222,0.166666666666667,0.428571428571429,0.428571428571429,0.341269841269841,0,0,0,0,39.5833333333333,25.4497354497354,0,0,1,0,"Metro","Meditech",NA,2.0871987
"6730230",2025,1,1,1,0,0.75,0.5,0.5,0.5,1,1,1,1,1,1,1,1,1,0.666666666666667,0.333333333333333,0.5,0.5,0.166666666666667,0.142857142857143,0.142857142857143,0.150793650793651,0,0,0,0,75,21.6931216931217,0,0,1,1,"Micro","Epic",NA,2.488085
"6730235",2025,1,1,1,0.5,0.875,0.5,1,0.75,1,0.5,1,0.5,0.5,0.5,0,0.5,0.5625,0.833333333333333,0.666666666666667,0.6,0.7,0.5,0.285714285714286,0.571428571428571,0.452380952380952,0,0,1,0.333333333333333,72.9166666666667,49.5238095238095,0,1,0,0,"Micro","Meditech",1,1.6381562
"6730240",2025,0.5,1,1,1,0.875,0.5,0.5,0.5,0,0.5,0,0.5,0,0,0,0,0.125,0.5,0.5,0.6,0.533333333333333,0,0.142857142857143,0.428571428571429,0.19047619047619,1,1,1,1,50,57.4603174603175,0,0,1,0,"Micro","Epic",1,2.1126702
"6730270",2025,0.5,0,0,0,0.125,1,0,0.5,0.5,0,0,0,0,0,0,0,0.0625,0.333333333333333,0.166666666666667,0,0.166666666666667,0,0.142857142857143,0,0.0476190476190476,1,1,0,0.666666666666667,22.9166666666667,29.3650793650794,0,1,0,0,"Micro","Cerner",1,1.7382555
"6730310",2025,0,0,0,0,0,0,0,0,0,0,0,0,0,0,0,0,0,0,0,0,0,0,0,0,0,0,0,0,0,0,0,0,0,1,0,"Micro","Meditech",NA,2.2787304
"6730400",2025,1,1,1,1,1,0.5,1,0.75,1,0.5,1,0.5,0.5,0,0,0,0.4375,0.833333333333333,0.666666666666667,0.3,0.6,0.5,0.428571428571429,0.285714285714286,0.404761904761905,1,0,1,0.666666666666667,72.9166666666667,55.7142857142857,0,0,1,1,"Rural","Epic",NA,2.4532838
"6730450",2025,0.5,0,0,0,0.125,0,1,0.5,0.5,0.5,0.5,0,0.5,0.5,0.5,0,0.375,0,0.166666666666667,0.3,0.155555555555556,0,0,0,0,0,0,0,0,33.3333333333333,5.18518518518519,0,0,1,1,"Micro","CPSI/Evident",NA,2.4532838
"6730471",2025,1,1,1,1,1,1,1,1,1,1,1,1,1,1,1,1,1,0.5,0.5,0.5,0.5,0.5,0.714285714285714,0.571428571428571,0.595238095238095,0,0,0,0,100,36.5079365079365,0,0,1,1,"Metro","Epic",1,1.8478839
"6730479",2025,1,1,1,1,1,1,1,1,1,1,1,1,1,1,1,1,1,0.5,0.5,0.5,0.5,0.5,0.714285714285714,0.571428571428571,0.595238095238095,0,0,0,0,100,36.5079365079365,0,0,1,1,"Micro","Epic",1,1.8264908
"6730485",2025,0,0,0,0,0,0,0,0,0,0,0,0,0,0,0,0,0,0,0,0,0,0,0,0,0,0,0,0,0,0,0,0,0,1,0,"Metro","Epic",1,2.1414709
"6730515",2025,0.5,1,0.5,0.5,0.625,0.5,0.5,0.5,1,0.5,1,0.5,1,0.5,1,0,0.6875,0.333333333333333,0.333333333333333,0.1,0.255555555555556,0,0.142857142857143,0,0.0476190476190476,0,0,0,0,60.4166666666667,10.1058201058201,0,0,1,1,"Rural","Meditech",NA,2.4532838
"6730545",2025,1,1,1,1,1,1,1,1,1,1,1,1,1,1,1,1,1,0.5,0.5,0.5,0.5,0.5,0.714285714285714,0.571428571428571,0.595238095238095,0,0,0,0,100,36.5079365079365,0,0,1,1,"Rural","Epic",1,1.8264908
"6730555",2025,1,0.5,1,0.5,0.75,1,0.5,0.75,1,1,1,1,1,1,1,1,1,0.833333333333333,0.666666666666667,0.9,0.8,0.333333333333333,0,0.571428571428571,0.301587301587302,0,1,1,0.666666666666667,83.3333333333333,58.9417989417989,0,1,0,0,"Metro","Altera Digital Health",NA,1.7213552
"6730577",2025,0.5,0,0,0,0.125,1,0,0.5,0.5,0,0,0,0,0,0,0,0.0625,0.333333333333333,0.166666666666667,0,0.166666666666667,0,0.142857142857143,0,0.0476190476190476,1,1,0,0.666666666666667,22.9166666666667,29.3650793650794,0,0,1,1,"Rural","Cerner",1,2.1126702
"6730585",2025,1,1,1,1,1,0.5,0,0.25,0.5,0,0,0,0,0,0,0,0.0625,0.5,0.5,0.3,0.433333333333333,0.166666666666667,0.285714285714286,0.142857142857143,0.198412698412698,1,0,0,0.333333333333333,43.75,32.1693121693122,0,0,1,1,"Rural","Epic",1,1.8264908
"6730728",2025,1,1,1,1,1,1,1,1,1,1,1,0.5,1,1,1,1,0.9375,0.333333333333333,0.166666666666667,0.1,0.2,0.833333333333333,0.714285714285714,0.857142857142857,0.801587301587302,0,0,0,0,97.9166666666667,33.3862433862434,1,0,0,0,"Metro","Epic",1,1.4379987
"6730797",2025,1,1,1,1,1,0.5,0.5,0.5,1,0.5,0.5,0.5,0.5,0.5,0.5,0.5,0.5625,0.166666666666667,0.5,0.1,0.255555555555556,0.833333333333333,0.571428571428571,0.428571428571429,0.611111111111111,0,0,0,0,68.75,28.8888888888889,0,0,1,0,"Metro","Epic",1,1.8478839
"6730800",2025,1,1,1,1,1,1,1,1,1,1,1,1,1,1,1,1,1,0.5,0.5,0.5,0.5,0.5,0.714285714285714,0.571428571428571,0.595238095238095,0,0,0,0,100,36.5079365079365,1,0,0,0,"Metro","Epic",1,1.6006376
"6730830",2025,1,1,1,1,1,0.5,0.5,0.5,1,0.5,0.5,0.5,0.5,0.5,0.5,0.5,0.5625,0.166666666666667,0.5,0.1,0.255555555555556,0.833333333333333,0.571428571428571,0.428571428571429,0.611111111111111,0,0,0,0,68.75,28.8888888888889,1,0,0,0,"Metro","Epic",1,1.6006376
"6730962",2025,1,0.5,0.5,0.5,0.625,0.5,0.5,0.5,0.5,0.5,0.5,0.5,0.5,0.5,0.5,0.5,0.5,0.666666666666667,0.5,0.7,0.622222222222222,0.166666666666667,0,0,0.0555555555555556,0,0,0,0,54.1666666666667,22.5925925925926,0,0,1,1,"Rural","CPSI/Evident",NA,2.4532838
"6731080",2025,1,0.5,0.5,0,0.5,0.5,0,0.25,0,0,0,0,0,0,0,0,0,0.5,0.666666666666667,0.4,0.522222222222222,0.333333333333333,0,0,0.111111111111111,0,0,0,0,25,21.1111111111111,0,1,0,0,"Micro","Meditech",NA,1.9642521
"6731089",2025,0,0,0,0,0,0,0,0,0,0,0,0,0,0,0,0,0,0,0.666666666666667,0.7,0.455555555555556,0,0,0,0,0,0,0,0,0,15.1851851851852,0,0,1,1,"Rural","CPSI/Evident",1,1.8071619
"6731120",2025,1,0.5,0.5,1,0.75,0.5,0.5,0.5,0.5,0,0.5,0,0.5,0,0,0,0.1875,0.5,0.833333333333333,0.4,0.577777777777778,0.333333333333333,0,0,0.111111111111111,0,0,1,0.333333333333333,47.9166666666667,34.0740740740741,0,0,1,0,"Micro","Cerner",NA,1.9106716
"6731160",2025,1,1,1,1,1,1,1,1,1,1,1,1,1,1,1,1,1,0.5,0.5,0.5,0.5,0.5,0.714285714285714,0.571428571428571,0.595238095238095,0,0,0,0,100,36.5079365079365,0,0,1,1,"Rural","Epic",1,1.8264908
"6731260",2025,1,1,1,1,1,1,1,1,1,1,1,1,1,1,1,1,1,0.5,0.5,0.5,0.5,0.5,0.714285714285714,0.571428571428571,0.595238095238095,0,0,0,0,100,36.5079365079365,0,0,1,1,"Rural","Epic",1,1.8264908
"6731283",2025,1,1,1,1,1,0.5,0.5,0.5,1,0.5,0.5,0.5,0.5,0.5,0.5,0.5,0.5625,0.166666666666667,0.5,0.1,0.255555555555556,0.833333333333333,0.571428571428571,0.428571428571429,0.611111111111111,0,0,0,0,68.75,28.8888888888889,0,0,1,1,"Micro","Epic",1,1.8071619
"6739149",2025,1,1,0.5,0,0.625,0.5,0,0.25,1,1,1,0,0,0,1,0,0.5,0.5,0.666666666666667,1,0.722222222222222,0.166666666666667,0.142857142857143,0,0.103174603174603,0,0,0,0,45.8333333333333,27.5132275132275,0,0,1,0,"Metro","Other",NA,3.0552027
"6740025",2025,1,1,1,0.5,0.875,1,1,1,1,1,1,0.5,0,0.5,0.5,0.5,0.625,0.5,0.666666666666667,0.6,0.588888888888889,0.333333333333333,0.571428571428571,0.571428571428571,0.492063492063492,0,0,0,0,83.3333333333333,36.031746031746,0,1,0,0,"Metro","Meditech",1,1.881361
"6740030",2025,0.5,1,0.5,0,0.5,0.5,0,0.25,0.5,0.5,0,0.5,0,0,0,0,0.1875,0.5,0.333333333333333,0.7,0.511111111111111,0,0.428571428571429,0,0.142857142857143,0,0,0,0,31.25,21.7989417989418,0,1,0,0,"Metro","Cerner",NA,1.7213552
"6740040",2025,1,1,1,1,1,1,1,1,1,1,1,1,1,1,1,1,1,0.5,0.333333333333333,0.5,0.444444444444444,0.5,0.571428571428571,0.285714285714286,0.452380952380952,0,0,1,0.333333333333333,100,41.005291005291,0,0,1,0,"Micro","Epic",1,1.8264908
"6740046",2025,1,1,1,0.5,0.875,1,1,1,1,1,1,0.5,0,0.5,0.5,0.5,0.625,0.5,0.666666666666667,0.6,0.588888888888889,0.333333333333333,0.571428571428571,0.571428571428571,0.492063492063492,0,0,0,0,83.3333333333333,36.031746031746,1,0,0,0,"Metro","Meditech",1,1.8086135
"6740050",2025,1,1,0.5,0,0.625,0,0,0,0,0,0,0,0,0,0,0,0,0.333333333333333,0.333333333333333,0.1,0.255555555555556,0.166666666666667,0.142857142857143,0,0.103174603174603,0,0,0,0,20.8333333333333,11.957671957672,0,0,1,1,"Rural","MEDHOST",1,1.9561318
"6740093",2025,1,1,1,0.5,0.875,1,1,1,1,1,1,0.5,0,0.5,0.5,0.5,0.625,0.5,0.666666666666667,0.6,0.588888888888889,0.333333333333333,0.571428571428571,0.571428571428571,0.492063492063492,0,0,0,0,83.3333333333333,36.031746031746,1,0,0,0,"Metro","Meditech",1,1.6006376
"6740095",2025,1,1,1,0.5,0.875,1,1,1,1,1,1,0.5,0,0.5,0.5,0.5,0.625,0.5,0.666666666666667,0.6,0.588888888888889,0.333333333333333,0.571428571428571,0.571428571428571,0.492063492063492,0,0,0,0,83.3333333333333,36.031746031746,0,1,0,0,"Metro","Meditech",1,1.4102389
"6740103",2025,1,0.5,0,0.5,0.5,0.5,0.5,0.5,0.5,0,0.5,0,0,0,0,0,0.125,0.333333333333333,0.5,0.5,0.444444444444444,0.5,0,0,0.166666666666667,1,1,1,1,37.5,53.7037037037037,0,0,1,1,"Metro","CPSI/Evident",NA,2.490901
"6740108",2025,1,1,1,1,1,1,0.5,0.75,1,1,1,1,0.5,0.5,0.5,0.5,0.75,0,0,0,0,0.5,0.714285714285714,0.714285714285714,0.642857142857143,0,0,0,0,83.3333333333333,21.4285714285714,0,1,0,0,"Metro","Epic",1,1.5625702
"6740115",2025,1,1,1,0.5,0.875,1,1,1,1,1,1,0.5,0,0.5,0.5,0.5,0.625,0.5,0.666666666666667,0.6,0.588888888888889,0.333333333333333,0.571428571428571,0.571428571428571,0.492063492063492,0,0,0,0,83.3333333333333,36.031746031746,0,1,0,0,"Metro","Meditech",1,1.5522876
"6740117",2025,1,1,1,0.5,0.875,1,1,1,1,1,1,0.5,0,0.5,0.5,0.5,0.625,0.5,0.666666666666667,0.6,0.588888888888889,0.333333333333333,0.571428571428571,0.571428571428571,0.492063492063492,0,0,0,0,83.3333333333333,36.031746031746,0,1,0,0,"Metro","Meditech",1,1.7573649
"6740119",2025,1,1,1,1,1,1,1,1,1,1,1,1,1,1,1,1,1,0.5,0.333333333333333,0.5,0.444444444444444,0.5,0.571428571428571,0.285714285714286,0.452380952380952,0,0,1,0.333333333333333,100,41.005291005291,0,1,0,0,"Metro","Epic",1,1.4774034
"6740129",2025,1,1,0,0,0.5,0,0,0,0,0,0,0,0,0,0,0,0,0,0,0,0,0.666666666666667,0.142857142857143,0,0.26984126984127,0,0,0,0,16.6666666666667,8.99470899470899,0,1,0,0,"Metro","Epic",NA,2.0128996
"6740136",2025,1,1,1,1,1,1,1,1,0.5,1,0.5,1,0.5,0.5,0.5,0.5,0.625,0.833333333333333,1,0.5,0.777777777777778,0.666666666666667,0.857142857142857,0.571428571428571,0.698412698412698,0,0,0,0,87.5,49.2063492063492,0,1,0,0,"Metro","Epic",NA,1.8595583
"6740138",2025,1,1,1,1,1,1,1,1,1,1,1,1,1,1,1,0,0.875,0.166666666666667,0.333333333333333,0,0.166666666666667,0.833333333333333,0.857142857142857,0.714285714285714,0.801587301587302,0,0,0,0,95.8333333333333,32.2751322751323,0,1,0,0,"Metro","Epic",1,1.5625702
"6740149",2025,1,1,1,0.5,0.875,1,1,1,1,1,1,0.5,0,0.5,0.5,0.5,0.625,0.5,0.666666666666667,0.6,0.588888888888889,0.333333333333333,0.571428571428571,0.571428571428571,0.492063492063492,0,0,0,0,83.3333333333333,36.031746031746,1,0,0,0,"Metro","Meditech",1,1.5896592
"6740151",2025,1,1,1,0.5,0.875,1,1,1,1,1,1,0.5,0,0.5,0.5,0.5,0.625,0.5,0.666666666666667,0.6,0.588888888888889,0.333333333333333,0.571428571428571,0.571428571428571,0.492063492063492,0,0,0,0,83.3333333333333,36.031746031746,0,0,1,0,"Metro","Meditech",1,2.1414709
"6740172",2025,0,0,0,0,0,0,0,0,0,0,0,0,0,0,0,0,0,0.166666666666667,0.5,0.6,0.422222222222222,0,0.142857142857143,0,0.0476190476190476,0,0,0,0,0,15.6613756613757,0,0,1,0,"Metro","Cerner",NA,3.0552027
"6740190",2025,1,1,1,0.5,0.875,1,1,1,1,1,1,0.5,0,0.5,0.5,0.5,0.625,0.5,0.666666666666667,0.6,0.588888888888889,0.333333333333333,0.571428571428571,0.571428571428571,0.492063492063492,0,0,0,0,83.3333333333333,36.031746031746,1,0,0,0,"Metro","Meditech",1,1.4379987
"6740204",2025,1,1,1,1,1,1,1,1,1,1,1,1,1,1,1,0,0.875,0.166666666666667,0.333333333333333,0,0.166666666666667,0.833333333333333,0.857142857142857,0.714285714285714,0.801587301587302,0,0,0,0,95.8333333333333,32.2751322751323,0,1,0,0,"Metro","Epic",1,1.5625702
"6740206",2025,1,1,1,1,1,1,0.5,0.75,1,1,1,1,0.5,0.5,0.5,0.5,0.75,0,0,0,0,0.5,0.714285714285714,0.714285714285714,0.642857142857143,0,0,0,0,83.3333333333333,21.4285714285714,0,0,1,0,"Metro","Epic",1,1.8478839
"6740209",2025,1,1,0,0,0.5,0,0,0,0,0,0,0,0,0,0,0,0,0,0,0,0,0.333333333333333,0.285714285714286,0,0.206349206349206,0,0,0,0,16.6666666666667,6.87830687830688,0,0,1,0,"Metro","MEDHOST",1,2.1414709
"6740214",2025,1,1,1,1,1,1,0.5,0.75,1,1,1,1,0.5,0.5,0.5,0.5,0.75,0,0,0,0,0.5,0.714285714285714,0.714285714285714,0.642857142857143,0,0,0,0,83.3333333333333,21.4285714285714,0,0,1,0,"Metro","Epic",1,1.8478839
"6740219",2025,1,1,1,1,1,1,1,1,1,1,1,1,1,1,1,1,1,0.5,0.333333333333333,0.5,0.444444444444444,0.5,0.571428571428571,0.285714285714286,0.452380952380952,0,0,1,0.333333333333333,100,41.005291005291,0,0,1,1,"Micro","Epic",1,1.8264908
"6740222",2025,1,1,1,1,1,1,1,1,1,1,1,1,1,1,1,1,1,0.5,0.333333333333333,0.5,0.444444444444444,0.5,0.571428571428571,0.285714285714286,0.452380952380952,0,0,1,0.333333333333333,100,41.005291005291,0,1,0,0,"Metro","Epic",1,1.5625702
"6740224",2025,0,0.5,0.5,0,0.25,0.5,0,0.25,0,0,0,0.5,0,0,0,0,0.0625,0.5,0.666666666666667,1,0.722222222222222,0,0,0,0,0,0,0,0,18.75,24.0740740740741,0,0,1,0,"Metro","Meditech",1,1.7152804
"6740243",2025,1,1,1,1,1,1,1,1,1,1,1,1,1,1,1,0,0.875,0.166666666666667,0.333333333333333,0,0.166666666666667,0.833333333333333,0.857142857142857,0.714285714285714,0.801587301587302,0,0,0,0,95.8333333333333,32.2751322751323,0,1,0,0,"Metro","Epic",1,1.5625702
"6740248",2025,1,1,1,0.5,0.875,1,1,1,1,1,1,1,1,1,1,1,1,0.5,0.5,0.5,0.5,0.666666666666667,1,0.857142857142857,0.841269841269841,0,0,0,0,95.8333333333333,44.7089947089947,0,1,0,0,"Metro","Epic",1,1.5625702
"6740258",2025,1,1,1,1,1,1,1,1,1,1,1,1,1,1,1,1,1,0.5,0.333333333333333,0.5,0.444444444444444,0.5,0.571428571428571,0.285714285714286,0.452380952380952,0,0,1,0.333333333333333,100,41.005291005291,0,1,0,0,"Metro","Epic",1,1.4102389
"6740263",2025,1,1,1,1,1,0.5,0.5,0.5,0.5,0.5,1,0.5,0,0,0,0,0.3125,0.833333333333333,0.5,0.4,0.577777777777778,0.166666666666667,0.428571428571429,0.285714285714286,0.293650793650794,0,1,0,0.333333333333333,60.4166666666667,40.1587301587302,0,1,0,0,"Micro","Meditech",1,1.5383526
"6740265",2025,0,0,0,0,0,0,1,0.5,0,0,0,0,0,0,0,0,0,0.666666666666667,0.5,1,0.722222222222222,0.166666666666667,0,0.142857142857143,0.103174603174603,0,0,1,0.333333333333333,16.6666666666667,38.6243386243386,0,0,1,0,"Metro","Meditech",1,1.9808805
"6740280",2025,1,1,1,1,1,1,0.5,0.75,1,1,1,1,0.5,0.5,0.5,0.5,0.75,0,0,0,0,0.5,0.714285714285714,0.714285714285714,0.642857142857143,0,0,0,0,83.3333333333333,21.4285714285714,0,1,0,0,"Metro","Epic",1,1.5625702
"6740295",2025,1,1,1,1,1,1,1,1,1,1,1,1,1,1,1,1,1,0.5,0.333333333333333,0.5,0.444444444444444,0.5,0.571428571428571,0.285714285714286,0.452380952380952,0,0,1,0.333333333333333,100,41.005291005291,0,0,1,0,"Micro","Epic",1,1.7102141
"6740327",2025,0,0,0,0,0,1,0.5,0.75,0,0.5,0,0,0,0,0,0,0.0625,0,0,0.3,0.1,0,0,0,0,0,0,0,0,27.0833333333333,3.33333333333333,0,0,1,1,"Rural","CPSI/Evident",NA,2.4532838
"6740330",2025,1,1,1,1,1,1,0.5,0.75,1,1,1,1,0.5,0.5,0.5,0.5,0.75,0,0,0,0,0.5,0.714285714285714,0.714285714285714,0.642857142857143,0,0,0,0,83.3333333333333,21.4285714285714,0,0,1,0,"Metro","Epic",NA,3.0552027
"6740343",2025,1,1,1,1,1,1,1,1,1,1,1,1,1,1,1,1,1,0,0.166666666666667,0,0.0555555555555556,0.833333333333333,0.571428571428571,0.428571428571429,0.611111111111111,0,0,0,0,100,22.2222222222222,1,0,0,0,"Metro","Epic",NA,1.7190247
"6740363",2025,1,1,1,1,1,1,1,1,1,1,1,1,0,0,0,0,0.5,0.666666666666667,0.833333333333333,0.4,0.633333333333333,0.333333333333333,0.428571428571429,0.285714285714286,0.349206349206349,0,0,0,0,83.3333333333333,32.7513227513227,0,1,0,0,"Metro","Epic",1,1.5625702
"6740370",2025,1,1,1,0.5,0.875,0.5,0.5,0.5,1,0,1,0.5,1,0,1,0,0.5625,0.166666666666667,0.333333333333333,0.2,0.233333333333333,0.5,0.428571428571429,0.428571428571429,0.452380952380952,0,0,0,0,64.5833333333333,22.8571428571429,0,0,1,1,"Micro","Cerner",NA,2.4532838
"6740371",2025,1,1,1,1,1,0.5,0.5,0.5,1,0.5,1,0.5,1,0.5,1,0.5,0.75,0.333333333333333,0.166666666666667,0,0.166666666666667,0.166666666666667,0.142857142857143,0.142857142857143,0.150793650793651,0,0,0,0,75,10.5820105820106,0,0,1,0,"Metro","CPSI/Evident",NA,3.0552027
"6740379",2025,0,0.5,0.5,0,0.25,0.5,0,0.25,0,0,0,0.5,0,0,0,0,0.0625,0.5,0.666666666666667,1,0.722222222222222,0,0,0,0,0,0,0,0,18.75,24.0740740740741,0,1,0,0,"Metro","Epic",1,1.881361
"6740388",2025,1,1,1,1,1,1,0.5,0.75,1,1,1,1,0.5,0.5,0.5,0.5,0.75,0,0,0,0,0.5,0.714285714285714,0.714285714285714,0.642857142857143,0,0,0,0,83.3333333333333,21.4285714285714,0,1,0,0,"Metro","Epic",1,1.881361
"6740400",2025,1,1,0.5,0,0.625,0.5,0.5,0.5,0.5,0.5,0.5,0.5,0.5,0.5,0.5,0,0.4375,0.333333333333333,0.333333333333333,0.2,0.288888888888889,0.166666666666667,0.142857142857143,0,0.103174603174603,0,1,0,0.333333333333333,52.0833333333333,24.1798941798942,0,0,1,1,"Micro","Cerner",NA,2.488085
"6740402",2025,1,1,1,0.5,0.875,1,1,1,1,1,1,1,1,1,1,1,1,0.5,0.5,0.5,0.5,0.666666666666667,1,0.857142857142857,0.841269841269841,0,0,0,0,95.8333333333333,44.7089947089947,0,0,1,0,"Metro","Meditech",1,2.1414709
"6740417",2025,1,1,1,0.5,0.875,1,1,1,1,1,1,0.5,0,0.5,0.5,0.5,0.625,0.5,0.666666666666667,0.6,0.588888888888889,0.333333333333333,0.571428571428571,0.571428571428571,0.492063492063492,0,0,0,0,83.3333333333333,36.031746031746,0,1,0,0,"Metro","Meditech",1,1.7573649
"6740418",2025,1,1,1,0.5,0.875,1,1,1,1,1,1,1,1,1,1,1,1,0.5,0.5,0.5,0.5,0.666666666666667,1,0.857142857142857,0.841269841269841,0,0,0,0,95.8333333333333,44.7089947089947,0,1,0,0,"Metro","Epic",1,1.6546744
"6740428",2025,0,0.5,0,0,0.125,0,0,0,1,0,0,0,0.5,0,0.5,0,0.25,0.5,0.333333333333333,0.5,0.444444444444444,0,0,0,0,0,0,0,0,12.5,14.8148148148148,0,0,1,0,"Rural","Athenahealth",NA,2.4532838
"6740450",2025,1,0,0,0,0.25,0,0,0,0,0,0,0,0,0,0,0,0,0,0.333333333333333,0.7,0.344444444444444,0.166666666666667,0,0,0.0555555555555556,0,0,0,0,8.33333333333333,13.3333333333333,0,0,1,0,"Rural","CPSI/Evident",NA,2.4532838
"6740455",2025,1,1,1,0.5,0.875,1,1,1,1,1,1,0.5,0,0.5,0.5,0.5,0.625,0.5,0.666666666666667,0.6,0.588888888888889,0.333333333333333,0.571428571428571,0.571428571428571,0.492063492063492,0,0,0,0,83.3333333333333,36.031746031746,0,1,0,0,"Metro","Meditech",1,1.5522876
"6740465",2025,1,1,1,1,1,0.5,1,0.75,1,1,1,1,1,0.5,0.5,0.5,0.8125,0.833333333333333,0.166666666666667,0,0.333333333333333,0.5,0.571428571428571,0.571428571428571,0.547619047619048,0,0,0,0,85.4166666666667,29.3650793650794,0,0,1,0,"Micro","Altera Digital Health",1,1.8264908
"6740500",2025,1,1,1,0.5,0.875,1,1,1,1,1,1,1,1,1,1,1,1,0.5,0.5,0.5,0.5,0.666666666666667,1,0.857142857142857,0.841269841269841,0,0,0,0,95.8333333333333,44.7089947089947,0,1,0,0,"Metro","eClinical works",1,1.4102389
"6740506",2025,1,1,1,0.5,0.875,1,1,1,1,1,1,1,1,1,1,1,1,0.5,0.5,0.5,0.5,0.666666666666667,1,0.857142857142857,0.841269841269841,0,0,0,0,95.8333333333333,44.7089947089947,0,0,1,1,"Metro","eClinical works",1,1.8478839
"6740550",2025,1,1,1,0.5,0.875,0,0.5,0.25,1,1,1,1,1,1,1,1,1,0.166666666666667,0,0,0.0555555555555556,0.833333333333333,0.714285714285714,0.571428571428571,0.706349206349206,0,0,0,0,70.8333333333333,25.3968253968254,0,0,1,0,"Metro","Cerner",1,2.1414709
"6740560",2025,0.5,0.5,0.5,0,0.375,0,0,0,0,0,0,0,0,0,0,0,0,0.333333333333333,0.5,0.5,0.444444444444444,0,0,0,0,0,0,0,0,12.5,14.8148148148148,0,0,1,1,"Rural","Cerner",NA,2.4532838
"6740576",2025,0,0,0,0,0,0,0,0,0,0,0,0,0,0,0,0,0,0.5,0.5,0.5,0.5,0,0,0,0,0,0,0,0,0,16.6666666666667,0,0,1,0,"Metro","Other",NA,2.5266035
"6740635",2025,1,1,1,1,1,1,0.5,0.75,1,1,1,1,0.5,0.5,0.5,0.5,0.75,0,0,0,0,0.5,0.714285714285714,0.714285714285714,0.642857142857143,0,0,0,0,83.3333333333333,21.4285714285714,0,0,1,0,"Metro","Epic",1,1.8478839
"6740650",2025,0.5,1,1,0,0.625,0,0.5,0.25,0.5,0.5,0.5,0.5,0.5,0.5,0.5,0,0.4375,0.333333333333333,0.666666666666667,0.7,0.566666666666667,0.166666666666667,0.142857142857143,0.142857142857143,0.150793650793651,1,1,1,1,43.75,57.2486772486772,0,0,1,1,"Metro","Cerner",NA,2.490901
"6740655",2025,1,1,1,0.5,0.875,1,1,1,1,1,1,1,1,1,1,1,1,0.5,0.5,0.5,0.5,0.666666666666667,1,0.857142857142857,0.841269841269841,0,0,0,0,95.8333333333333,44.7089947089947,0,0,1,0,"Metro","Epic",1,1.8478839
"6740661",2025,1,1,1,1,1,1,0.5,0.75,1,1,1,1,0.5,0.5,0.5,0.5,0.75,0,0,0,0,0.5,0.714285714285714,0.714285714285714,0.642857142857143,0,0,0,0,83.3333333333333,21.4285714285714,0,0,1,0,"Metro","Epic",NA,3.0552027
"6740668",2025,1,1,1,1,1,0,1,0.5,0,0,0,0,0,0,0,0,0,0.666666666666667,0.666666666666667,0.4,0.577777777777778,0.666666666666667,0.857142857142857,0.714285714285714,0.746031746031746,0,0,0,0,50,44.1269841269841,0,0,1,0,"Metro","Epic",1,2.1414709
"6740680",2025,0.5,1,1,0,0.625,1,1,1,1,1,1,1,1,1,1,1,1,0.166666666666667,0,0,0.0555555555555556,0,0.428571428571429,0.142857142857143,0.19047619047619,0,0,0,0,87.5,8.2010582010582,0,0,1,1,"Rural","CPSI/Evident",NA,2.4532838
"6740690",2025,1,1,1,0,0.75,1,0.5,0.75,0,0,0,0,0,0,0,0,0,0.166666666666667,0.5,0.4,0.355555555555556,0.333333333333333,0.571428571428571,0.285714285714286,0.396825396825397,0,0,0,0,50,25.0793650793651,0,0,1,0,"Rural","Cerner",NA,2.2787304
"6740713",2025,0,0,0,0,0,0,0,0,0,0,0,0,0,0,0,0,0,0,0,0,0,0,0,0,0,0,0,0,0,0,0,0,1,0,0,"Metro","Cerner",NA,1.9892112
"6740732",2025,1,1,1,0.5,0.875,1,1,1,1,1,1,0.5,0,0.5,0.5,0.5,0.625,0.5,0.666666666666667,0.6,0.588888888888889,0.333333333333333,0.571428571428571,0.571428571428571,0.492063492063492,0,0,0,0,83.3333333333333,36.031746031746,1,0,0,0,"Metro","Meditech",1,1.5896592
"6740760",2025,1,1,1,1,1,1,1,1,1,1,1,1,1,1,1,1,1,0.5,0.333333333333333,0.5,0.444444444444444,0.5,0.571428571428571,0.285714285714286,0.452380952380952,0,0,1,0.333333333333333,100,41.005291005291,1,0,0,0,"Metro","Epic",1,1.6006376
"6740795",2025,1,1,0.5,0,0.625,0,0,0,0.5,0.5,0,0,0,0,0,0,0.125,1,1,0.9,0.966666666666667,0.5,0.428571428571429,0,0.30952380952381,0,0,0,0,25,42.5396825396825,0,0,1,0,"Micro","MEDHOST",1,2.1126702
"6740815",2025,1,1,1,0,0.75,1,1,1,0.5,0.5,0.5,0.5,0.5,0.5,0,0,0.375,0.166666666666667,0,0.1,0.0888888888888889,0.5,0.285714285714286,0.285714285714286,0.357142857142857,0,0,0,0,70.8333333333333,14.8677248677249,0,0,1,1,"Rural","CPSI/Evident",NA,2.4532838
"6740865",2025,0,1,0,0.5,0.375,0.5,0,0.25,1,0,0,0,0,0,0,0,0.125,0.833333333333333,0.333333333333333,1,0.722222222222222,0,0.285714285714286,0,0.0952380952380952,0,0,0,0,25,27.2486772486773,0,0,1,0,"Rural","Meditech",NA,2.2488253
"6740878",2025,1,1,1,1,1,1,1,1,1,1,1,1,1,1,1,0,0.875,0.166666666666667,0.333333333333333,0,0.166666666666667,0.833333333333333,0.857142857142857,0.714285714285714,0.801587301587302,0,0,0,0,95.8333333333333,32.2751322751323,0,1,0,0,"Metro","Epic",1,1.4774034
"6740892",2025,0.5,0,0,1,0.375,0.5,0,0.25,0.5,0,0.5,0,0,0,0,0,0.125,1,0.333333333333333,0.9,0.744444444444444,0,0,0,0,0,0,0,0,25,24.8148148148148,0,1,0,0,"Metro","Cerner",NA,2.0128996
"6740914",2025,0.5,0.5,0.5,0,0.375,0,0,0,0,0,0,0,0,0,0,0,0,0.5,0.5,1,0.666666666666667,0,0,0,0,0,0,0,0,12.5,22.2222222222222,0,0,1,0,"Metro","Epic",1,2.1414709
"6740919",2025,1,1,1,1,1,1,0.5,0.75,1,1,1,1,0.5,0.5,0.5,0.5,0.75,0,0,0,0,0.5,0.714285714285714,0.714285714285714,0.642857142857143,0,0,0,0,83.3333333333333,21.4285714285714,0,1,0,0,"Metro","Epic",1,1.5625702
"6740935",2025,1,1,1,1,1,1,1,1,1,1,1,1,0,0,0.5,0.5,0.625,0.333333333333333,0.5,0.1,0.311111111111111,0.666666666666667,0.857142857142857,0.714285714285714,0.746031746031746,0,0,0,0,87.5,35.2380952380952,1,0,0,0,"Metro","Epic",1,1.4089135
"6740945",2025,1,1,1,1,1,1,0.5,0.75,1,1,1,1,0.5,0.5,0.5,0.5,0.75,0,0,0,0,0.5,0.714285714285714,0.714285714285714,0.642857142857143,0,0,0,0,83.3333333333333,21.4285714285714,0,1,0,0,"Metro","Epic",1,1.4102389
"6740946",2025,0,0.5,0.5,0,0.25,0.5,0,0.25,0,0,0,0,0,0,0,0,0,0.5,0.333333333333333,1,0.611111111111111,0,0,0,0,0,0,0,0,16.6666666666667,20.3703703703704,0,0,1,0,"Metro","Athenahealth",NA,3.0552027
"6740950",2025,0.5,1,1,1,0.875,1,0.5,0.75,1,1,1,1,1,1,1,1,1,0,0,0,0,0,0.571428571428571,0.714285714285714,0.428571428571429,0,0,0,0,87.5,14.2857142857143,1,0,0,0,"Metro","Epic",NA,1.7190247
"6740971",2025,1,1,1,1,1,1,1,1,1,1,1,1,0,0,0,0,0.5,0.666666666666667,0.833333333333333,0.4,0.633333333333333,0.333333333333333,0.428571428571429,0.285714285714286,0.349206349206349,0,0,0,0,83.3333333333333,32.7513227513227,0,0,1,0,"Metro","Epic",1,1.8478839
"6740995",2025,0,0,0,0,0,0,0,0,0,0,0,0,0,0,0,0,0,0,0.333333333333333,0.6,0.311111111111111,0,0,0,0,0,0,0,0,0,10.3703703703704,0,0,1,0,"Metro","Other",NA,3.0552027
"6741018",2025,1,1,1,1,1,1,1,1,1,1,1,1,0,0,0,0,0.5,0.666666666666667,0.833333333333333,0.4,0.633333333333333,0.333333333333333,0.428571428571429,0.285714285714286,0.349206349206349,0,0,0,0,83.3333333333333,32.7513227513227,1,0,0,0,"Metro","Epic",1,1.6006376
"6741021",2025,0,0.5,0.5,0,0.25,0.5,0,0.25,0,0,0,0.5,0,0,0,0,0.0625,0.5,0.666666666666667,1,0.722222222222222,0,0,0,0,0,0,0,0,18.75,24.0740740740741,0,0,1,0,"Metro","Epic",1,2.1414709
"6741025",2025,1,1,1,0.5,0.875,1,1,1,1,1,1,0.5,0,0.5,0.5,0.5,0.625,0.5,0.666666666666667,0.6,0.588888888888889,0.333333333333333,0.571428571428571,0.571428571428571,0.492063492063492,0,0,0,0,83.3333333333333,36.031746031746,1,0,0,0,"Metro","Meditech",1,1.5896592
"6741028",2025,1,1,1,0.5,0.875,1,1,1,1,1,1,0.5,0,0.5,0.5,0.5,0.625,0.5,0.666666666666667,0.6,0.588888888888889,0.333333333333333,0.571428571428571,0.571428571428571,0.492063492063492,0,0,0,0,83.3333333333333,36.031746031746,0,0,1,0,"Metro","Meditech",1,2.1414709
"6741035",2025,1,1,1,1,1,1,1,1,1,1,1,1,0,0,0,0,0.5,0.666666666666667,0.833333333333333,0.4,0.633333333333333,0.333333333333333,0.428571428571429,0.285714285714286,0.349206349206349,0,0,0,0,83.3333333333333,32.7513227513227,0,1,0,0,"Metro","Epic",1,1.5625702
"6741037",2025,1,1,1,1,1,1,1,1,1,1,1,1,0,0,0.5,0.5,0.625,0.333333333333333,0.5,0.1,0.311111111111111,0.666666666666667,0.857142857142857,0.714285714285714,0.746031746031746,0,0,0,0,87.5,35.2380952380952,0,0,1,0,"Metro","Epic",1,1.7285975
"6741038",2025,1,1,1,0.5,0.875,1,1,1,1,1,1,0.5,0,0.5,0.5,0.5,0.625,0.5,0.666666666666667,0.6,0.588888888888889,0.333333333333333,0.571428571428571,0.571428571428571,0.492063492063492,0,0,0,0,83.3333333333333,36.031746031746,0,1,0,0,"Metro","Meditech",1,1.7573649
"6741050",2025,1,1,1,1,1,1,0.5,0.75,1,1,1,1,0.5,0.5,0.5,0.5,0.75,0,0,0,0,0.5,0.714285714285714,0.714285714285714,0.642857142857143,0,0,0,0,83.3333333333333,21.4285714285714,1,0,0,0,"Metro","Epic",1,1.4379987
"6741072",2025,0,0.5,0,0,0.125,0,0,0,0,0,0,0,0,0,0,0,0,0.5,0.666666666666667,0.5,0.555555555555555,0,0,0,0,0,0,0,0,4.16666666666667,18.5185185185185,0,0,1,0,"Metro","Epic",1,2.1414709
"6741091",2025,1,1,1,1,1,1,1,1,1,1,1,1,1,1,1,0,0.875,0.166666666666667,0.333333333333333,0,0.166666666666667,0.833333333333333,0.857142857142857,0.714285714285714,0.801587301587302,0,0,0,0,95.8333333333333,32.2751322751323,0,1,0,0,"Metro","Epic",1,1.5625702
"6741120",2025,1,1,1,0.5,0.875,1,1,1,1,1,1,0.5,0,0.5,0.5,0.5,0.625,0.5,0.666666666666667,0.6,0.588888888888889,0.333333333333333,0.571428571428571,0.571428571428571,0.492063492063492,0,0,0,0,83.3333333333333,36.031746031746,0,1,0,0,"Metro","Meditech",1,1.6393638
"6741123",2025,0,0.5,0.5,0,0.25,1,1,1,0.5,0.5,0.5,0,0,0,0,0,0.1875,0,0,0.2,0.0666666666666667,0,0,0,0,0,0,0,0,47.9166666666667,2.22222222222222,0,0,1,0,"Metro","Other",NA,3.0552027
"6741135",2025,1,1,1,0.5,0.875,0.5,0.5,0.5,1,0,1,0.5,1,0,1,0,0.5625,0.166666666666667,0.333333333333333,0.2,0.233333333333333,0.5,0.428571428571429,0.428571428571429,0.452380952380952,0,0,0,0,64.5833333333333,22.8571428571429,1,0,0,0,"Metro","Cerner",1,1.5896592
"6741139",2025,1,1,0.5,0,0.625,0.5,0,0.25,0,0,0,0,0,0,0,0,0,0.166666666666667,0,0,0.0555555555555556,0.5,0.285714285714286,0,0.261904761904762,0,0,0,0,29.1666666666667,10.5820105820106,0,0,1,0,"Micro","Meditech",NA,2.4532838
"6741141",2025,0,0,0,0,0,0,0,0,0,0,0,0,0,0,0,0,0,0.833333333333333,1,1,0.944444444444445,0.333333333333333,0,0.285714285714286,0.206349206349206,0,0,0,0,0,38.3597883597884,0,0,1,0,"Metro","Other",NA,3.0552027
"6741143",2025,1,1,1,1,1,1,0.5,0.75,1,1,1,1,0.5,0.5,0.5,0.5,0.75,0,0,0,0,0.5,0.714285714285714,0.714285714285714,0.642857142857143,0,0,0,0,83.3333333333333,21.4285714285714,0,0,1,0,"Metro","Epic",1,1.7285975
"6741153",2025,1,1,1,1,1,1,0.5,0.75,1,1,1,1,0.5,0.5,0.5,0.5,0.75,0,0,0,0,0.5,0.714285714285714,0.714285714285714,0.642857142857143,0,0,0,0,83.3333333333333,21.4285714285714,0,1,0,0,"Metro","Epic",1,1.5625702
"6741155",2025,1,1,1,0.5,0.875,1,1,1,1,1,1,0.5,0,0.5,0.5,0.5,0.625,0.5,0.666666666666667,0.6,0.588888888888889,0.333333333333333,0.571428571428571,0.571428571428571,0.492063492063492,0,0,0,0,83.3333333333333,36.031746031746,0,1,0,0,"Metro","Meditech",1,1.7573649
"6741163",2025,1,0.5,0.5,0,0.5,0.5,0,0.25,0,0,0,0,0,0,0,0,0,0.833333333333333,1,0.7,0.844444444444444,0.5,0,0,0.166666666666667,1,0,0,0.333333333333333,25,44.8148148148148,0,0,1,1,"Rural","Altera Digital Health",NA,2.4532838
"6741167",2025,0,0,0,0,0,0,0,0,0,0,0,0,0,0,0,0,0,1,1,1,1,0,0,0,0,0,0,0,0,0,33.3333333333333,0,0,1,1,"Rural","Cerner",NA,2.0597672
"6741169",2025,1,1,1,0.5,0.875,0.5,0.5,0.5,0.5,0,0.5,0,0.5,0,0,0,0.1875,0.666666666666667,0.833333333333333,0.2,0.566666666666667,0.333333333333333,0.142857142857143,0.142857142857143,0.206349206349206,0,0,0,0,52.0833333333333,25.7671957671958,0,0,1,1,"Micro","Meditech",NA,2.4532838
"6741170",2025,0.5,0,0,0.5,0.25,0.5,0.5,0.5,0,0.5,0,0.5,0,0.5,0,0.5,0.25,0.833333333333333,0.833333333333333,0.9,0.855555555555556,0,0,0,0,0,0,0,0,33.3333333333333,28.5185185185185,0,0,1,1,"Rural","Cerner",NA,2.488085
"6741172",2025,1,1,1,1,1,1,1,1,1,1,1,1,1,1,1,1,1,0.166666666666667,0.166666666666667,0.5,0.277777777777778,0.5,0.571428571428571,0.571428571428571,0.547619047619048,0,0,0,0,100,27.5132275132275,0,0,1,0,"Metro","Epic",1,1.8478839
"6741175",2025,1,0,0,0.5,0.375,0,0,0,0,0,0.5,0.5,0,0,0,0,0.125,0.333333333333333,0.333333333333333,0.6,0.422222222222222,0.166666666666667,0,0,0.0555555555555556,0,0,0,0,16.6666666666667,15.9259259259259,0,0,1,0,"Metro","Cerner",1,2.1414709
"6741182",2025,1,1,1,1,1,1,1,1,1,1,1,1,0,0,0,0,0.5,0.666666666666667,0.833333333333333,0.4,0.633333333333333,0.333333333333333,0.428571428571429,0.285714285714286,0.349206349206349,0,0,0,0,83.3333333333333,32.7513227513227,0,0,1,0,"Metro","Epic",1,1.8478839
"6741183",2025,1,0.5,1,1,0.875,1,1,1,1,0,1,0,1,0,1,0,0.5,0,0,0,0,0.333333333333333,0.142857142857143,0.285714285714286,0.253968253968254,0,0,0,0,79.1666666666667,8.46560846560847,0,0,1,0,"Rural","Cerner",NA,2.4532838
"6741195",2025,0.5,0.5,0,0,0.25,0,0,0,1,0,1,0,1,0,1,0,0.5,0,0.166666666666667,0.2,0.122222222222222,0,0,0,0,0,0,0,0,25,4.07407407407407,0,0,1,1,"Rural","CPSI/Evident",NA,2.4532838
"6741215",2025,0,0.5,0,0.5,0.25,0.5,0,0.25,0.5,0,0,0,0,0,0,0,0.0625,0.666666666666667,0.5,0.6,0.588888888888889,0.166666666666667,0,0,0.0555555555555556,0,0,0,0,18.75,21.4814814814815,0,0,1,1,"Metro","CPSI/Evident",NA,2.490901
"6741240",2025,0.5,0,0,1,0.375,0.5,0,0.25,0.5,0,0.5,0,0,0,0,0,0.125,1,0.333333333333333,0.9,0.744444444444444,0,0,0,0,0,0,0,0,25,24.8148148148148,0,1,0,0,"Metro","Cerner",NA,1.7213552
"6741246",2025,0,0.5,0.5,0.5,0.375,1,1,1,0.5,0.5,0.5,0,0,0,0,0,0.1875,0,0,0.2,0.0666666666666667,0,0,0,0,0,0,0,0,52.0833333333333,2.22222222222222,0,0,1,0,"Metro","Other",NA,3.0552027
"6741255",2025,0,0.5,0,1,0.375,1,1,1,0.5,0.5,0.5,0,0,0,0,0,0.1875,0,0,0.2,0.0666666666666667,0,0,0,0,0,0,0,0,52.0833333333333,2.22222222222222,0,0,1,0,"Metro","Other",NA,3.0552027
"6741267",2025,0,0,0,0,0,0,0,0,0,0,0,0,0,0,0,0,0,0,0,0.4,0.133333333333333,0,0,0,0,0,0,0,0,0,4.44444444444444,0,0,1,0,"Metro","Would prefer not to disclose",NA,3.0552027
"6741315",2025,1,1,1,0.5,0.875,1,1,1,1,1,1,0.5,0,0.5,0.5,0.5,0.625,0.5,0.666666666666667,0.6,0.588888888888889,0.333333333333333,0.571428571428571,0.571428571428571,0.492063492063492,0,0,0,0,83.3333333333333,36.031746031746,1,0,0,0,"Metro","Meditech",1,1.5896592
"6741335",2025,0.5,0.5,0.5,0,0.375,0.5,0.5,0.5,0.5,0.5,0.5,0.5,0.5,0,0,0,0.3125,0.833333333333333,0.5,0.3,0.544444444444445,0,0,0,0,0,0,0,0,39.5833333333333,18.1481481481481,0,0,1,0,"Rural","MEDHOST",NA,2.4532838
"6741340",2025,1,1,1,1,1,0.5,0.5,0.5,1,1,1,1,0.5,0.5,0.5,0.5,0.75,0.5,0.666666666666667,0.5,0.555555555555555,0.333333333333333,0.428571428571429,0.285714285714286,0.349206349206349,0,0,0,0,75,30.1587301587302,0,0,1,0,"Metro","Meditech",NA,2.490901
"6741385",2025,0.5,0.5,0.5,0,0.375,0,1,0.5,0.5,0.5,1,0.5,0,0.5,0,0,0.375,0.666666666666667,0.833333333333333,0.9,0.8,0,0,0,0,0,0,0,0,41.6666666666667,26.6666666666667,0,0,1,1,"Rural","CPSI/Evident",NA,2.2488253
"6741425",2025,1,1,1,1,1,0.5,1,0.75,1,1,1,1,1,1,1,1,1,0.5,0.5,0.2,0.4,0.5,0.428571428571429,0.571428571428571,0.5,0,0,0,0,91.6666666666667,30,1,0,0,0,"Metro","Epic",NA,1.7886105
"6741437",2025,1,1,1,0.5,0.875,1,1,1,1,1,1,0.5,0,0.5,0.5,0.5,0.625,0.5,0.666666666666667,0.6,0.588888888888889,0.333333333333333,0.571428571428571,0.571428571428571,0.492063492063492,0,0,0,0,83.3333333333333,36.031746031746,0,1,0,0,"Metro","Meditech",1,1.5522876
"6741440",2025,1,1,1,1,1,1,0.5,0.75,1,1,1,1,0.5,0.5,0.5,0.5,0.75,0,0,0,0,0.5,0.714285714285714,0.714285714285714,0.642857142857143,0,0,0,0,83.3333333333333,21.4285714285714,1,0,0,0,"Metro","Epic",1,1.4379987
"6741445",2025,1,1,1,1,1,1,0.5,0.75,1,1,1,1,0.5,0.5,0.5,0.5,0.75,0,0,0,0,0.5,0.714285714285714,0.714285714285714,0.642857142857143,0,0,0,0,83.3333333333333,21.4285714285714,0,1,0,0,"Metro","Epic",1,1.5625702
"6741450",2025,1,1,1,0.5,0.875,1,1,1,1,1,1,0.5,0,0.5,0.5,0.5,0.625,0.5,0.666666666666667,0.6,0.588888888888889,0.333333333333333,0.571428571428571,0.571428571428571,0.492063492063492,0,0,0,0,83.3333333333333,36.031746031746,0,1,0,0,"Metro","Meditech",1,1.5522876
"6741483",2025,1,1,1,1,1,1,1,1,1,1,0.5,1,0.5,1,0.5,1,0.8125,0.333333333333333,0.166666666666667,0.2,0.233333333333333,0.666666666666667,0.714285714285714,0.285714285714286,0.555555555555555,0,0,0,0,93.75,26.2962962962963,1,0,0,0,"Metro","Epic",NA,1.9860151
"6741525",2025,1,1,1,0.5,0.875,1,1,1,1,1,1,1,1,1,1,1,1,0.5,0.5,0.5,0.5,0.666666666666667,1,0.857142857142857,0.841269841269841,0,0,0,0,95.8333333333333,44.7089947089947,0,0,1,0,"Metro","Meditech",1,1.8478839
"6741550",2025,1,1,1,1,1,0,0,0,0,0,0,0,0,0,0,0,0,0.333333333333333,0.166666666666667,0.5,0.333333333333333,0.5,0.428571428571429,0.285714285714286,0.404761904761905,0,0,0,0,33.3333333333333,24.6031746031746,0,0,1,0,"Micro","MEDHOST",1,1.8264908
"6741610",2025,1,1,1,1,1,1,1,1,1,1,1,1,1,1,1,0,0.875,0.166666666666667,0.333333333333333,0,0.166666666666667,0.833333333333333,0.857142857142857,0.714285714285714,0.801587301587302,0,0,0,0,95.8333333333333,32.2751322751323,0,1,0,0,"Metro","Epic",1,1.5625702
"6741615",2025,1,1,0,1,0.75,1,0.5,0.75,0,1,0,1,0,1,0,1,0.5,0.5,0.5,0.5,0.5,0.5,0.714285714285714,0,0.404761904761905,0,0,0,0,66.6666666666667,30.1587301587302,1,0,0,0,"Metro","Epic",1,1.4277552
"6741683",2025,0.5,0.5,0.5,0,0.375,0,0,0,0.5,0,1,0,0.5,0,0,0,0.25,0.5,0.666666666666667,0.7,0.622222222222222,0.333333333333333,0.142857142857143,0,0.158730158730159,0,0,0,0,20.8333333333333,26.031746031746,0,0,1,0,"Rural","Meditech",NA,2.4532838
"6741730",2025,0.5,1,0.5,0.5,0.625,0.5,0.5,0.5,0.5,0,0.5,0.5,0.5,0.5,0.5,0,0.375,0.666666666666667,0.5,0.5,0.555555555555555,0,0.142857142857143,0,0.0476190476190476,0,0,0,0,50,20.1058201058201,0,0,1,1,"Rural","Meditech",NA,2.4532838
"6741761",2025,1,1,1,0.5,0.875,0.5,0,0.25,1,0,1,0,1,0,1,0,0.5,0.666666666666667,0.666666666666667,0.6,0.644444444444444,0.666666666666667,0.428571428571429,0.428571428571429,0.507936507936508,0,0,1,0.333333333333333,54.1666666666667,49.5238095238095,0,0,1,1,"Rural","CPSI/Evident",NA,2.4532838
"6741780",2025,1,1,1,0,0.75,0.5,0.5,0.5,0,0,0,0,0,0,0,0,0,0.5,0.5,0.6,0.533333333333333,0.166666666666667,0.142857142857143,0.142857142857143,0.150793650793651,0,0,0,0,41.6666666666667,22.8042328042328,0,0,1,1,"Rural","Cerner",NA,2.4532838
"6741800",2025,1,1,1,0,0.75,0.5,0.5,0.5,0.5,0.5,0.5,0.5,0.5,0.5,0.5,0.5,0.5,0.666666666666667,0.5,0.5,0.555555555555555,0.5,0.428571428571429,0.285714285714286,0.404761904761905,1,1,1,1,58.3333333333333,65.3439153439153,0,0,1,1,"Rural","Cerner",NA,2.4532838
"6741820",2025,1,1,1,0,0.75,0.5,1,0.75,1,1,1,0.5,1,0,1,0,0.6875,0.166666666666667,0.666666666666667,0.6,0.477777777777778,0.5,0.714285714285714,0.571428571428571,0.595238095238095,1,1,1,1,72.9166666666667,69.1005291005291,0,0,1,0,"Micro","Cerner",NA,2.2488253
"6741853",2025,1,1,1,1,1,0,0.5,0.25,1,0.5,0.5,0.5,0.5,0.5,0.5,0,0.5,0.5,0.333333333333333,0.3,0.377777777777778,0.833333333333333,0.571428571428571,0.428571428571429,0.611111111111111,0,0,1,0.333333333333333,58.3333333333333,44.0740740740741,0,0,1,1,"Metro","Meditech",NA,2.490901
"6741890",2025,1,1,1,1,1,1,1,1,1,1,1,1,0.5,0,0.5,0,0.625,0.333333333333333,0.5,0,0.277777777777778,0.666666666666667,0.714285714285714,0.571428571428571,0.650793650793651,0,0,0,0,87.5,30.952380952381,1,0,0,0,"Metro","Epic",1,1.4089135
"6741895",2025,1,1,1,0.5,0.875,1,1,1,1,1,1,0.5,0,0.5,0.5,0.5,0.625,0.5,0.666666666666667,0.6,0.588888888888889,0.333333333333333,0.571428571428571,0.571428571428571,0.492063492063492,0,0,0,0,83.3333333333333,36.031746031746,0,1,0,0,"Metro","Meditech",1,1.5522876
"6741930",2025,1,1,1,1,1,1,1,1,1,1,1,1,1,0.5,1,1,0.9375,0,0.333333333333333,0,0.111111111111111,0.5,0.714285714285714,0.571428571428571,0.595238095238095,0,0,0,0,97.9166666666667,23.5449735449735,1,0,0,0,"Metro","Epic",NA,1.7701674
"6741945",2025,1,1,1,1,1,1,0.5,0.75,1,1,1,1,1,1,0,1,0.875,0.833333333333333,0.5,0.1,0.477777777777778,0.666666666666667,0.428571428571429,0.428571428571429,0.507936507936508,0,0,0,0,87.5,32.8571428571429,1,0,0,0,"Metro","Epic",1,1.5476383
"6741952",2025,1,1,1,1,1,1,1,1,1,1,1,1,0.5,0,0.5,0,0.625,0.333333333333333,0.5,0,0.277777777777778,0.666666666666667,0.714285714285714,0.571428571428571,0.650793650793651,0,0,0,0,87.5,30.952380952381,1,0,0,0,"Metro","Epic",1,1.4379987
"6741960",2025,1,1,1,1,1,1,1,1,1,1,1,1,1,0,1,0,0.75,0.166666666666667,0.333333333333333,0,0.166666666666667,0.833333333333333,0.857142857142857,0.714285714285714,0.801587301587302,0,0,0,0,91.6666666666667,32.2751322751323,1,0,0,0,"Metro","Epic",1,1.4089135
"6741970",2025,1,1,1,1,1,1,1,1,1,1,1,1,0.5,0,0.5,0,0.625,0.333333333333333,0.5,0,0.277777777777778,0.666666666666667,0.714285714285714,0.571428571428571,0.650793650793651,0,0,0,0,87.5,30.952380952381,1,0,0,0,"Metro","Epic",1,1.6006376
"6741980",2025,1,1,1,0.5,0.875,1,1,1,1,1,1,0.5,0,0.5,0.5,0.5,0.625,0.5,0.666666666666667,0.6,0.588888888888889,0.333333333333333,0.571428571428571,0.571428571428571,0.492063492063492,0,0,0,0,83.3333333333333,36.031746031746,0,1,0,0,"Metro","Meditech",1,1.5522876
"6742000",2025,0,0,0,0,0,0,0,0,1,0,0,0,1,0,1,0,0.375,0,0.333333333333333,0.6,0.311111111111111,0,0,0,0,0,0,0,0,12.5,10.3703703703704,0,1,0,0,"Metro","Meditech",1,1.7573649
"6742005",2025,1,1,1,0.5,0.875,1,1,1,1,1,1,1,1,1,1,1,1,0.5,0.5,0.5,0.5,0.666666666666667,1,0.857142857142857,0.841269841269841,0,0,0,0,95.8333333333333,44.7089947089947,1,0,0,0,"Metro","eClinical works",1,1.4089135
"6742018",2025,1,1,1,1,1,1,1,1,0.5,0.5,0.5,0.5,0.5,0.5,0.5,0.5,0.5,0.333333333333333,0.5,0.1,0.311111111111111,0.5,0.285714285714286,0.285714285714286,0.357142857142857,0,0,0,0,83.3333333333333,22.2751322751323,1,0,0,0,"Metro","Epic",NA,1.7362429
"6742025",2025,1,1,1,0.5,0.875,1,1,1,1,1,1,0.5,0,0.5,0.5,0.5,0.625,0.5,0.666666666666667,0.6,0.588888888888889,0.333333333333333,0.571428571428571,0.571428571428571,0.492063492063492,0,0,0,0,83.3333333333333,36.031746031746,0,1,0,0,"Metro","Meditech",1,1.7573649
"6742045",2025,1,1,1,1,1,0,0,0,0,0,0.5,0,0,0,0,0,0.0625,0,0,0.5,0.166666666666667,0.333333333333333,0.571428571428571,0.142857142857143,0.349206349206349,0,0,0,0,35.4166666666667,17.1957671957672,0,0,1,0,"Micro","MEDHOST",1,1.7102141
"6742057",2025,0.5,1,1,1,0.875,1,0,0.5,1,1,1,1,1,1,1,1,1,0.5,0.5,0.6,0.533333333333333,0,0.142857142857143,0.142857142857143,0.0952380952380952,1,1,1,1,79.1666666666667,54.2857142857143,0,0,1,1,"Rural","CPSI/Evident",NA,2.4532838
"6742059",2025,1,1,1,1,1,1,1,1,1,1,1,1,0.5,0,0.5,0,0.625,0.333333333333333,0.5,0,0.277777777777778,0.666666666666667,0.714285714285714,0.571428571428571,0.650793650793651,0,0,0,0,87.5,30.952380952381,0,1,0,0,"Metro","Epic",1,1.5625702
"6742084",2025,1,1,1,1,1,1,1,1,1,1,1,1,1,1,1,1,1,0.5,0.333333333333333,0.5,0.444444444444444,0.5,0.571428571428571,0.285714285714286,0.452380952380952,0,0,1,0.333333333333333,100,41.005291005291,0,0,1,0,"Rural","Epic",1,1.8264908
"6742095",2025,1,1,1,1,1,1,0.5,0.75,1,1,1,1,0.5,0.5,0.5,0.5,0.75,0,0,0,0,0.5,0.714285714285714,0.714285714285714,0.642857142857143,0,0,0,0,83.3333333333333,21.4285714285714,0,0,1,0,"Metro","Epic",1,1.8478839
"6742096",2025,1,1,1,0.5,0.875,1,1,1,1,1,1,0.5,0,0.5,0.5,0.5,0.625,0.5,0.666666666666667,0.6,0.588888888888889,0.333333333333333,0.571428571428571,0.571428571428571,0.492063492063492,0,0,0,0,83.3333333333333,36.031746031746,0,0,1,0,"Metro","Meditech",1,2.1414709
"6742110",2025,1,1,1,1,1,1,1,1,1,1,1,1,1,1,1,1,1,0.166666666666667,0.166666666666667,0.5,0.277777777777778,0.5,0.571428571428571,0.571428571428571,0.547619047619048,0,0,0,0,100,27.5132275132275,0,1,0,0,"Metro","Epic",1,1.4774034
"6742125",2025,1,1,1,1,1,1,1,1,1,1,1,1,0.5,0,0.5,0,0.625,0.333333333333333,0.5,0,0.277777777777778,0.666666666666667,0.714285714285714,0.571428571428571,0.650793650793651,0,0,0,0,87.5,30.952380952381,0,1,0,0,"Metro","Epic",1,1.5625702
"6742135",2025,1,1,1,1,1,0.5,0.5,0.5,1,0,1,0,1,0,1,0,0.5,0.666666666666667,1,0.4,0.688888888888889,0.166666666666667,0.714285714285714,0.285714285714286,0.388888888888889,0,0,0,0,66.6666666666667,35.9259259259259,0,1,0,0,"Micro","Meditech",NA,2.1489913
"6742145",2025,1,1,1,1,1,1,1,1,1,1,1,1,1,1,1,1,1,0.166666666666667,0.166666666666667,0.5,0.277777777777778,0.5,0.571428571428571,0.571428571428571,0.547619047619048,0,0,0,0,100,27.5132275132275,0,1,0,0,"Metro","Epic",1,1.5625702
"6742160",2025,1,1,1,1,1,1,1,1,1,1,1,1,1,1,1,1,1,0.5,0.333333333333333,0.5,0.444444444444444,0.5,0.571428571428571,0.285714285714286,0.452380952380952,0,0,1,0.333333333333333,100,41.005291005291,0,0,1,0,"Micro","Epic",1,1.7102141
"6742195",2025,0,0.5,0,0,0.125,0,0,0,0,0,0,0,0,0,0,0,0,0.166666666666667,1,0.7,0.622222222222222,0,0,0,0,0,0,1,0.333333333333333,4.16666666666667,31.8518518518518,0,0,1,0,"Rural","MEDHOST",NA,2.4532838
"6742210",2025,1,1,1,1,1,1,1,1,1,1,1,1,1,1,1,1,1,0.166666666666667,0.166666666666667,0.5,0.277777777777778,0.5,0.571428571428571,0.571428571428571,0.547619047619048,0,0,0,0,100,27.5132275132275,0,0,1,1,"Metro","Epic",1,1.8478839
"6742220",2025,1,1,1,1,1,1,0.5,0.75,1,1,0.5,0.5,0.5,0.5,0.5,0.5,0.625,0.666666666666667,0.666666666666667,0.2,0.511111111111111,0.5,0.857142857142857,0.714285714285714,0.690476190476191,0,0,0,0,79.1666666666667,40.0529100529101,0,1,0,0,"Metro","Cerner",1,1.881361
"6742230",2025,0,0,0,0,0,0,0,0,0,0,0,0,0,0,0,0,0,0.5,0,0.3,0.266666666666667,0,0.142857142857143,0,0.0476190476190476,0,0,0,0,0,10.4761904761905,0,1,0,0,"Metro","Cerner",1,1.7573649
"6742255",2025,1,1,1,0.5,0.875,1,1,1,1,1,1,0.5,0,0.5,0.5,0.5,0.625,0.5,0.666666666666667,0.6,0.588888888888889,0.333333333333333,0.571428571428571,0.571428571428571,0.492063492063492,0,0,0,0,83.3333333333333,36.031746031746,0,1,0,0,"Metro","Meditech",1,1.7573649
"6742280",2025,0.5,1,0.5,1,0.75,1,0.5,0.75,1,1,0,0.5,0,0,0,0,0.3125,0.333333333333333,0.333333333333333,0.2,0.288888888888889,0.333333333333333,0.285714285714286,0,0.206349206349206,1,1,0,0.666666666666667,60.4166666666667,38.7301587301587,0,0,1,1,"Metro","Cerner",NA,2.490901
"6742315",2025,1,1,1,0.5,0.875,1,1,1,1,1,1,1,1,1,1,1,1,0.5,0.5,0.5,0.5,0.666666666666667,1,0.857142857142857,0.841269841269841,0,0,0,0,95.8333333333333,44.7089947089947,0,0,1,0,"Rural","eClinical works",1,1.8264908
"6742323",2025,1,1,1,0,0.75,0.5,0,0.25,0.5,0,0.5,0,0.5,0,0,0,0.1875,0.666666666666667,0.833333333333333,0.8,0.766666666666667,0.166666666666667,0.285714285714286,0.142857142857143,0.198412698412698,1,1,0,0.666666666666667,39.5833333333333,54.3915343915344,0,0,1,1,"Micro","CPSI/Evident",NA,2.4532838
"6742345",2025,1,1,1,0.5,0.875,1,1,1,1,1,1,0.5,0,0.5,0.5,0.5,0.625,0.5,0.666666666666667,0.6,0.588888888888889,0.333333333333333,0.571428571428571,0.571428571428571,0.492063492063492,0,0,0,0,83.3333333333333,36.031746031746,0,1,0,0,"Metro","Meditech",1,1.5625702
"6742372",2025,0.5,0.5,0.5,0.5,0.5,0.5,0,0.25,0.5,0.5,0,0,0.5,0,0,0,0.1875,0.666666666666667,0.833333333333333,0.6,0.7,0,0.142857142857143,0,0.0476190476190476,0,0,0,0,31.25,24.9206349206349,1,0,0,0,"Metro","Cerner",NA,1.7190247
"6742390",2025,0,0,0,0,0,0,0,0,0,0,0,0,0,0,0,0,0,0.833333333333333,0.666666666666667,0.6,0.7,0,0.142857142857143,0,0.0476190476190476,0,0,0,0,0,24.9206349206349,0,1,0,0,"Micro","MEDHOST",1,1.8591231
"6742395",2025,1,1,1,0.5,0.875,1,1,1,1,1,1,1,1,1,1,1,1,0.5,0.5,0.5,0.5,0.666666666666667,1,0.857142857142857,0.841269841269841,0,0,0,0,95.8333333333333,44.7089947089947,0,1,0,0,"Micro","eClinical works",1,1.399888
"6742402",2025,1,1,1,0.5,0.875,1,1,1,1,1,1,1,1,1,1,1,1,0.5,0.5,0.5,0.5,0.666666666666667,1,0.857142857142857,0.841269841269841,0,0,0,0,95.8333333333333,44.7089947089947,0,0,1,1,"Rural","Meditech",1,1.7102141
"6742430",2025,1,1,1,1,1,1,1,1,1,1,1,1,1,1,1,1,1,0.5,0.333333333333333,0.5,0.444444444444444,0.5,0.571428571428571,0.285714285714286,0.452380952380952,0,0,1,0.333333333333333,100,41.005291005291,1,0,0,0,"Metro","Epic",1,1.6006376
"6742470",2025,1,1,1,0.5,0.875,0,0,0,0,0,0,0,0,0,0,0,0,0,0,0,0,0.833333333333333,0.571428571428571,0.142857142857143,0.515873015873016,0,0,0,0,29.1666666666667,17.1957671957672,0,0,1,1,"Rural","MEDHOST",NA,2.4532838
"6742561",2025,0,0.5,0.5,0,0.25,0.5,0,0.25,0,0,0,0.5,0,0,0,0,0.0625,0.5,0.666666666666667,1,0.722222222222222,0,0,0,0,0,0,0,0,18.75,24.0740740740741,0,1,0,0,"Metro","Meditech",1,1.6546744
"6742564",2025,0.5,0.5,0.5,0.5,0.5,0.5,0.5,0.5,1,0.5,1,0,1,0,1,0,0.5625,0.5,0.5,0.2,0.4,0,0,0,0,0,0,0,0,52.0833333333333,13.3333333333333,0,0,1,1,"Rural","CPSI/Evident",NA,2.4532838
"6742566",2025,0.5,0,1,0,0.375,0,0,0,0,0.5,0,0.5,0,0,0,0,0.125,0,0,0,0,0,0,0.428571428571429,0.142857142857143,0,0,0,0,16.6666666666667,4.76190476190476,0,0,1,1,"Metro","Other",NA,2.490901
"6742567",2025,0.5,1,1,1,0.875,0,0.5,0.25,0,0,1,0.5,0,0,0,0,0.1875,0.333333333333333,0.166666666666667,0.4,0.3,0,0.285714285714286,0.142857142857143,0.142857142857143,0,0,0,0,43.75,14.7619047619048,0,0,1,0,"Micro","Meditech",NA,2.4532838
"6742573",2025,1,1,0.5,0.5,0.75,0.5,0.5,0.5,1,0,1,0,1,0,1,0,0.5,0.666666666666667,1,0.9,0.855555555555556,0.5,0.285714285714286,0,0.261904761904762,1,0,1,0.666666666666667,58.3333333333333,59.4708994708995,0,0,1,0,"Micro","Epic",NA,2.4532838
"6742590",2025,1,1,1,0.5,0.875,1,1,1,1,1,1,1,1,1,1,1,1,0.5,0.5,0.5,0.5,0.666666666666667,1,0.857142857142857,0.841269841269841,0,0,0,0,95.8333333333333,44.7089947089947,0,0,1,1,"Rural","Meditech",1,1.8264908
"6742635",2025,0.5,0,0.5,1,0.5,0,0.5,0.25,1,0,1,0,1,0,1,0,0.5,0.5,0,0.6,0.366666666666667,0,0,0,0,0,0,0,0,41.6666666666667,12.2222222222222,0,0,1,0,"Rural","CPSI/Evident",NA,2.4532838
"6742660",2025,1,1,1,0,0.75,0.5,1,0.75,1,0.5,1,0.5,1,0.5,1,0.5,0.75,0.333333333333333,0.333333333333333,0.6,0.422222222222222,0.333333333333333,0.428571428571429,0.285714285714286,0.349206349206349,0,0,0,0,75,25.7142857142857,0,1,0,0,"Metro","Cerner",NA,1.7213552
"6742735",2025,0,0.5,0.5,0.5,0.375,0.5,0,0.25,0.5,0,0.5,0.5,0.5,0,0.5,0,0.3125,0.5,0.666666666666667,1,0.722222222222222,0,0.142857142857143,0.142857142857143,0.0952380952380952,0,0,0,0,31.25,27.2486772486773,0,0,1,1,"Micro","Meditech",1,1.8264908
"6742778",2025,1,1,1,0.5,0.875,1,1,1,1,1,1,0.5,0,0.5,0.5,0.5,0.625,0.5,0.666666666666667,0.6,0.588888888888889,0.333333333333333,0.571428571428571,0.571428571428571,0.492063492063492,0,0,0,0,83.3333333333333,36.031746031746,0,1,0,0,"Metro","Meditech",1,1.6427084
"6742801",2025,1,1,1,1,1,1,1,1,1,1,0,0,0,0,0,0,0.25,0.333333333333333,0.166666666666667,0.3,0.266666666666667,0.5,0.285714285714286,0.285714285714286,0.357142857142857,0,0,0,0,75,20.7936507936508,0,0,1,1,"Rural","CPSI/Evident",NA,2.488085
"6742811",2025,0,0,0,0.5,0.125,0.5,0.5,0.5,0.5,0.5,0.5,0.5,0.5,0.5,0,0.5,0.4375,0.5,0.5,0.5,0.5,0,0,0,0,1,1,1,1,35.4166666666667,50,0,0,1,1,"Micro","Cerner",NA,2.2488253
"6742814",2025,1,1,0.5,0.5,0.75,0,0,0,0,0,0.5,0,0,0,0,0,0.0625,0.833333333333333,0.833333333333333,0.9,0.855555555555556,0.166666666666667,0.285714285714286,0,0.150793650793651,0,0,0,0,27.0833333333333,33.5449735449735,0,0,1,1,"Rural","CPSI/Evident",NA,2.4532838
"6742865",2025,1,1,1,0.5,0.875,1,1,1,1,1,1,0.5,0,0.5,0.5,0.5,0.625,0.5,0.666666666666667,0.6,0.588888888888889,0.333333333333333,0.571428571428571,0.571428571428571,0.492063492063492,0,0,0,0,83.3333333333333,36.031746031746,1,0,0,0,"Metro","Meditech",1,1.8086135
"6742870",2025,0.5,0.5,0,0,0.25,0,0,0,0,0,0,0,0,0,0,0,0,0.5,0.666666666666667,0.8,0.655555555555556,0,0,0,0,0,0,0,0,8.33333333333333,21.8518518518519,0,0,1,1,"Rural","CPSI/Evident",NA,2.4532838
"6742895",2025,0.5,0.5,0,0,0.25,0,0,0,0.5,0,0,0,0.5,0,0,0,0.125,0.5,0.166666666666667,0.3,0.322222222222222,0,0,0,0,0,0,0,0,12.5,10.7407407407407,0,0,1,1,"Rural","Cerner",NA,2.4532838
"6742910",2025,1,1,0.5,1,0.875,0.5,0.5,0.5,1,0.5,0.5,0,0,0,0,0,0.25,0.666666666666667,0.5,0.4,0.522222222222222,0.5,0.285714285714286,0,0.261904761904762,0,0,0,0,54.1666666666667,26.1375661375661,0,0,1,1,"Rural","Cerner",NA,2.4532838
"6742911",2025,1,1,1,1,1,1,1,1,1,1,1,1,0,0,0,0,0.5,0.666666666666667,0.833333333333333,0.4,0.633333333333333,0.333333333333333,0.428571428571429,0.285714285714286,0.349206349206349,0,0,0,0,83.3333333333333,32.7513227513227,0,1,0,0,"Metro","Epic",1,1.5625702
"6742915",2025,1,0.5,0.5,0.5,0.625,0,0,0,0.5,0.5,0,0,0,0,0,0,0.125,0,0,0,0,0.166666666666667,0,0,0.0555555555555556,0,0,0,0,25,1.85185185185185,0,0,1,0,"Micro","CPSI/Evident",NA,2.4532838
"6743105",2025,1,1,1,0,0.75,1,1,1,0.5,0.5,0.5,0.5,0.5,0,0,0,0.3125,0.333333333333333,0.333333333333333,0.6,0.422222222222222,0.5,0.428571428571429,0.428571428571429,0.452380952380952,0,0,1,0.333333333333333,68.75,40.2645502645503,1,0,0,0,"Metro","Epic",NA,1.7190247
"6743120",2025,1,1,1,1,1,1,1,1,1,1,1,1,1,1,1,1,1,0.5,0.333333333333333,0.5,0.444444444444444,0.5,0.571428571428571,0.285714285714286,0.452380952380952,0,0,1,0.333333333333333,100,41.005291005291,1,0,0,0,"Metro","Epic",1,1.6006376
"6743122",2025,1,1,1,0.5,0.875,1,1,1,1,1,1,0.5,0,0.5,0.5,0.5,0.625,0.5,0.666666666666667,0.6,0.588888888888889,0.333333333333333,0.571428571428571,0.571428571428571,0.492063492063492,0,0,0,0,83.3333333333333,36.031746031746,1,0,0,0,"Metro","Meditech",1,1.5896592
"6743151",2025,1,1,1,1,1,1,1,1,1,1,1,1,1,1,1,1,1,0.5,0.333333333333333,0.5,0.444444444444444,0.5,0.571428571428571,0.285714285714286,0.452380952380952,0,0,1,0.333333333333333,100,41.005291005291,0,1,0,0,"Metro","Epic",1,1.6546744
"6743189",2025,1,1,1,0,0.75,1,1,1,0,0,1,0,0,0,0,0,0.125,0.666666666666667,0.5,0.3,0.488888888888889,0.166666666666667,0.714285714285714,0.285714285714286,0.388888888888889,0,0,0,0,62.5,29.2592592592593,0,0,1,0,"Metro","Meditech",NA,2.490901
"6743200",2025,0,0,0,0,0,0,0,0,0,0,0,0,0,0,0,0,0,0,0,0,0,0,0,0,0,0,0,0,0,0,0,0,0,1,1,"Rural","",NA,2.4532838
"6743210",2025,0.5,0.5,0.5,1,0.625,0.5,0,0.25,1,0.5,1,0.5,0.5,0,0,0,0.4375,0.666666666666667,0.666666666666667,0.4,0.577777777777778,0,0,0,0,0,0,0,0,43.75,19.2592592592593,0,0,1,1,"Rural","CPSI/Evident",NA,2.4532838
"6743291",2025,0,0.5,1,0.5,0.5,0,0,0,0,0,0,0,0,0,0,0,0,0.666666666666667,0.5,1,0.722222222222222,0,0,0.285714285714286,0.0952380952380952,0,0,0,0,16.6666666666667,27.2486772486773,0,0,1,1,"Micro","Cerner",NA,2.4532838
"6743292",2025,1,1,0,0.5,0.625,0.5,1,0.75,1,0,1,0,0,0,0,0,0.25,1,0.333333333333333,0.6,0.644444444444444,0.5,0.142857142857143,0.285714285714286,0.309523809523809,0,0,1,0.333333333333333,54.1666666666667,42.9100529100529,0,0,1,1,"Rural","CPSI/Evident",NA,2.4532838
"6743330",2025,1,1,1,1,1,1,0.5,0.75,1,1,1,1,0.5,0.5,0.5,0.5,0.75,0,0,0,0,0.5,0.714285714285714,0.714285714285714,0.642857142857143,0,0,0,0,83.3333333333333,21.4285714285714,0,0,1,0,"Micro","Epic",1,1.8264908
"6743345",2025,1,1,1,1,1,1,1,1,1,1,1,1,1,1,1,1,1,0.5,0.333333333333333,0.5,0.444444444444444,0.5,0.571428571428571,0.285714285714286,0.452380952380952,0,0,1,0.333333333333333,100,41.005291005291,0,0,1,0,"Micro","Epic",1,1.8264908
"6743347",2025,1,0.5,0.5,0.5,0.625,1,1,1,1,0,0.5,0.5,0.5,0.5,0,0,0.375,0,0.166666666666667,0.1,0.0888888888888889,0.333333333333333,0,0,0.111111111111111,0,0,0,0,66.6666666666667,6.66666666666667,0,0,1,1,"Metro","Cerner",NA,2.490901
"6743364",2025,0.5,1,0.5,0,0.5,0.5,0,0.25,0.5,0.5,0.5,0.5,0.5,0,0.5,0,0.375,0.833333333333333,0.666666666666667,0.2,0.566666666666667,0,0.142857142857143,0,0.0476190476190476,1,0,0,0.333333333333333,37.5,31.5873015873016,0,0,1,1,"Metro","CPSI/Evident",NA,2.490901
"6743555",2025,1,1,1,0,0.75,0.5,0.5,0.5,1,0,1,0.5,1,0.5,1,0.5,0.6875,0.166666666666667,0.166666666666667,0.1,0.144444444444444,0.166666666666667,0.285714285714286,0.142857142857143,0.198412698412698,1,1,0,0.666666666666667,64.5833333333333,33.6507936507936,0,0,1,1,"Rural","Cerner",NA,2.488085
"6743557",2025,1,1,1,0.5,0.875,1,1,1,1,1,1,0.5,0,0.5,0.5,0.5,0.625,0.5,0.666666666666667,0.6,0.588888888888889,0.333333333333333,0.571428571428571,0.571428571428571,0.492063492063492,0,0,0,0,83.3333333333333,36.031746031746,0,1,0,0,"Metro","Meditech",1,1.881361
"6743570",2025,1,1,1,1,1,1,1,1,1,1,1,1,1,1,1,1,1,0.5,0.333333333333333,0.5,0.444444444444444,0.5,0.571428571428571,0.285714285714286,0.452380952380952,0,0,1,0.333333333333333,100,41.005291005291,1,0,0,0,"Metro","Epic",1,1.4379987
"6743580",2025,1,1,1,0.5,0.875,1,0.5,0.75,1,0.5,0.5,0.5,0.5,0.5,0.5,0.5,0.5625,0.5,0.166666666666667,0.1,0.255555555555556,0.5,0.428571428571429,0.428571428571429,0.452380952380952,0,1,1,0.666666666666667,72.9166666666667,45.8201058201058,0,0,1,1,"Micro","Meditech",NA,2.4532838
"6743621",2025,0,1,0,0,0.25,0,0,0,0.5,0,0,0,0,0,0,0,0.0625,0.333333333333333,0.5,1,0.611111111111111,0,0.142857142857143,0,0.0476190476190476,0,0,0,0,10.4166666666667,21.957671957672,0,0,1,0,"Micro","CPSI/Evident",1,1.8071619
"6743625",2025,1,1,1,0.5,0.875,0.5,0.5,0.5,1,0.5,1,0.5,1,0.5,0,0,0.5625,0.5,0.333333333333333,0.4,0.411111111111111,0.5,0.428571428571429,0.428571428571429,0.452380952380952,0,0,0,0,64.5833333333333,28.7830687830688,0,1,0,0,"Metro","Meditech",NA,2.1511657
"6743715",2025,1,1,1,0.5,0.875,1,1,1,1,1,1,0.5,0,0.5,0.5,0.5,0.625,0.5,0.666666666666667,0.6,0.588888888888889,0.333333333333333,0.571428571428571,0.571428571428571,0.492063492063492,0,0,0,0,83.3333333333333,36.031746031746,0,0,1,0,"Metro","Meditech",1,1.9808805
"6743723",2025,0,0.5,0.5,0,0.25,0.5,0,0.25,0,0,0,0.5,0,0,0,0,0.0625,0.5,0.666666666666667,1,0.722222222222222,0,0,0,0,0,0,0,0,18.75,24.0740740740741,0,1,0,0,"Metro","Epic",1,1.5625702
"6743745",2025,0,0,0,0,0,0,0,0,0,0,0,0,0,0,0,0,0,0,0,0.4,0.133333333333333,0,0,0,0,0,0,0,0,0,4.44444444444444,0,0,1,1,"Rural","CPSI/Evident",NA,2.4532838
"6743797",2025,1,0.5,0.5,0,0.5,0,0,0,0.5,0.5,0,0,0.5,0,0,0,0.1875,0,0,0,0,0.166666666666667,0,0,0.0555555555555556,0,0,0,0,22.9166666666667,1.85185185185185,0,0,1,1,"Rural","CPSI/Evident",NA,2.4532838
"6743799",2025,0.5,0,0,0,0.125,0,0,0,0,0,0,0,0,0,0,0,0,0,0.333333333333333,0.7,0.344444444444444,0,0,0,0,0,0,0,0,4.16666666666667,11.4814814814815,0,0,1,0,"Rural","CPSI/Evident",NA,2.4532838
"6743800",2025,0.5,1,1,0.5,0.75,0.5,0,0.25,1,0.5,1,0.5,0,0,0,0,0.375,0.833333333333333,0.666666666666667,0.2,0.566666666666667,0,0.285714285714286,0.142857142857143,0.142857142857143,0,0,0,0,45.8333333333333,23.6507936507936,0,0,1,1,"Rural","MEDHOST",1,1.8264908
"6744010",2025,1,1,1,0.5,0.875,1,1,1,1,1,1,0.5,0,0.5,0.5,0.5,0.625,0.5,0.666666666666667,0.6,0.588888888888889,0.333333333333333,0.571428571428571,0.571428571428571,0.492063492063492,0,0,0,0,83.3333333333333,36.031746031746,0,1,0,0,"Metro","Meditech",1,1.7573649
"6744020",2025,1,1,1,1,1,1,1,1,1,1,1,1,0.5,0,0.5,0,0.625,0.333333333333333,0.5,0,0.277777777777778,0.666666666666667,0.714285714285714,0.571428571428571,0.650793650793651,0,0,0,0,87.5,30.952380952381,0,1,0,0,"Metro","Epic",1,1.5625702
"6749090",2025,1,1,1,1,1,0.5,0.5,0.5,0,0.5,0,0.5,0,0,0,0,0.125,0.333333333333333,0.333333333333333,0.3,0.322222222222222,0.333333333333333,0.142857142857143,0.142857142857143,0.206349206349206,0,0,0,0,54.1666666666667,17.6190476190476,0,0,1,1,"Rural","Meditech",NA,2.488085
"6749550",2025,1,1,1,1,1,1,1,1,1,1,1,1,1,1,1,1,1,0.5,0.333333333333333,0.5,0.444444444444444,0.5,0.571428571428571,0.285714285714286,0.452380952380952,0,0,1,0.333333333333333,100,41.005291005291,0,0,1,1,"Rural","Epic",1,1.8264908
"6810003",2025,1,1,1,1,1,0.5,0.5,0.5,1,0.5,0.5,0.5,0.5,0,0.5,0,0.4375,0.833333333333333,0.5,0.3,0.544444444444445,0.333333333333333,0.142857142857143,0.142857142857143,0.206349206349206,0,0,0,0,64.5833333333333,25.026455026455,1,0,0,0,"Metro","Epic",1,1.6958193
"6810005",2025,1,1,1,1,1,0.5,0,0.25,1,0.5,0.5,0,1,0,0,0,0.375,0.833333333333333,0.833333333333333,0.2,0.622222222222222,0.166666666666667,0.142857142857143,0.142857142857143,0.150793650793651,0,0,0,0,54.1666666666667,25.7671957671958,0,0,1,1,"Rural","CPSI/Evident",NA,2.7238984
"6810007",2025,1,1,0.5,0.5,0.75,1,0.5,0.75,1,1,1,1,0.5,0.5,0.5,0,0.6875,0.833333333333333,0.666666666666667,0.2,0.566666666666667,0.666666666666667,0.142857142857143,0,0.26984126984127,0,0,0,0,72.9166666666667,27.8835978835979,0,1,0,0,"Micro","Meditech",1,1.6352754
"6810008",2025,0.5,0.5,0.5,0,0.375,0,0.5,0.25,0.5,0.5,0.5,0.5,0,0,0,0,0.25,1,0.5,0.3,0.6,0,0,0,0,0,0,0,0,29.1666666666667,20,0,0,1,0,"Metro","Meditech",NA,3.3808854
"6810010",2025,1,1,1,0,0.75,1,0.5,0.75,0,0,0,0,0,0,0,0,0,0.166666666666667,0.166666666666667,0.3,0.211111111111111,0.333333333333333,0.285714285714286,0.285714285714286,0.301587301587302,0,0,0,0,50,17.0899470899471,0,0,1,1,"Rural","Epic",NA,2.4813678
"6810020",2025,1,1,1,0.5,0.875,1,1,1,0.5,0.5,0.5,0.5,0.5,0.5,0.5,0.5,0.5,0.833333333333333,0.666666666666667,0.4,0.633333333333333,0.5,0.571428571428571,0.428571428571429,0.5,0,0,0,0,79.1666666666667,37.7777777777778,0,1,0,0,"Metro","Cerner",NA,1.798857
"6810085",2025,1,1,1,0.5,0.875,1,1,1,1,0.5,1,0.5,0,0.5,0,0.5,0.5,0.833333333333333,0.666666666666667,0.4,0.633333333333333,0.666666666666667,0.571428571428571,0.428571428571429,0.555555555555556,0,0,0,0,79.1666666666667,39.6296296296296,0,0,1,1,"Rural","Cerner",1,1.9574628
"6810110",2025,1,1,1,0.5,0.875,1,1,1,1,0.5,1,0.5,0,0.5,1,0.5,0.625,0.833333333333333,0.666666666666667,0.4,0.633333333333333,0.666666666666667,0.571428571428571,0.428571428571429,0.555555555555556,0,0,0,0,83.3333333333333,39.6296296296296,0,0,1,1,"Rural","Meditech",1,1.9574628
"6810125",2025,1,1,1,0.5,0.875,1,1,1,1,0.5,1,0.5,0,0.5,0,0.5,0.5,0.833333333333333,0.666666666666667,0.4,0.633333333333333,0.666666666666667,0.571428571428571,0.428571428571429,0.555555555555556,0,0,0,0,79.1666666666667,39.6296296296296,0,0,1,1,"Rural","Cerner",1,1.9574628
"6810129",2025,1,0.5,1,0,0.625,1,1,1,1,0,1,0,0.5,0,0.5,0,0.375,0.166666666666667,0,0.3,0.155555555555556,0.166666666666667,0.142857142857143,0.142857142857143,0.150793650793651,0,0,0,0,66.6666666666667,10.2116402116402,0,0,1,1,"Rural","Epic",NA,2.4813678
"6810135",2025,1,1,1,1,1,0.5,1,0.75,0.5,0.5,0.5,0.5,0.5,0.5,0.5,0,0.4375,0.666666666666667,0.666666666666667,0.3,0.544444444444444,0.333333333333333,0.142857142857143,0.142857142857143,0.206349206349206,0,0,0,0,72.9166666666667,25.026455026455,0,0,1,1,"Rural","Epic",1,1.8227599
"6810190",2025,0.5,1,1,1,0.875,0.5,0,0.25,1,0.5,0.5,0.5,0,0,0,0,0.3125,0.833333333333333,0.666666666666667,0.2,0.566666666666667,0,0.285714285714286,0.142857142857143,0.142857142857143,0,0,0,0,47.9166666666667,23.6507936507936,0,0,1,1,"Rural","Meditech",NA,2.7238984
"6810260",2025,1,1,1,0,0.75,0.5,1,0.75,0.5,0,0.5,0,0.5,0,0.5,0,0.25,0.666666666666667,0.5,0.6,0.588888888888889,0.666666666666667,0.571428571428571,0.571428571428571,0.603174603174603,0,0,0,0,58.3333333333333,39.7354497354497,0,0,1,1,"Rural","Cerner",NA,2.7238984
"6810272",2025,1,0.5,1,1,0.875,1,1,1,1,1,1,1,1,1,1,1,1,1,0.333333333333333,0.7,0.677777777777778,0.333333333333333,0,0.285714285714286,0.206349206349206,0,0,0,0,95.8333333333333,29.4708994708995,0,0,1,1,"Rural","Cerner",NA,2.7238984
"6810285",2025,1,1,1,1,1,1,1,1,1,1,1,1,0.5,0.5,0.5,0.5,0.75,0.333333333333333,0.5,0.5,0.444444444444444,1,1,1,1,0,0,0,0,91.6666666666667,48.1481481481481,0,0,1,1,"Rural","Cerner",NA,2.7238984
"6810290",2025,1,1,0.5,0.5,0.75,0.5,0.5,0.5,1,1,1,1,1,1,1,1,1,0.833333333333333,0.5,0.5,0.611111111111111,0.666666666666667,0.285714285714286,0,0.317460317460317,0,0,0,0,75,30.952380952381,0,1,0,1,"Rural","Meditech",NA,2.331069
"6810390",2025,0.5,0.5,0.5,0.5,0.5,0.5,0.5,0.5,0.5,0,0.5,0,0,0,0,0,0.125,0.5,0.166666666666667,0,0.222222222222222,0.166666666666667,0,0,0.0555555555555556,0,0,0,0,37.5,9.25925925925926,0,0,1,1,"Rural","Meditech",1,1.8227599
"6810398",2025,1,1,1,1,1,1,1,1,1,1,1,1,1,1,1,1,1,0,0,0,0,0.5,0.428571428571429,0.428571428571429,0.452380952380952,0,0,0,0,100,15.0793650793651,0,0,1,1,"Metro","Epic",NA,2.7685204
"6810405",2025,1,0.5,0,0,0.375,0.5,1,0.75,1,0,1,0,1,0,0.5,0,0.4375,0.666666666666667,0.833333333333333,1,0.833333333333333,0.5,0,0.285714285714286,0.261904761904762,0,0,0,0,52.0833333333333,36.5079365079365,0,0,1,1,"Rural","CPSI/Evident",NA,2.7238984
"6810415",2025,1,1,1,1,1,0.5,0.5,0.5,0.5,0.5,1,0.5,0,0,0,0,0.3125,0.833333333333333,0.5,0.4,0.577777777777778,0.333333333333333,0.428571428571429,0.285714285714286,0.349206349206349,0,1,0,0.333333333333333,60.4166666666667,42.010582010582,0,1,0,0,"Metro","Cerner",1,1.6398071
"6810445",2025,1,1,1,1,1,0.5,0.5,0.5,0,0,0,0,0,0,0,0,0,0.333333333333333,0.166666666666667,0.1,0.2,0.166666666666667,0.428571428571429,0.142857142857143,0.246031746031746,0,0,0,0,50,14.8677248677249,0,0,1,1,"Rural","Epic",NA,2.4813678
"6810477",2025,1,1,1,1,1,0.5,1,0.75,0,0,0,0,0,0,0,0,0,0.333333333333333,0,0,0.111111111111111,0.666666666666667,0.142857142857143,0.428571428571429,0.412698412698413,0,0,0,0,58.3333333333333,17.4603174603175,0,0,1,1,"Metro","Cerner",NA,2.7685204
"6810505",2025,0.5,0,0,0,0.125,1,1,1,1,0,1,0,1,0,1,0,0.5,0.166666666666667,0.333333333333333,0.3,0.266666666666667,0,0,0,0,0,0,0,0,54.1666666666667,8.88888888888889,0,0,1,1,"Rural","Cerner",NA,2.7238984
"6810510",2025,1,1,0.5,0,0.625,0.5,0,0.25,1,0.5,1,0.5,0.5,0,0.5,0,0.5,0.666666666666667,0.333333333333333,0.4,0.466666666666667,0.166666666666667,0.142857142857143,0,0.103174603174603,0,0,0,0,45.8333333333333,18.994708994709,0,0,1,1,"Rural","Epic",NA,2.2571056
"6810520",2025,1,1,1,1,1,1,1,1,1,0.5,1,0.5,1,0,1,0,0.625,0.333333333333333,0.333333333333333,0.2,0.288888888888889,0.166666666666667,0.142857142857143,0.285714285714286,0.198412698412698,0,0,0,0,87.5,16.2433862433862,0,0,1,1,"Rural","Athenahealth",NA,2.6835818
"6810550",2025,1,1,1,0.5,0.875,1,1,1,1,0.5,1,0.5,0,0.5,1,0.5,0.625,0.833333333333333,0.666666666666667,0.4,0.633333333333333,0.666666666666667,0.571428571428571,0.428571428571429,0.555555555555556,0,0,0,0,83.3333333333333,39.6296296296296,0,0,1,1,"Micro","Meditech",1,1.9574628
"6819015",2025,0.5,0.5,0,0.5,0.375,0.5,0,0.25,0,0,0,0,0,0,0,0,0,0,0,0.2,0.0666666666666667,0,0,0,0,0,0,0,0,20.8333333333333,2.22222222222222,0,0,1,1,"Rural","MedWorx",NA,2.6835818
"6819070",2025,1,1,0.5,0.5,0.75,0.5,0.5,0.5,1,0.5,1,0.5,0,0,0,0,0.375,0.833333333333333,0.666666666666667,0.4,0.633333333333333,0.666666666666667,0.571428571428571,0,0.412698412698413,0,0,0,0,54.1666666666667,34.8677248677249,0,0,1,1,"Rural","MEDHOST",1,1.6982034
"6820003",2025,1,1,1,1,1,1,1,1,1,0.5,1,0.5,1,0.5,1,0.5,0.75,0.5,0.166666666666667,0.1,0.255555555555556,1,0.714285714285714,0.714285714285714,0.80952380952381,0,0,0,0,91.6666666666667,35.5026455026455,0,0,1,1,"Micro","Epic",1,1.8227599
"6820015",2025,0,0,0,0,0,0,0,0,0,0,0,0,0,0,0,0,0,0,0,0,0,0,0,0,0,0,0,0,0,0,0,0,0,1,1,"Micro","Meditech",NA,2.4813678
"6820050",2025,1,1,1,1,1,1,1,1,1,0.5,1,0.5,1,0.5,1,0.5,0.75,0.5,0.166666666666667,0.1,0.255555555555556,1,0.714285714285714,0.714285714285714,0.80952380952381,0,0,0,0,91.6666666666667,35.5026455026455,1,0,0,0,"Metro","Epic",1,1.5074072
"6820070",2025,0,0,0,0,0,0.5,1,0.75,0,1,0,1,0,1,0,1,0.5,1,1,1,1,0.166666666666667,0,0,0.0555555555555556,0,0,0,0,41.6666666666667,35.1851851851852,0,0,1,1,"Rural","Meditech",NA,2.6835818
"6820085",2025,1,1,1,0.5,0.875,1,1,1,1,1,1,0.5,0,0.5,0.5,0.5,0.625,0.5,0.666666666666667,0.6,0.588888888888889,0.333333333333333,0.571428571428571,0.571428571428571,0.492063492063492,0,0,0,0,83.3333333333333,36.031746031746,0,1,0,0,"Metro","Meditech",1,1.8773825
"6820140",2025,1,1,1,0,0.75,0.5,1,0.75,0.5,1,0.5,1,0.5,1,0.5,0.5,0.6875,0.666666666666667,0.5,0.8,0.655555555555556,0.5,0.285714285714286,0.714285714285714,0.5,1,1,1,1,72.9166666666667,71.8518518518518,0,0,1,1,"Rural","Cerner",NA,2.7238984
"6820150",2025,0,0,0,1,0.25,0,0,0,0,0,0,0,0,0,0,0,0,0,0,0,0,0,0,0,0,0,0,0,0,8.33333333333333,0,0,0,1,1,"Rural","Cerner",NA,2.6835818
"6820165",2025,1,1,1,0.5,0.875,1,1,1,1,1,1,0.5,0,0.5,0.5,0.5,0.625,0.5,0.666666666666667,0.6,0.588888888888889,0.333333333333333,0.571428571428571,0.571428571428571,0.492063492063492,0,0,0,0,83.3333333333333,36.031746031746,0,1,0,0,"Metro","Meditech",1,1.8773825
"6820185",2025,1,1,1,1,1,1,1,1,1,0.5,1,0.5,1,0.5,1,0.5,0.75,0.5,0.166666666666667,0.1,0.255555555555556,1,0.714285714285714,0.714285714285714,0.80952380952381,0,0,0,0,91.6666666666667,35.5026455026455,0,0,1,1,"Metro","Epic",1,1.8440566
"6820212",2025,1,1,1,1,1,1,1,1,1,0.5,1,0.5,1,0.5,1,0.5,0.75,0.5,0.166666666666667,0.1,0.255555555555556,1,0.714285714285714,0.714285714285714,0.80952380952381,0,0,0,0,91.6666666666667,35.5026455026455,0,0,1,1,"Rural","Epic",1,1.8227599
"6820232",2025,1,1,1,1,1,1,1,1,1,0.5,1,0.5,1,0.5,1,0.5,0.75,0.5,0.166666666666667,0.1,0.255555555555556,1,0.714285714285714,0.714285714285714,0.80952380952381,0,0,0,0,91.6666666666667,35.5026455026455,0,0,1,1,"Micro","Epic",1,1.9574628
"6820338",2025,0,0,0,0,0,0,0,0,0,0,0,0,0,0,0,0,0,0,0,0,0,0,0,0,0,0,0,0,0,0,0,0,0,1,1,"Micro","Epic",NA,2.4467235
"6820380",2025,1,1,1,1,1,1,1,1,1,0.5,1,0.5,1,0.5,1,0.5,0.75,0.5,0.166666666666667,0.1,0.255555555555556,1,0.714285714285714,0.714285714285714,0.80952380952381,0,0,0,0,91.6666666666667,35.5026455026455,0,1,0,0,"Metro","Epic",1,1.6517192
"6820405",2025,1,1,1,1,1,1,1,1,1,0.5,1,0.5,1,0.5,1,0.5,0.75,0.5,0.166666666666667,0.1,0.255555555555556,1,0.714285714285714,0.714285714285714,0.80952380952381,0,0,0,0,91.6666666666667,35.5026455026455,0,0,1,1,"Rural","Epic",NA,2.6835818
"6820411",2025,1,1,1,1,1,1,1,1,1,0.5,1,0.5,1,0.5,1,0.5,0.75,0.5,0.166666666666667,0.1,0.255555555555556,1,0.714285714285714,0.714285714285714,0.80952380952381,0,0,0,0,91.6666666666667,35.5026455026455,0,0,1,0,"Metro","Epic",1,1.8440566
"6830001",2025,1,1,1,1,1,1,1,1,1,1,0.5,0.5,0.5,0.5,0.5,0.5,0.625,0.5,0.5,0.2,0.4,0.5,0.714285714285714,0.571428571428571,0.595238095238095,0,0,1,0.333333333333333,87.5,44.2857142857143,0,1,0,0,"Metro","Epic",1,1.6364776
"6830010",2025,0.5,1,0.5,1,0.75,0.5,0.5,0.5,0.5,0.5,0,0,0,0,0,0,0.125,1,0.5,0.4,0.633333333333333,0,0.285714285714286,0,0.0952380952380952,0,0,0,0,45.8333333333333,24.2857142857143,0,0,1,1,"Rural","Epic",NA,2.6835818
"6830072",2025,1,1,1,0.5,0.875,1,0.5,0.75,1,0.5,1,0.5,0,0,0,0,0.375,0.5,0.833333333333333,1,0.777777777777778,0.333333333333333,0.428571428571429,0.142857142857143,0.301587301587302,0,0,0,0,66.6666666666667,35.978835978836,0,1,0,1,"Micro","Epic",1,1.7219937
"6830224",2025,0,1,1,0,0.5,0.5,0.5,0.5,0,0,0,0,0,0,0,0,0,0,0,0.8,0.266666666666667,0,0.571428571428571,0.142857142857143,0.238095238095238,1,1,1,1,33.3333333333333,50.1587301587302,0,0,1,1,"Rural","Epic",1,1.9350708
"6830225",2025,1,1,1,0,0.75,1,0.5,0.75,1,0,1,0,1,0,0,0,0.375,0.5,0.5,0.4,0.466666666666667,0.166666666666667,0.285714285714286,0.285714285714286,0.246031746031746,1,0,1,0.666666666666667,62.5,45.978835978836,0,1,0,1,"Micro","Cerner",NA,2.2999396
"6830227",2025,1,1,1,0,0.75,0,0,0,1,1,1,1,1,1,1,1,1,0.166666666666667,0.5,0,0.222222222222222,0.5,0.285714285714286,0.428571428571429,0.404761904761905,0,0,0,0,58.3333333333333,20.8994708994709,0,0,1,1,"Rural","Cerner",1,1.9350708
"6830230",2025,1,1,1,0.5,0.875,0.5,0.5,0.5,1,0.5,0.5,0.5,1,0,1,0,0.5625,0.5,0.5,0.6,0.533333333333333,0.333333333333333,0.142857142857143,0.285714285714286,0.253968253968254,0,0,0,0,64.5833333333333,26.2433862433862,0,0,1,1,"Micro","Cerner",NA,2.6835818
"6830261",2025,1,1,0.5,0.5,0.75,0.5,1,0.75,1,1,0.5,1,0.5,0.5,0,0.5,0.625,0.5,0,0.6,0.366666666666667,0.5,0.285714285714286,0,0.261904761904762,1,0,1,0.666666666666667,70.8333333333333,43.1746031746032,0,0,1,1,"Rural","Cerner",NA,2.6835818
"6840002",2025,1,1,1,0.5,0.875,1,1,1,1,1,1,1,1,1,1,1,1,0.5,0.5,0.5,0.5,0.666666666666667,1,0.857142857142857,0.841269841269841,0,0,0,0,95.8333333333333,44.7089947089947,1,0,0,0,"Metro","Epic",1,1.6958193
"6840010",2025,1,1,1,1,1,0.5,1,0.75,0.5,0.5,0.5,0.5,0.5,0,0,0,0.3125,0.666666666666667,0.833333333333333,0.7,0.733333333333333,0.666666666666667,0.714285714285714,0.571428571428571,0.650793650793651,0,0,0,0,68.75,46.1375661375661,0,0,1,0,"Micro","Meditech",1,1.8227599
"6840014",2025,1,1,1,0.5,0.875,1,1,1,1,1,1,0.5,0,0.5,0.5,0.5,0.625,0.5,0.666666666666667,0.6,0.588888888888889,0.333333333333333,0.571428571428571,0.571428571428571,0.492063492063492,0,0,0,0,83.3333333333333,36.031746031746,0,1,0,0,"Metro","Meditech",1,1.8773825
"6840016",2025,1,1,1,0.5,0.875,1,1,1,1,1,1,1,1,1,1,1,1,0.5,0.5,0.5,0.5,0.666666666666667,1,0.857142857142857,0.841269841269841,0,0,0,0,95.8333333333333,44.7089947089947,0,0,1,0,"Micro","Epic",1,1.9574628
"6840018",2025,1,1,1,1,1,1,1,1,1,1,1,0.5,1,0.5,1,0.5,0.8125,0.5,0.5,0.5,0.5,1,0.857142857142857,0.285714285714286,0.714285714285714,0,0,0,0,93.75,40.4761904761905,0,1,0,0,"Metro","Epic",1,1.6517192
"6840020",2025,1,1,1,1,1,1,0.5,0.75,1,1,1,0.5,1,0,0,0,0.5625,0.666666666666667,0.833333333333333,0.3,0.6,0.833333333333333,0.714285714285714,0.285714285714286,0.611111111111111,0,0,0,0,77.0833333333333,40.3703703703704,0,0,1,1,"Micro","Epic",NA,2.6835818
"6840022",2025,1,1,1,1,1,1,1,1,1,1,1,1,1,1,1,1,1,0.166666666666667,0.166666666666667,0.5,0.277777777777778,0.5,0.571428571428571,0.571428571428571,0.547619047619048,0,0,0,0,100,27.5132275132275,0,1,0,0,"Metro","Epic",1,1.6517192
"6840023",2025,1,1,1,0.5,0.875,1,1,1,1,1,1,0.5,0,0.5,0.5,0.5,0.625,0.5,0.666666666666667,0.6,0.588888888888889,0.333333333333333,0.571428571428571,0.571428571428571,0.492063492063492,0,0,0,0,83.3333333333333,36.031746031746,0,1,0,0,"Metro","Meditech",1,1.8773825
"6840030",2025,1,1,1,1,1,1,1,1,1,1,1,1,1,1,1,1,1,0.166666666666667,0.166666666666667,0.5,0.277777777777778,0.5,0.571428571428571,0.571428571428571,0.547619047619048,0,0,0,0,100,27.5132275132275,0,1,0,0,"Metro","Epic",1,1.5530564
"6840032",2025,1,1,1,0.5,0.875,1,1,1,1,1,1,1,1,1,1,1,1,0.5,0.5,0.5,0.5,0.666666666666667,1,0.857142857142857,0.841269841269841,0,0,0,0,95.8333333333333,44.7089947089947,0,0,1,0,"Micro","Epic",1,1.9574628
"6840033",2025,1,1,1,1,1,1,1,1,1,1,1,0.5,1,0.5,1,0.5,0.8125,0.5,0.5,0.5,0.5,1,0.857142857142857,0.285714285714286,0.714285714285714,0,0,0,0,93.75,40.4761904761905,0,1,0,0,"Metro","Epic",1,1.4752485
"6840038",2025,1,1,1,1,1,1,1,1,1,1,1,0.5,1,0.5,1,0.5,0.8125,0.5,0.5,0.5,0.5,1,0.857142857142857,0.285714285714286,0.714285714285714,0,0,0,0,93.75,40.4761904761905,0,0,1,1,"Metro","Epic",1,1.9822462
"6840120",2025,1,1,1,0.5,0.875,1,1,1,1,1,1,1,1,1,1,1,1,0.5,0.5,0.5,0.5,0.666666666666667,1,0.857142857142857,0.841269841269841,0,0,0,0,95.8333333333333,44.7089947089947,0,0,1,1,"Micro","Epic",1,1.9574628
"6840190",2025,1,1,1,1,1,1,1,1,1,1,1,0.5,1,0.5,1,0.5,0.8125,0.5,0.5,0.5,0.5,1,0.857142857142857,0.285714285714286,0.714285714285714,0,0,0,0,93.75,40.4761904761905,1,0,0,0,"Metro","Epic",1,1.5074072
"6840215",2025,1,0.5,0.5,0.5,0.625,0.5,0.5,0.5,1,0.5,1,0.5,1,0.5,0,0,0.5625,0.333333333333333,0.833333333333333,0.7,0.622222222222222,0.333333333333333,0.142857142857143,0,0.158730158730159,1,1,0,0.666666666666667,56.25,48.2539682539683,0,0,1,1,"Rural","Cerner",NA,2.7238984
"6840217",2025,1,1,1,0,0.75,1,1,1,1,1,1,1,1,1,1,1,1,0.5,0,0.3,0.266666666666667,0.166666666666667,0.285714285714286,0.285714285714286,0.246031746031746,0,0,0,0,91.6666666666667,17.0899470899471,0,0,1,1,"Micro","Epic",NA,2.6835818
"6840325",2025,1,1,1,0.5,0.875,1,1,1,1,1,1,0.5,0,0.5,0.5,0.5,0.625,0.5,0.666666666666667,0.6,0.588888888888889,0.333333333333333,0.571428571428571,0.571428571428571,0.492063492063492,0,0,0,0,83.3333333333333,36.031746031746,0,1,0,0,"Metro","Meditech",1,1.8773825
"6840360",2025,1,1,1,1,1,1,1,1,1,1,1,1,1,1,1,1,1,0.166666666666667,0.166666666666667,0.5,0.277777777777778,0.5,0.571428571428571,0.571428571428571,0.547619047619048,0,0,0,0,100,27.5132275132275,0,1,0,0,"Metro","Epic",1,1.4752485
"6840365",2025,1,1,1,0.5,0.875,1,1,1,1,1,1,0.5,0,0.5,0.5,0.5,0.625,0.5,0.666666666666667,0.6,0.588888888888889,0.333333333333333,0.571428571428571,0.571428571428571,0.492063492063492,0,0,0,0,83.3333333333333,36.031746031746,0,1,0,0,"Metro","Meditech",1,1.8773825
"6840385",2025,1,1,1,0.5,0.875,1,1,1,1,1,1,1,1,1,1,1,1,0.5,0.5,0.5,0.5,0.666666666666667,1,0.857142857142857,0.841269841269841,0,0,0,0,95.8333333333333,44.7089947089947,0,1,0,0,"Metro","Epic",1,1.4752485
"6840430",2025,1,1,1,1,1,1,1,1,1,1,1,0.5,1,0.5,1,0.5,0.8125,0.5,0.5,0.5,0.5,1,0.857142857142857,0.285714285714286,0.714285714285714,0,0,0,0,93.75,40.4761904761905,1,0,0,0,"Metro","Epic",1,1.4737129
"6840458",2025,1,1,1,0.5,0.875,1,1,1,1,1,1,0.5,0,0.5,0.5,0.5,0.625,0.5,0.666666666666667,0.6,0.588888888888889,0.333333333333333,0.571428571428571,0.571428571428571,0.492063492063492,0,0,0,0,83.3333333333333,36.031746031746,0,1,0,0,"Metro","Meditech",1,1.8773825
"6840530",2025,1,1,1,0.5,0.875,1,1,1,1,1,1,0.5,0,0.5,0.5,0.5,0.625,0.5,0.666666666666667,0.6,0.588888888888889,0.333333333333333,0.571428571428571,0.571428571428571,0.492063492063492,0,0,0,0,83.3333333333333,36.031746031746,0,1,0,0,"Metro","Meditech",1,1.8773825
"6840590",2025,1,1,1,0.5,0.875,1,1,1,1,1,1,1,1,1,1,1,1,0.5,0.5,0.5,0.5,0.666666666666667,1,0.857142857142857,0.841269841269841,0,0,0,0,95.8333333333333,44.7089947089947,0,0,1,0,"Micro","Epic",1,1.8227599
"6840600",2025,1,1,0.5,0,0.625,1,0.5,0.75,0,0,0,0,0,0,0,0,0,0.5,0.666666666666667,0.6,0.588888888888889,0.666666666666667,0.428571428571429,0,0.365079365079365,1,0,0,0.333333333333333,45.8333333333333,42.9100529100529,0,0,1,1,"Metro","Epic",NA,2.7685204
"6840617",2025,1,1,1,0,0.75,1,1,1,1,0,1,0,0.5,0,0.5,0,0.375,0.333333333333333,0.5,0.5,0.444444444444444,1,0.285714285714286,0.142857142857143,0.476190476190476,0,0,0,0,70.8333333333333,30.6878306878307,0,0,1,0,"Micro","Meditech",NA,2.2571056
"6840683",2025,1,1,1,0,0.75,1,1,1,1,0.5,1,0.5,1,0.5,1,0.5,0.75,0.666666666666667,0.5,0.8,0.655555555555556,0.333333333333333,0.285714285714286,0.285714285714286,0.301587301587302,0,0,0,0,83.3333333333333,31.9047619047619,0,0,1,1,"Rural","Athenahealth",NA,2.6835818
"6840725",2025,1,1,1,0.5,0.875,0.5,1,0.75,1,0.5,1,0.5,0,0,0,0,0.375,0.5,0.333333333333333,0.4,0.411111111111111,0.333333333333333,0.285714285714286,0.142857142857143,0.253968253968254,0,0,0,0,66.6666666666667,22.1693121693122,0,0,1,1,"Micro","Meditech",1,1.9574628
"6840750",2025,1,1,0.5,0.5,0.75,1,0.5,0.75,0.5,0,0.5,0.5,0.5,0,0.5,0,0.3125,0.833333333333333,0.666666666666667,0.2,0.566666666666667,0.666666666666667,0.571428571428571,0,0.412698412698413,0,0,0,0,60.4166666666667,32.6455026455027,0,0,1,1,"Rural","CPSI/Evident",1,1.9350708
"6840755",2025,1,1,1,0.5,0.875,1,1,1,1,1,1,1,1,1,1,1,1,0.5,0.5,0.5,0.5,0.666666666666667,1,0.857142857142857,0.841269841269841,0,0,0,0,95.8333333333333,44.7089947089947,0,0,1,0,"Metro","Epic",1,1.9822462
"6840795",2025,1,1,0,0,0.5,1,1,1,1,1,1,0.5,1,0,1,0,0.6875,0.333333333333333,1,0.1,0.477777777777778,0.666666666666667,0.285714285714286,0,0.317460317460317,0,0,0,0,72.9166666666667,26.5079365079365,0,0,1,0,"Micro","Meditech",NA,2.7238984
"6840805",2025,1,1,1,1,1,1,1,1,1,1,1,1,1,1,1,1,1,0.166666666666667,0.166666666666667,0.5,0.277777777777778,0.5,0.571428571428571,0.571428571428571,0.547619047619048,0,0,0,0,100,27.5132275132275,0,1,0,0,"Metro","Epic",1,1.4752485
"6840840",2025,1,1,1,0.5,0.875,1,1,1,1,1,1,1,1,1,1,1,1,0.5,0.5,0.5,0.5,0.666666666666667,1,0.857142857142857,0.841269841269841,0,0,0,0,95.8333333333333,44.7089947089947,0,0,1,0,"Metro","Epic",1,1.8440566
"6840850",2025,1,1,1,1,1,1,1,1,1,1,1,0.5,1,0.5,1,0.5,0.8125,0.5,0.5,0.5,0.5,1,0.857142857142857,0.285714285714286,0.714285714285714,0,0,0,0,93.75,40.4761904761905,0,1,0,0,"Metro","Epic",1,1.4752485
"6840900",2025,1,1,1,1,1,1,1,1,1,1,1,1,1,0.5,0,0,0.6875,0.5,0.333333333333333,0.2,0.344444444444444,0.666666666666667,0.428571428571429,0.714285714285714,0.603174603174603,1,0,0,0.333333333333333,89.5833333333333,42.6984126984127,0,0,1,1,"Rural","CPSI/Evident",NA,2.6835818
"6840911",2025,1,0,0,0,0.25,0,0,0,0.5,0,0.5,0,0.5,0,0.5,0,0.25,0.333333333333333,0.5,0.3,0.377777777777778,0.333333333333333,0,0,0.111111111111111,1,1,1,1,16.6666666666667,49.6296296296296,0,0,1,1,"Rural","Cerner",1,1.9350708
"6840915",2025,1,1,1,1,1,1,1,1,1,1,1,0.5,1,0.5,1,0.5,0.8125,0.5,0.5,0.5,0.5,1,0.857142857142857,0.285714285714286,0.714285714285714,0,0,0,0,93.75,40.4761904761905,0,0,1,0,"Micro","Epic",1,1.9574628
"6840950",2025,0.5,0,0,0,0.125,0,0,0,0,0,0,0,0,0,0,0,0,0,0,0,0,0,0,0,0,0,0,0,0,4.16666666666667,0,0,0,1,0,"Micro","Cerner",NA,2.0802469
"6840952",2025,1,1,1,0.5,0.875,1,0,0.5,1,1,1,1,1,1,0.5,0.5,0.875,1,0.5,0.7,0.733333333333333,0.833333333333333,0.714285714285714,1,0.849206349206349,0,1,1,0.666666666666667,75,74.973544973545,0,1,0,1,"Rural","Meditech",NA,2.2999396
"6840965",2025,1,1,1,0.5,0.875,1,1,1,1,1,1,1,1,1,1,1,1,0.5,0.5,0.5,0.5,0.666666666666667,1,0.857142857142857,0.841269841269841,0,0,0,0,95.8333333333333,44.7089947089947,0,1,0,0,"Metro","Epic",1,1.6517192
"6840985",2025,1,0,0,0,0.25,0,0,0,0,0,0,0,0,0,0,0,0,0,0,0,0,0.166666666666667,0,0,0.0555555555555556,0,0,0,0,8.33333333333333,1.85185185185185,0,0,1,1,"Rural","Cerner",NA,2.6835818
"6849160",2025,0.5,0.5,0.5,0,0.375,0.5,0.5,0.5,0.5,0,0.5,0,0,0,0,0,0.125,0.5,0.333333333333333,0.6,0.477777777777778,0,0,0,0,0,0,0,0,33.3333333333333,15.9259259259259,0,0,1,1,"Rural","Cerner",NA,2.6835818
"6849223",2025,1,1,1,1,1,1,1,1,1,1,1,1,1,1,1,1,1,0.166666666666667,0.166666666666667,0.5,0.277777777777778,0.5,0.571428571428571,0.571428571428571,0.547619047619048,0,0,0,0,100,27.5132275132275,0,0,1,0,"Metro","Epic",1,1.8440566
"6849225",2025,1,1,1,1,1,1,1,1,1,1,1,0.5,1,0.5,1,0.5,0.8125,0.5,0.5,0.5,0.5,1,0.857142857142857,0.285714285714286,0.714285714285714,0,0,0,0,93.75,40.4761904761905,0,0,1,0,"Metro","Epic",1,1.8440566
"6849226",2025,1,1,1,1,1,1,1,1,1,1,1,0.5,1,0.5,1,0.5,0.8125,0.5,0.5,0.5,0.5,1,0.857142857142857,0.285714285714286,0.714285714285714,0,0,0,0,93.75,40.4761904761905,0,0,1,0,"Metro","Epic",1,1.9822462
"6849230",2025,1,1,1,1,1,1,1,1,1,1,1,0.5,1,0.5,1,0.5,0.8125,0.5,0.5,0.5,0.5,1,0.857142857142857,0.285714285714286,0.714285714285714,0,0,0,0,93.75,40.4761904761905,0,0,1,0,"Metro","Epic",1,1.9822462
"6849232",2025,1,1,1,1,1,1,1,1,1,1,1,0.5,1,0.5,1,0.5,0.8125,0.5,0.5,0.5,0.5,1,0.857142857142857,0.285714285714286,0.714285714285714,0,0,0,0,93.75,40.4761904761905,0,0,1,0,"Metro","Epic",1,1.9822462
"6849233",2025,1,1,1,1,1,1,1,1,1,1,1,0.5,1,0.5,1,0.5,0.8125,0.5,0.5,0.5,0.5,1,0.857142857142857,0.285714285714286,0.714285714285714,0,0,0,0,93.75,40.4761904761905,0,1,0,0,"Metro","Epic",1,1.7584192
"6850007",2025,1,0,0,0,0.25,0.5,0.5,0.5,1,0,0.5,0,1,1,1,1,0.6875,0.5,1,0.8,0.766666666666667,0.166666666666667,0.142857142857143,0,0.103174603174603,1,1,1,1,47.9166666666667,62.3280423280423,0,0,1,0,"Micro","Cerner",1,1.8227599
"6850012",2025,1,0.5,0.5,1,0.75,1,1,1,0.5,0.5,0.5,0.5,0.5,0.5,0.5,0.5,0.5,0.5,0.833333333333333,0.4,0.577777777777778,0.5,0.285714285714286,0,0.261904761904762,0,0,0,0,75,27.989417989418,0,0,1,0,"Micro","Epic",1,1.9574628
"6850037",2025,1,1,1,1,1,0.5,0.5,0.5,1,1,0.5,0.5,0.5,1,0.5,1,0.75,0.833333333333333,0.833333333333333,0.7,0.788888888888889,1,0.714285714285714,0.571428571428571,0.761904761904762,0,0,0,0,75,51.6931216931217,1,0,0,0,"Metro","Cerner",NA,1.8329666
"6850055",2025,1,0.5,0.5,1,0.75,1,1,1,0.5,0.5,0.5,0.5,0.5,0.5,0.5,0.5,0.5,0.5,0.833333333333333,0.4,0.577777777777778,0.5,0.285714285714286,0,0.261904761904762,0,0,0,0,75,27.989417989418,1,0,0,0,"Metro","Epic",1,1.5074072
"6850090",2025,0,0,0,0,0,0.5,0,0.25,0,0,0,0,0,0,0,0,0,1,1,1,1,0,0,0,0,0,1,1,0.666666666666667,8.33333333333333,55.5555555555556,0,0,1,0,"Micro","CPSI/Evident",NA,2.4813678
"6850195",2025,1,0.5,0.5,1,0.75,1,1,1,0.5,0.5,0.5,0.5,0.5,0.5,0.5,0.5,0.5,0.5,0.833333333333333,0.4,0.577777777777778,0.5,0.285714285714286,0,0.261904761904762,0,0,0,0,75,27.989417989418,0,0,1,0,"Micro","Epic",1,1.8227599
"6850220",2025,1,1,1,0.5,0.875,0.5,1,0.75,0.5,0.5,0.5,0.5,0,0,0,0,0.25,0.5,0.5,0.7,0.566666666666667,0.833333333333333,0.714285714285714,0.285714285714286,0.611111111111111,0,0,1,0.333333333333333,62.5,50.3703703703704,0,1,0,0,"Metro","Cerner",NA,2.3655231
"6850235",2025,1,1,1,0.5,0.875,0.5,0,0.25,0.5,0,0,0,0.5,0.5,0.5,0,0.25,0.833333333333333,0.833333333333333,0.5,0.722222222222222,0.166666666666667,0.142857142857143,0.142857142857143,0.150793650793651,0,0,0,0,45.8333333333333,29.1005291005291,0,0,1,0,"Micro","Cerner",NA,2.4813678
"6850280",2025,1,1,0,0,0.5,0,0,0,0,0,1,0,0,0,0,0,0.125,0,0,0.5,0.166666666666667,0.166666666666667,0.285714285714286,0,0.150793650793651,0,0,0,0,20.8333333333333,10.5820105820106,0,0,1,1,"Rural","Cerner",1,1.9350708
"6850285",2025,1,1,1,1,1,0.5,0.5,0.5,0.5,0.5,1,0.5,0,0,0,0,0.3125,0.833333333333333,0.5,0.4,0.577777777777778,0.166666666666667,0.428571428571429,0.285714285714286,0.293650793650794,0,1,0,0.333333333333333,60.4166666666667,40.1587301587302,0,1,0,0,"Metro","Meditech",1,1.8773825
"6850320",2025,1,1,1,1,1,0.5,0,0.25,0.5,0,0.5,0,0,0,0,0,0.125,0.5,0.166666666666667,0.7,0.455555555555556,0.333333333333333,0.428571428571429,0.285714285714286,0.349206349206349,0,0,0,0,45.8333333333333,26.8253968253968,0,0,1,1,"Micro","Epic",NA,2.4467235
"6850325",2025,1,1,1,1,1,0.5,0.5,0.5,0.5,0.5,1,0.5,0,0,0,0,0.3125,0.833333333333333,0.5,0.4,0.577777777777778,0.166666666666667,0.428571428571429,0.285714285714286,0.293650793650794,1,1,0,0.666666666666667,60.4166666666667,51.2698412698413,0,0,1,0,"Micro","MEDHOST",1,2.2889924
"6850390",2025,1,1,1,1,1,1,1,1,1,1,1,1,1,1,1,1,1,0.5,0.333333333333333,0.5,0.444444444444444,0.5,0.571428571428571,0.285714285714286,0.452380952380952,0,0,1,0.333333333333333,100,41.005291005291,0,1,0,0,"Metro","Epic",1,1.6517192
"6850435",2025,1,0,0,0,0.25,0,0,0,0,0,0,0,0,0,0,0,0,0,0,0,0,0.5,0.285714285714286,0.285714285714286,0.357142857142857,0,0,0,0,8.33333333333333,11.9047619047619,0,0,1,0,"Metro","Cerner",NA,3.0459254
"6850440",2025,1,0.5,0.5,1,0.75,1,1,1,0.5,0.5,0.5,0.5,0.5,0.5,0.5,0.5,0.5,0.5,0.833333333333333,0.4,0.577777777777778,0.5,0.285714285714286,0,0.261904761904762,0,0,0,0,75,27.989417989418,0,0,1,1,"Rural","Epic",1,1.9574628
"6850460",2025,1,0.5,1,0.5,0.75,0.5,1,0.75,0.5,0.5,0.5,0.5,0.5,0.5,0.5,0.5,0.5,0.5,0.5,0.5,0.5,0.333333333333333,0,0.142857142857143,0.158730158730159,1,1,1,1,66.6666666666667,55.2910052910053,0,0,1,1,"Micro","CPSI/Evident",1,1.8227599
"6850480",2025,1,0.5,0.5,1,0.75,1,1,1,0.5,0.5,0.5,0.5,0.5,0.5,0.5,0.5,0.5,0.5,0.833333333333333,0.4,0.577777777777778,0.5,0.285714285714286,0,0.261904761904762,0,0,0,0,75,27.989417989418,0,0,1,1,"Rural","Epic",1,1.9574628
"6859145",2025,1,0.5,0.5,1,0.75,1,1,1,0.5,0.5,0.5,0.5,0.5,0.5,0.5,0.5,0.5,0.5,0.833333333333333,0.4,0.577777777777778,0.5,0.285714285714286,0,0.261904761904762,0,0,0,0,75,27.989417989418,0,0,1,1,"Micro","Epic",1,1.9574628
"6859147",2025,1,0.5,0.5,1,0.75,1,1,1,0.5,0.5,0.5,0.5,0.5,0.5,0.5,0.5,0.5,0.5,0.833333333333333,0.4,0.577777777777778,0.5,0.285714285714286,0,0.261904761904762,0,0,0,0,75,27.989417989418,0,0,1,0,"Metro","Epic",1,1.9822462
"6860012",2025,0,0.5,0,0.5,0.25,0.5,0.5,0.5,0.5,0.5,0,0,0,0,0,0,0.125,0.833333333333333,0.666666666666667,0.7,0.733333333333333,0,0,0,0,1,0,0,0.333333333333333,29.1666666666667,35.5555555555556,0,0,1,1,"Metro","Athenahealth",NA,2.7685204
"6860021",2025,1,1,1,1,1,0.5,1,0.75,1,0.5,1,0.5,1,0.5,0,0,0.5625,0.666666666666667,0.5,0.1,0.422222222222222,0.833333333333333,0.285714285714286,0.285714285714286,0.468253968253968,0,0,0,0,77.0833333333333,29.6825396825397,0,1,0,0,"Metro","Cerner",1,1.4752485
"6860028",2025,1,1,1,0.5,0.875,1,1,1,1,1,1,1,1,1,1,1,1,0.5,0.5,0.5,0.5,0.666666666666667,1,0.857142857142857,0.841269841269841,0,0,0,0,95.8333333333333,44.7089947089947,1,0,0,0,"Metro","Cerner",1,1.5074072
"6860040",2025,1,1,1,1,1,0.5,1,0.75,1,0.5,1,0.5,1,0.5,0,0,0.5625,0.666666666666667,0.5,0.1,0.422222222222222,0.833333333333333,0.285714285714286,0.285714285714286,0.468253968253968,0,0,0,0,77.0833333333333,29.6825396825397,0,0,1,0,"Metro","Cerner",1,1.8440566
"6860046",2025,1,1,1,1,1,0.5,0.5,0.5,0.5,0.5,1,0.5,0,0,0,0,0.3125,0.833333333333333,0.5,0.4,0.577777777777778,0.166666666666667,0.428571428571429,0.285714285714286,0.293650793650794,1,1,0,0.666666666666667,60.4166666666667,51.2698412698413,0,0,1,0,"Metro","MEDHOST",1,2.3223572
"6860047",2025,1,1,1,0,0.75,0.5,0.5,0.5,0.5,0.5,0,0,0,0,0,0,0.125,0.333333333333333,0.5,0.9,0.577777777777778,0.166666666666667,0.142857142857143,0.285714285714286,0.198412698412698,0,0,1,0.333333333333333,45.8333333333333,36.984126984127,0,1,0,0,"Metro","Epic",1,1.6517192
"6860051",2025,1,1,1,0.5,0.875,1,1,1,1,1,1,1,1,1,1,1,1,0.5,0.5,0.5,0.5,0.666666666666667,1,0.857142857142857,0.841269841269841,0,0,0,0,95.8333333333333,44.7089947089947,0,1,0,0,"Metro","Cerner",1,1.6517192
"6860054",2025,1,1,1,0,0.75,0.5,0.5,0.5,0.5,0.5,0,0,0,0,0,0,0.125,0.333333333333333,0.5,0.9,0.577777777777778,0.166666666666667,0.142857142857143,0.285714285714286,0.198412698412698,0,0,1,0.333333333333333,45.8333333333333,36.984126984127,0,1,0,0,"Metro","Epic",1,1.6517192
"6860153",2025,1,1,1,1,1,0.5,0.5,0.5,0.5,0.5,1,0.5,0,0,0,0,0.3125,0.833333333333333,0.5,0.4,0.577777777777778,0.166666666666667,0.428571428571429,0.285714285714286,0.293650793650794,1,1,0,0.666666666666667,60.4166666666667,51.2698412698413,0,1,0,0,"Metro","MEDHOST",1,2.021028
"6860180",2025,1,1,1,0.5,0.875,0.5,0.5,0.5,1,0,1,0,1,0,1,0,0.5,0.5,0.333333333333333,0.8,0.544444444444444,0.333333333333333,0.428571428571429,0.142857142857143,0.301587301587302,0,0,0,0,62.5,28.2010582010582,0,0,1,1,"Micro","Meditech",1,1.9574628
"6860210",2025,0.5,0.5,1,1,0.75,0.5,0.5,0.5,1,1,1,1,1,1,1,1,1,0.5,0.166666666666667,0.3,0.322222222222222,0.166666666666667,0.142857142857143,0.142857142857143,0.150793650793651,1,0,1,0.666666666666667,75,37.989417989418,0,1,0,0,"Metro","Altera Digital Health",NA,1.8556782
"6860253",2025,1,1,1,0,0.75,0.5,0.5,0.5,0.5,0.5,0,0,0,0,0,0,0.125,0.333333333333333,0.5,0.9,0.577777777777778,0.166666666666667,0.142857142857143,0.285714285714286,0.198412698412698,0,0,1,0.333333333333333,45.8333333333333,36.984126984127,0,1,0,0,"Metro","Epic",1,1.4752485
"6860255",2025,1,1,1,1,1,1,1,1,1,1,0.5,0.5,0.5,0,0.5,0,0.5,0.333333333333333,0.166666666666667,0.3,0.266666666666667,0.666666666666667,0.714285714285714,0.571428571428571,0.650793650793651,0,0,0,0,83.3333333333333,30.5820105820106,1,0,0,0,"Metro","Epic",NA,2.1422665
"6860280",2025,1,1,1,0.5,0.875,1,1,1,1,1,1,1,1,1,1,1,1,0.5,0.5,0.5,0.5,0.666666666666667,1,0.857142857142857,0.841269841269841,0,0,0,0,95.8333333333333,44.7089947089947,1,0,0,0,"Metro","Cerner",1,1.5074072
"6860320",2025,1,1,1,0.5,0.875,1,1,1,1,1,1,1,1,1,1,1,1,0.5,0.5,0.5,0.5,0.666666666666667,1,0.857142857142857,0.841269841269841,0,0,0,0,95.8333333333333,44.7089947089947,0,1,0,0,"Metro","Cerner",1,1.4752485
"6860325",2025,1,1,1,0,0.75,0.5,0.5,0.5,0.5,0.5,0,0,0,0,0,0,0.125,0.333333333333333,0.5,0.9,0.577777777777778,0.166666666666667,0.142857142857143,0.285714285714286,0.198412698412698,0,0,1,0.333333333333333,45.8333333333333,36.984126984127,0,1,0,0,"Metro","Epic",1,1.6517192
"6860374",2025,0.5,1,0.5,0.5,0.625,0,0.5,0.25,0.5,0.5,0.5,0.5,0.5,0.5,0.5,0.5,0.5,0.666666666666667,0.833333333333333,0.4,0.633333333333333,0.166666666666667,0.142857142857143,0,0.103174603174603,0,0,0,0,45.8333333333333,24.5502645502645,0,0,1,1,"Rural","CPSI/Evident",NA,2.7238984
"6860376",2025,1,1,1,0,0.75,0.5,0.5,0.5,0.5,0.5,0,0,0,0,0,0,0.125,0.333333333333333,0.5,0.9,0.577777777777778,0.166666666666667,0.142857142857143,0.285714285714286,0.198412698412698,0,0,1,0.333333333333333,45.8333333333333,36.984126984127,0,1,0,0,"Metro","Epic",1,1.6084419
"6860379",2025,1,1,1,1,1,0.5,0.5,0.5,0.5,0.5,1,0.5,0,0,0,0,0.3125,0.833333333333333,0.5,0.4,0.577777777777778,0.333333333333333,0.428571428571429,0.285714285714286,0.349206349206349,0,1,0,0.333333333333333,60.4166666666667,42.010582010582,0,0,1,0,"Metro","Cerner",1,2.1363182
"6860390",2025,1,1,1,0,0.75,0.5,0.5,0.5,0.5,0.5,0,0,0,0,0,0,0.125,0.333333333333333,0.5,0.9,0.577777777777778,0.166666666666667,0.142857142857143,0.285714285714286,0.198412698412698,0,0,1,0.333333333333333,45.8333333333333,36.984126984127,0,0,1,0,"Metro","Epic",1,1.8440566
"6860395",2025,1,1,1,0,0.75,0.5,0.5,0.5,0.5,0.5,0,0,0,0,0,0,0.125,0.333333333333333,0.5,0.9,0.577777777777778,0.166666666666667,0.142857142857143,0.285714285714286,0.198412698412698,0,0,1,0.333333333333333,45.8333333333333,36.984126984127,1,0,0,0,"Metro","Epic",1,1.5074072
"6860410",2025,0.5,0.5,0.5,0,0.375,0.5,1,0.75,1,0.5,1,0.5,1,0.5,0,0,0.5625,0.666666666666667,0.5,0.7,0.622222222222222,0,0,0,0,0,0,0,0,56.25,20.7407407407407,0,0,1,0,"Metro","Altera Digital Health",NA,2.5197122
"6860469",2025,1,1,1,0.5,0.875,1,1,1,1,1,1,1,1,1,1,1,1,0.5,0.5,0.5,0.5,0.666666666666667,1,0.857142857142857,0.841269841269841,0,0,0,0,95.8333333333333,44.7089947089947,0,0,1,0,"Metro","Cerner",1,1.9822462
"6860522",2025,1,1,1,0,0.75,0.5,0.5,0.5,0.5,0.5,0,0,0,0,0,0,0.125,0.333333333333333,0.5,0.9,0.577777777777778,0.166666666666667,0.142857142857143,0.285714285714286,0.198412698412698,0,0,1,0.333333333333333,45.8333333333333,36.984126984127,0,0,1,0,"Metro","Epic",1,1.9822462
"6860560",2025,1,0.5,0,0,0.375,0,0,0,1,1,0.5,0.5,0,0,0,0,0.375,0.333333333333333,0.833333333333333,0.6,0.588888888888889,0.166666666666667,0,0,0.0555555555555556,0,0,0,0,25,21.4814814814815,0,0,1,1,"Metro","CPSI/Evident",NA,2.7685204
"6860595",2025,1,1,1,1,1,1,1,1,1,1,1,1,1,0,1,0,0.75,0,0,0.1,0.0333333333333333,0.833333333333333,0.714285714285714,0.714285714285714,0.753968253968254,0,0,0,0,91.6666666666667,26.2433862433862,1,0,0,0,"Metro","Epic",NA,2.2528129
"6864000",2025,0.5,0.5,0,1,0.5,0.5,0.5,0.5,1,0,1,0,1,0,0,0,0.375,0.5,0.166666666666667,0.8,0.488888888888889,0,0.285714285714286,0,0.0952380952380952,0,0,0,0,45.8333333333333,19.4708994708995,0,0,1,1,"Metro","Cerner",NA,2.5197122
"6869180",2025,1,1,1,0.5,0.875,1,1,1,1,1,1,1,1,1,1,1,1,0.5,0.5,0.5,0.5,0.666666666666667,1,0.857142857142857,0.841269841269841,0,0,0,0,95.8333333333333,44.7089947089947,0,0,1,0,"Metro","Cerner",1,1.9592744
"6870006",2025,1,1,1,0.5,0.875,1,1,1,1,1,1,0.5,0,0.5,0.5,0.5,0.625,0.5,0.666666666666667,0.6,0.588888888888889,0.333333333333333,0.571428571428571,0.571428571428571,0.492063492063492,0,0,0,0,83.3333333333333,36.031746031746,0,1,0,0,"Metro","Meditech",1,1.8773825
"6870007",2025,1,1,1,0.5,0.875,1,1,1,1,1,1,0.5,0,0.5,0.5,0.5,0.625,0.5,0.666666666666667,0.6,0.588888888888889,0.333333333333333,0.571428571428571,0.571428571428571,0.492063492063492,0,0,0,0,83.3333333333333,36.031746031746,0,0,1,0,"Metro","Meditech",1,2.1363182
"6870030",2025,1,1,1,0.5,0.875,1,1,1,1,1,1,0.5,0,0.5,0.5,0.5,0.625,0.5,0.666666666666667,0.6,0.588888888888889,0.333333333333333,0.571428571428571,0.571428571428571,0.492063492063492,0,0,0,0,83.3333333333333,36.031746031746,0,1,0,0,"Metro","Meditech",1,2.021028
"6870035",2025,1,1,1,0.5,0.875,1,1,1,1,1,1,0.5,0,0.5,0.5,0.5,0.625,0.5,0.666666666666667,0.6,0.588888888888889,0.333333333333333,0.571428571428571,0.571428571428571,0.492063492063492,0,0,0,0,83.3333333333333,36.031746031746,0,0,1,0,"Micro","Meditech",1,2.2889924
"6870100",2025,1,1,1,0.5,0.875,1,1,1,1,1,1,1,1,1,1,1,1,0.5,0.5,0.5,0.5,0.666666666666667,1,0.857142857142857,0.841269841269841,0,0,0,0,95.8333333333333,44.7089947089947,0,1,0,0,"Metro","Epic",1,1.7584192
"6870150",2025,1,1,1,0.5,0.875,1,1,1,1,1,1,0.5,0,0.5,0.5,0.5,0.625,0.5,0.666666666666667,0.6,0.588888888888889,0.333333333333333,0.571428571428571,0.571428571428571,0.492063492063492,0,0,0,0,83.3333333333333,36.031746031746,0,1,0,0,"Metro","Meditech",1,2.021028
"6870190",2025,1,1,1,0.5,0.875,1,1,1,1,1,1,0.5,0,0.5,0.5,0.5,0.625,0.5,0.666666666666667,0.6,0.588888888888889,0.333333333333333,0.571428571428571,0.571428571428571,0.492063492063492,0,0,0,0,83.3333333333333,36.031746031746,0,1,0,0,"Metro","Meditech",1,2.021028
"6870200",2025,1,1,1,1,1,0.5,0.5,0.5,0.5,0.5,1,0.5,0,0,0,0,0.3125,0.833333333333333,0.5,0.4,0.577777777777778,0.166666666666667,0.428571428571429,0.285714285714286,0.293650793650794,1,1,0,0.666666666666667,60.4166666666667,51.2698412698413,0,0,1,0,"Micro","MEDHOST",1,2.2889924
"6870270",2025,1,1,1,0.5,0.875,1,1,1,1,1,1,1,1,1,1,1,1,0.5,0.5,0.5,0.5,0.666666666666667,1,0.857142857142857,0.841269841269841,0,0,0,0,95.8333333333333,44.7089947089947,0,0,1,0,"Metro","Epic",1,1.6155051
"6870290",2025,1,1,1,0.5,0.875,1,1,1,1,1,1,0.5,0,0.5,0.5,0.5,0.625,0.5,0.666666666666667,0.6,0.588888888888889,0.333333333333333,0.571428571428571,0.571428571428571,0.492063492063492,0,0,0,0,83.3333333333333,36.031746031746,0,1,0,0,"Metro","Epic",1,1.8773825
"6870300",2025,1,1,1,0.5,0.875,1,1,1,1,1,1,1,1,1,1,1,1,0.5,0.5,0.5,0.5,0.666666666666667,1,0.857142857142857,0.841269841269841,0,0,0,0,95.8333333333333,44.7089947089947,0,1,0,0,"Metro","Epic",1,1.6517192
"6870315",2025,1,1,1,1,1,1,1,1,0.5,0.5,0.5,0.5,0.5,0.5,0.5,0.5,0.5,0.166666666666667,0,0.2,0.122222222222222,0.5,0.714285714285714,0.714285714285714,0.642857142857143,0,0,0,0,83.3333333333333,25.5026455026455,1,0,0,0,"Metro","Epic",NA,1.8329666
"6870370",2025,1,1,1,1,1,0.5,0.5,0.5,0.5,0.5,1,0.5,0,0,0,0,0.3125,0.833333333333333,0.5,0.4,0.577777777777778,0.166666666666667,0.428571428571429,0.285714285714286,0.293650793650794,1,1,0,0.666666666666667,60.4166666666667,51.2698412698413,0,0,1,0,"Micro","MEDHOST",1,2.2889924
"6870372",2025,1,1,1,0.5,0.875,1,1,1,1,1,1,0.5,0,0.5,0.5,0.5,0.625,0.5,0.666666666666667,0.6,0.588888888888889,0.333333333333333,0.571428571428571,0.571428571428571,0.492063492063492,0,0,0,0,83.3333333333333,36.031746031746,0,0,1,0,"Metro","Epic",1,2.3223572
"6880007",2025,1,1,1,0.5,0.875,1,1,1,1,1,1,0.5,0,0.5,0.5,0.5,0.625,0.5,0.666666666666667,0.6,0.588888888888889,0.333333333333333,0.571428571428571,0.571428571428571,0.492063492063492,0,0,0,0,83.3333333333333,36.031746031746,0,1,0,0,"Metro","Meditech",1,1.8773825
"6880008",2025,1,1,1,0.5,0.875,1,1,1,1,1,1,1,1,1,1,1,1,0.5,0.5,0.5,0.5,0.666666666666667,1,0.857142857142857,0.841269841269841,0,0,0,0,95.8333333333333,44.7089947089947,0,1,0,0,"Metro","Cerner",1,1.4752485
"6880013",2025,1,1,1,0.5,0.875,1,1,1,1,1,1,0.5,0,0.5,0.5,0.5,0.625,0.5,0.666666666666667,0.6,0.588888888888889,0.333333333333333,0.571428571428571,0.571428571428571,0.492063492063492,0,0,0,0,83.3333333333333,36.031746031746,0,1,0,0,"Metro","Meditech",1,1.8773825
"6880025",2025,1,1,1,1,1,0.5,0.5,0.5,1,0.5,1,0.5,1,0,1,0,0.625,0.5,0.333333333333333,0.4,0.411111111111111,0.333333333333333,0.571428571428571,0.428571428571429,0.444444444444444,0,0,0,0,70.8333333333333,28.5185185185185,0,1,0,0,"Metro","Epic",NA,1.9957703
"6880029",2025,0,1,1,0.5,0.625,0.5,1,0.75,0.5,0.5,0.5,0.5,0.5,0.5,0.5,0.5,0.5,0.333333333333333,0.333333333333333,0.6,0.422222222222222,0,0.571428571428571,0.428571428571429,0.333333333333333,1,0,1,0.666666666666667,62.5,47.4074074074074,0,0,1,1,"Metro","MEDHOST",1,2.1363182
"6880032",2025,1,1,1,0.5,0.875,1,1,1,1,1,1,1,1,1,1,1,1,0.5,0.5,0.5,0.5,0.666666666666667,1,0.857142857142857,0.841269841269841,0,0,0,0,95.8333333333333,44.7089947089947,0,1,0,0,"Metro","Cerner",1,1.6517192
"6880040",2025,1,1,1,1,1,0.5,0.5,0.5,0.5,0.5,1,0.5,0,0,0,0,0.3125,0.833333333333333,0.5,0.4,0.577777777777778,0.166666666666667,0.428571428571429,0.285714285714286,0.293650793650794,1,1,0,0.666666666666667,60.4166666666667,51.2698412698413,0,0,1,0,"Micro","MEDHOST",1,2.2889924
"6880055",2025,1,0.5,0.5,0.5,0.625,1,0.5,0.75,0.5,0.5,0.5,0,0,0,0,0,0.1875,0.333333333333333,0.666666666666667,0.4,0.466666666666667,0.5,0,0,0.166666666666667,0,0,0,0,52.0833333333333,21.1111111111111,0,0,1,1,"Rural","Athenahealth",NA,2.6835818
"6880060",2025,1,1,1,0.5,0.875,1,1,1,1,1,1,1,1,1,1,1,1,0.5,0.5,0.5,0.5,0.666666666666667,1,0.857142857142857,0.841269841269841,0,0,0,0,95.8333333333333,44.7089947089947,0,0,1,0,"Metro","Cerner",1,2.3223572
"6880069",2025,1,1,1,0.5,0.875,1,1,1,1,1,1,0.5,0,0.5,0.5,0.5,0.625,0.5,0.666666666666667,0.6,0.588888888888889,0.333333333333333,0.571428571428571,0.571428571428571,0.492063492063492,0,0,0,0,83.3333333333333,36.031746031746,1,0,0,0,"Metro","Meditech",1,1.9367526
"6880071",2025,1,1,1,0,0.75,0.5,0.5,0.5,0,0,0,0,0.5,0,0,0,0.0625,0.333333333333333,0,0.3,0.211111111111111,0.666666666666667,0.428571428571429,0.142857142857143,0.412698412698413,0,0,0,0,43.75,20.7936507936508,1,0,0,0,"Metro","Epic",NA,1.8329666
"6880110",2025,0,0.5,0.5,0,0.25,0.5,0,0.25,0,0,0,0.5,0,0,0,0,0.0625,0.5,0.666666666666667,1,0.722222222222222,0,0,0,0,0,0,0,0,18.75,24.0740740740741,0,1,0,0,"Metro","Epic",1,1.8773825
"6880200",2025,1,1,0.5,0,0.625,0.5,0.5,0.5,0.5,0.5,0.5,0.5,0.5,0.5,0.5,0.5,0.5,0.333333333333333,0.166666666666667,0.4,0.3,0.166666666666667,0.428571428571429,0,0.198412698412698,1,1,0,0.666666666666667,54.1666666666667,38.8359788359788,0,0,1,1,"Metro","Epic",1,1.9592744
"6880458",2025,1,1,1,0.5,0.875,1,1,1,1,1,1,1,1,1,1,1,1,0.5,0.5,0.5,0.5,0.666666666666667,1,0.857142857142857,0.841269841269841,0,0,0,0,95.8333333333333,44.7089947089947,0,0,1,0,"Metro","Cerner",1,2.3223572
"6889060",2025,0,0.5,0.5,0,0.25,0.5,0,0.25,0,0,0,0.5,0,0,0,0,0.0625,0.5,0.666666666666667,1,0.722222222222222,0,0,0,0,0,0,0,0,18.75,24.0740740740741,0,1,0,0,"Metro","Epic",1,2.021028
"6910003",2025,1,1,1,0.5,0.875,1,1,1,1,1,1,1,1,1,1,1,1,0.5,0.5,0.5,0.5,0.666666666666667,1,0.857142857142857,0.841269841269841,0,0,0,0,95.8333333333333,44.7089947089947,0,1,0,0,"Metro","Epic",1,1.7584192
"6910004",2025,1,1,1,0,0.75,1,1,1,1,1,1,1,1,1,1,1,1,0.833333333333333,0.5,0.7,0.677777777777778,0.833333333333333,0.857142857142857,0.857142857142857,0.849206349206349,0,0,0,0,91.6666666666667,50.8994708994709,1,0,0,0,"Metro","Epic",1,1.5074072
"6910006",2025,1,1,1,0,0.75,1,1,1,1,1,1,1,1,1,1,1,1,1,0.5,0.4,0.633333333333333,0.833333333333333,0.857142857142857,0.857142857142857,0.849206349206349,0,0,0,0,91.6666666666667,49.4179894179894,1,0,0,0,"Metro","Epic",1,1.6958193
"6910014",2025,1,1,1,0.5,0.875,1,1,1,1,1,1,1,1,1,1,1,1,0.5,0.5,0.5,0.5,0.666666666666667,1,0.857142857142857,0.841269841269841,0,0,0,0,95.8333333333333,44.7089947089947,0,1,0,0,"Metro","Epic",1,1.6517192
"6910035",2025,0.5,1,0.5,0,0.5,0.5,0.5,0.5,1,0.5,1,0,0.5,0,0.5,0,0.4375,0.666666666666667,0.333333333333333,0.5,0.5,0.166666666666667,0.142857142857143,0,0.103174603174603,0,0,0,0,47.9166666666667,20.1058201058201,0,0,1,0,"Metro","Meditech",NA,2.7271605
"6910050",2025,1,1,1,1,1,1,0.5,0.75,1,1,1,1,1,1,1,1,1,1,1,1,1,1,0.857142857142857,1,0.952380952380952,1,1,1,1,91.6666666666667,98.4126984126984,0,1,0,0,"Metro","Epic",1,1.6517192
"6910115",2025,1,1,1,0.5,0.875,1,1,1,1,1,1,1,1,1,1,1,1,0.5,0.5,0.5,0.5,0.666666666666667,1,0.857142857142857,0.841269841269841,0,0,0,0,95.8333333333333,44.7089947089947,0,1,0,0,"Metro","Epic",1,1.6517192
"6910123",2025,1,0.5,1,1,0.875,0.5,0.5,0.5,1,1,1,1,1,0,0,0,0.625,0.333333333333333,0.166666666666667,0.5,0.333333333333333,0.166666666666667,0.142857142857143,0.285714285714286,0.198412698412698,0,0,0,0,66.6666666666667,17.7248677248677,0,0,1,1,"Rural","CPSI/Evident",NA,2.6835818
"6910125",2025,1,1,1,0,0.75,1,1,1,1,1,1,1,1,1,1,1,1,0.833333333333333,0.5,0.7,0.677777777777778,0.833333333333333,0.857142857142857,0.857142857142857,0.849206349206349,0,0,0,0,91.6666666666667,50.8994708994709,0,1,0,0,"Micro","Epic",1,1.6352754
"6910165",2025,1,1,1,0,0.75,0,0,0,1,1,1,1,1,1,1,1,1,0.5,1,0.9,0.8,0.166666666666667,0.285714285714286,0.285714285714286,0.246031746031746,0,0,0,0,58.3333333333333,34.8677248677249,0,0,1,1,"Metro","Meditech",NA,2.7685204
"6910190",2025,0.5,0.5,0.5,1,0.625,0.5,0.5,0.5,1,0.5,1,0.5,0.5,0.5,1,0.5,0.6875,0.666666666666667,0.666666666666667,0.9,0.744444444444444,0,0,0,0,1,1,1,1,60.4166666666667,58.1481481481482,0,0,1,1,"Micro","Epic",NA,2.6835818
"6910235",2025,0.5,0.5,0.5,0.5,0.5,0.5,0.5,0.5,1,0,0.5,0,0.5,0,0,0,0.25,0.833333333333333,1,0.8,0.877777777777778,0,0,0,0,0,0,0,0,41.6666666666667,29.2592592592593,0,0,1,1,"Micro","Cerner",NA,2.4467235
"6910273",2025,1,1,1,0.5,0.875,1,1,1,1,1,1,1,1,1,1,1,1,0.5,0.5,0.5,0.5,0.666666666666667,1,0.857142857142857,0.841269841269841,0,0,0,0,95.8333333333333,44.7089947089947,0,0,1,1,"Metro","Epic",1,1.9822462
"6910275",2025,1,1,1,1,1,1,1,1,1,1,1,1,0.5,1,0.5,0.5,0.8125,0.5,0.5,0.1,0.366666666666667,1,0.714285714285714,0.857142857142857,0.857142857142857,0,0,0,0,93.75,40.7936507936508,0,0,1,1,"Micro","Epic",NA,2.6835818
"6910318",2025,1,1,1,1,1,0.5,0.5,0.5,1,0,1,0,0,0,0,0,0.25,1,0.5,0.2,0.566666666666667,0.5,0.285714285714286,0.285714285714286,0.357142857142857,0,0,0,0,58.3333333333333,30.7936507936508,0,0,1,1,"Rural","Epic",NA,2.4467235
"6910325",2025,1,1,1,1,1,0.5,0.5,0.5,0.5,0.5,1,0.5,0,0,0,0,0.3125,0.833333333333333,0.5,0.4,0.577777777777778,0.166666666666667,0.428571428571429,0.285714285714286,0.293650793650794,0,1,0,0.333333333333333,60.4166666666667,40.1587301587302,0,1,0,0,"Metro","Altera Digital Health",1,1.8773825
"6910335",2025,1,1,1,0.5,0.875,1,1,1,1,1,1,0.5,0.5,0,0,0,0.5,0.166666666666667,0.333333333333333,0.1,0.2,0.5,0.714285714285714,0.285714285714286,0.5,0,0,0,0,79.1666666666667,23.3333333333333,0,1,0,0,"Metro","Epic",NA,2.1459692
"6910400",2025,1,1,1,0.5,0.875,1,1,1,1,1,1,0.5,0.5,0,0,0,0.5,0.166666666666667,0.333333333333333,0.1,0.2,0.5,0.714285714285714,0.285714285714286,0.5,0,0,0,0,79.1666666666667,23.3333333333333,0,0,1,0,"Metro","Epic",NA,2.7271605
"6910403",2025,1,1,0,0,0.5,0,0,0,1,1,1,1,1,1,1,1,1,0.5,0.5,0.6,0.533333333333333,0.5,0.428571428571429,0,0.30952380952381,0,0,1,0.333333333333333,50,39.2063492063492,0,0,1,0,"Micro","Epic",NA,2.6835818
"6910450",2025,1,1,1,0,0.75,1,1,1,1,1,1,1,1,1,1,1,1,0.833333333333333,0.5,0.8,0.711111111111111,0.833333333333333,0.857142857142857,0.857142857142857,0.849206349206349,0,0,0,0,91.6666666666667,52.010582010582,0,1,0,0,"Metro","Epic",1,1.4752485
"6910460",2025,1,1,1,1,1,0.5,0.5,0.5,0.5,0.5,1,0.5,0,0,0,0,0.3125,0.833333333333333,0.5,0.4,0.577777777777778,0.166666666666667,0.428571428571429,0.285714285714286,0.293650793650794,0,1,0,0.333333333333333,60.4166666666667,40.1587301587302,0,0,1,1,"Metro","Meditech",1,2.1363182
"6910520",2025,1,1,1,1,1,1,1,1,0.5,0,0.5,0,0.5,0,0.5,0,0.25,0.166666666666667,0.166666666666667,0.4,0.244444444444444,0.166666666666667,0.285714285714286,0.142857142857143,0.198412698412698,0,0,0,0,75,14.7619047619048,0,1,0,0,"Metro","Epic",1,1.6364776
"6910560",2025,1,1,1,1,1,1,1,1,0.5,1,0,0.5,0,0.5,0,0.5,0.375,0.666666666666667,0.5,0.6,0.588888888888889,0.833333333333333,0.428571428571429,0.285714285714286,0.515873015873016,1,1,1,1,79.1666666666667,70.1587301587302,0,1,0,0,"Metro","Epic",NA,2.1734114
"6910610",2025,1,1,1,1,1,1,1,1,1,1,1,1,0.5,0,0.5,0,0.625,0.833333333333333,0.666666666666667,0.3,0.6,0.5,0.428571428571429,0.285714285714286,0.404761904761905,0,0,0,0,87.5,33.4920634920635,1,0,0,0,"Metro","Epic",1,1.4626343
"6910680",2025,1,1,1,0,0.75,1,1,1,1,1,1,1,1,1,1,1,1,0.833333333333333,0.5,0.7,0.677777777777778,0.833333333333333,0.857142857142857,0.857142857142857,0.849206349206349,0,0,0,0,91.6666666666667,50.8994708994709,0,1,0,0,"Metro","Epic",1,1.4752485
"6910750",2025,1,1,1,1,1,1,1,1,1,1,1,1,0.5,0,0.5,0,0.625,0.833333333333333,0.666666666666667,0.3,0.6,0.5,0.428571428571429,0.285714285714286,0.404761904761905,0,0,0,0,87.5,33.4920634920635,1,0,0,0,"Metro","Epic",1,1.4626343
"6910780",2025,1,1,1,0.5,0.875,1,1,1,1,1,1,1,1,1,1,1,1,0.5,0.5,0.5,0.5,0.666666666666667,1,0.857142857142857,0.841269841269841,0,0,0,0,95.8333333333333,44.7089947089947,0,1,0,0,"Metro","Cerner",1,1.6517192
"6910807",2025,1,1,1,0,0.75,1,1,1,1,1,1,1,1,1,1,1,1,0.833333333333333,0.5,0.7,0.677777777777778,0.833333333333333,0.857142857142857,0.857142857142857,0.849206349206349,0,0,0,0,91.6666666666667,50.8994708994709,0,1,0,0,"Metro","Epic",1,1.4752485
"6910830",2025,1,0.5,0.5,0.5,0.625,1,1,1,0.5,1,0.5,1,0.5,0.5,0.5,0,0.5625,0.5,0.666666666666667,0.9,0.688888888888889,0.666666666666667,0,0.285714285714286,0.317460317460317,0,0,0,0,72.9166666666667,33.5449735449735,0,0,1,1,"Micro","Cerner",NA,2.6835818
"6911027",2025,1,1,1,0.5,0.875,1,1,1,1,1,1,1,1,1,1,1,1,0.5,0.5,0.5,0.5,0.666666666666667,1,0.857142857142857,0.841269841269841,0,0,0,0,95.8333333333333,44.7089947089947,0,1,0,0,"Metro","Epic",1,1.6517192
"6911060",2025,1,1,1,0.5,0.875,1,1,1,1,1,1,1,1,1,1,1,1,0.5,0.5,0.5,0.5,0.666666666666667,1,0.857142857142857,0.841269841269841,0,0,0,0,95.8333333333333,44.7089947089947,0,1,0,0,"Metro","Epic",1,1.4752485
"6918055",2025,1,1,1,0.5,0.875,1,1,1,1,1,1,1,1,1,1,1,1,0.5,0.5,0.5,0.5,0.666666666666667,1,0.857142857142857,0.841269841269841,0,0,0,0,95.8333333333333,44.7089947089947,0,1,0,0,"Metro","Epic",1,1.6517192
"6919030",2025,0,0,0,0,0,0,0,0,0,0,0,0,0,0,0,0,0,0.5,0.5,0.7,0.566666666666667,0,0,0,0,0,0,1,0.333333333333333,0,30,0,0,1,1,"Micro","Cerner",NA,2.6835818
"6919096",2025,1,1,1,0,0.75,1,1,1,1,1,1,1,1,1,1,1,1,0.833333333333333,0.5,0.7,0.677777777777778,0.833333333333333,0.857142857142857,0.857142857142857,0.849206349206349,0,0,0,0,91.6666666666667,50.8994708994709,0,1,0,0,"Metro","Epic",1,1.6517192
"6920010",2025,1,1,1,1,1,1,0.5,0.75,1,0.5,1,0.5,0.5,0,0.5,0,0.5,1,0.5,0.8,0.766666666666667,0.5,0.571428571428571,0.285714285714286,0.452380952380952,0,0,1,0.333333333333333,75,51.7460317460317,0,0,1,0,"Metro","Epic",1,1.8440566
"6920075",2025,1,1,0.5,0.5,0.75,0.5,0.5,0.5,0.5,0.5,0.5,0,0,0,0,0,0.1875,0.5,0.5,0.5,0.5,0.166666666666667,0.142857142857143,0,0.103174603174603,0,0,0,0,47.9166666666667,20.1058201058201,0,0,1,1,"Rural","Epic",NA,2.6835818
"6920110",2025,1,1,1,1,1,1,0.5,0.75,1,0.5,1,0.5,0.5,0,0.5,0,0.5,1,0.5,0.8,0.766666666666667,0.5,0.571428571428571,0.285714285714286,0.452380952380952,0,0,1,0.333333333333333,75,51.7460317460317,0,1,0,0,"Metro","Epic",1,1.4752485
"6920165",2025,1,0.5,1,0.5,0.75,1,1,1,0.5,0.5,0.5,0.5,0,0,0,0,0.25,0.333333333333333,0.5,0.3,0.377777777777778,0.166666666666667,0,0.142857142857143,0.103174603174603,0,0,0,0,66.6666666666667,16.031746031746,0,0,1,1,"Micro","Epic",NA,2.6835818
"6920172",2025,1,1,0.5,1,0.875,0,0.5,0.25,0.5,0.5,0.5,0.5,0,0.5,0,0.5,0.375,0.5,0.5,0.6,0.533333333333333,0.333333333333333,0.142857142857143,0,0.158730158730159,0,0,0,0,50,23.0687830687831,0,0,1,1,"Micro","Cerner",NA,2.6835818
"6920175",2025,1,1,0,0,0.5,0,0,0,0.5,0,0,0,0,0,0,0,0.0625,0,0,0,0,0.666666666666667,0.285714285714286,0,0.317460317460317,0,0,0,0,18.75,10.5820105820106,0,0,1,1,"Micro","Epic",NA,2.7238984
"6920195",2025,0.5,0.5,0.5,0,0.375,0.5,1,0.75,0.5,0.5,0.5,0.5,0,0,0,0,0.25,0.666666666666667,0.666666666666667,0.8,0.711111111111111,0.166666666666667,0,0,0.0555555555555556,0,0,0,0,45.8333333333333,25.5555555555556,0,0,1,1,"Rural","Cerner",NA,2.4467235
"6920210",2025,1,1,1,1,1,1,1,1,1,0.5,0.5,0.5,0.5,0,0,0,0.375,0.833333333333333,0.666666666666667,0.3,0.6,0.5,0.142857142857143,0.142857142857143,0.261904761904762,0,0,0,0,79.1666666666667,28.7301587301587,0,0,1,1,"Micro","Epic",NA,2.2571056
"6920241",2025,1,1,1,1,1,1,0.5,0.75,1,0.5,1,0.5,0.5,0,0.5,0,0.5,1,0.5,0.8,0.766666666666667,0.5,0.571428571428571,0.285714285714286,0.452380952380952,0,0,1,0.333333333333333,75,51.7460317460317,0,0,1,1,"Metro","Epic",1,1.8440566
"6920243",2025,1,1,1,1,1,1,0.5,0.75,1,0.5,1,0.5,0.5,0,0.5,0,0.5,1,0.5,0.8,0.766666666666667,0.5,0.571428571428571,0.285714285714286,0.452380952380952,0,0,1,0.333333333333333,75,51.7460317460317,0,0,1,1,"Micro","Epic",1,1.8227599
"6920270",2025,1,1,1,1,1,0.5,0.5,0.5,0.5,0.5,1,0.5,0,0,0,0,0.3125,0.833333333333333,0.5,0.4,0.577777777777778,0.166666666666667,0.428571428571429,0.285714285714286,0.293650793650794,0,1,0,0.333333333333333,60.4166666666667,40.1587301587302,0,0,1,0,"Metro","Meditech",1,2.3223572
"6920325",2025,1,1,1,1,1,1,0.5,0.75,1,0.5,1,0.5,0.5,0,0.5,0,0.5,1,0.5,0.8,0.766666666666667,0.5,0.571428571428571,0.285714285714286,0.452380952380952,0,0,1,0.333333333333333,75,51.7460317460317,0,0,1,1,"Micro","Epic",1,1.8227599
"6920380",2025,1,1,1,0.5,0.875,1,1,1,1,1,1,1,1,1,1,1,1,0.5,0.5,0.5,0.5,0.666666666666667,1,0.857142857142857,0.841269841269841,0,0,0,0,95.8333333333333,44.7089947089947,0,0,1,1,"Micro","Meditech",1,1.9574628
"6920510",2025,1,1,1,0,0.75,1,0,0.5,0,0.5,0.5,0,0.5,0,0,0,0.1875,0.666666666666667,0.333333333333333,0.2,0.4,0.166666666666667,0.285714285714286,0.285714285714286,0.246031746031746,0,0,1,0.333333333333333,47.9166666666667,32.6455026455026,0,1,0,0,"Metro","Epic",1,1.4752485
"6920614",2025,0.5,1,0.5,0,0.5,0.5,0.5,0.5,0.5,0.5,0.5,0.5,0.5,0.5,0.5,0.5,0.5,0.833333333333333,0.333333333333333,0.5,0.555555555555556,0.333333333333333,0.142857142857143,0.142857142857143,0.206349206349206,0,0,1,0.333333333333333,50,36.5079365079365,0,0,1,1,"Micro","Meditech",NA,2.6835818
"6920620",2025,1,1,1,0.5,0.875,1,1,1,1,1,1,1,1,1,1,1,1,0.5,0.5,0.5,0.5,0.666666666666667,1,0.857142857142857,0.841269841269841,0,0,0,0,95.8333333333333,44.7089947089947,0,1,0,0,"Micro","Meditech",1,1.6352754
"6920770",2025,1,1,1,0,0.75,0.5,0.5,0.5,0,0,1,1,0.5,1,0.5,0.5,0.5625,0.333333333333333,0.666666666666667,0.3,0.433333333333333,0.833333333333333,0.714285714285714,0.428571428571429,0.658730158730159,0,0,0,0,60.4166666666667,36.4021164021164,0,0,1,0,"Micro","Epic",1,1.9574628
"6920780",2025,1,1,1,1,1,1,1,1,1,1,1,1,0,0.5,0,0,0.5625,0.333333333333333,0.5,0.4,0.411111111111111,0.5,0.571428571428571,0.285714285714286,0.452380952380952,0,0,0,0,85.4166666666667,28.7830687830688,0,0,1,1,"Rural","Cerner",1,1.9574628
"6930007",2025,1,1,1,1,1,1,1,1,1,1,1,1,0,0.5,0,0,0.5625,0.333333333333333,0.5,0.4,0.411111111111111,0.5,0.571428571428571,0.285714285714286,0.452380952380952,0,0,0,0,85.4166666666667,28.7830687830688,0,0,1,0,"Metro","Cerner",1,1.8440566
"6930008",2025,1,1,1,0.5,0.875,1,1,1,1,1,1,1,1,1,1,1,1,0.5,0.5,0.5,0.5,0.666666666666667,1,0.857142857142857,0.841269841269841,0,0,0,0,95.8333333333333,44.7089947089947,0,1,0,0,"Metro","Cerner",1,1.6517192
"6930030",2025,1,1,1,1,1,1,1,1,1,1,1,1,0.5,0.5,1,0.5,0.8125,0.666666666666667,0.5,0.5,0.555555555555555,0.5,0.285714285714286,0.285714285714286,0.357142857142857,0,0,0,0,93.75,30.4232804232804,0,1,0,0,"Metro","Epic",1,1.6364776
"6930031",2025,1,1,1,1,1,1,1,1,1,1,1,1,1,0.5,1,0,0.8125,0.833333333333333,0.5,0.5,0.611111111111111,0.166666666666667,0.571428571428571,0.285714285714286,0.341269841269841,1,0,1,0.666666666666667,93.75,53.968253968254,0,1,0,0,"Metro","Epic",1,1.4752485
"6930032",2025,1,1,1,1,1,1,1,1,1,1,1,1,1,0.5,1,0,0.8125,0.833333333333333,0.5,0.5,0.611111111111111,0.166666666666667,0.571428571428571,0.285714285714286,0.341269841269841,1,0,1,0.666666666666667,93.75,53.968253968254,0,1,0,0,"Metro","Epic",1,1.4436897
"6930037",2025,1,1,1,0.5,0.875,1,1,1,1,1,1,1,1,1,1,1,1,0.5,0.5,0.5,0.5,0.666666666666667,1,0.857142857142857,0.841269841269841,0,0,0,0,95.8333333333333,44.7089947089947,0,1,0,0,"Metro","Cerner",1,1.4752485
"6930040",2025,1,1,1,1,1,1,1,1,1,1,1,1,0.5,0,0.5,0,0.625,0.5,0.166666666666667,0.5,0.388888888888889,0.333333333333333,1,0.428571428571429,0.587301587301587,0,0,0,0,87.5,32.5396825396825,0,1,0,0,"Metro","Epic",1,1.6517192
"6930042",2025,1,0.5,0.5,1,0.75,0.5,0.5,0.5,1,0,1,0,1,0,1,0,0.5,0.833333333333333,1,0.7,0.844444444444444,0.166666666666667,0,0,0.0555555555555556,0,0,0,0,58.3333333333333,30,1,0,0,0,"Metro","Cerner",1,1.4737129
"6930047",2025,1,1,1,0,0.75,0.5,0.5,0.5,0.5,0,0.5,0,0.5,0,0.5,0,0.25,0.333333333333333,0.666666666666667,0.4,0.466666666666667,0.166666666666667,0.142857142857143,0.142857142857143,0.150793650793651,0,0,0,0,50,20.5820105820106,0,0,1,0,"Metro","Altera Digital Health",1,1.6155051
"6930049",2025,0,0.5,0.5,0,0.25,0.5,0,0.25,0,0,0,0.5,0,0,0,0,0.0625,0.5,0.666666666666667,1,0.722222222222222,0,0,0,0,0,0,0,0,18.75,24.0740740740741,0,1,0,0,"Metro","Meditech",1,1.8773825
"6930051",2025,1,1,1,1,1,1,1,1,1,1,1,1,0.5,0,0.5,0,0.625,0.5,0.166666666666667,0.5,0.388888888888889,0.333333333333333,1,0.428571428571429,0.587301587301587,0,0,0,0,87.5,32.5396825396825,1,0,0,0,"Metro","Epic",1,1.4737129
"6930052",2025,1,1,1,1,1,1,1,1,1,1,1,1,0.5,0,0.5,0,0.625,0.5,0.166666666666667,0.5,0.388888888888889,0.333333333333333,1,0.428571428571429,0.587301587301587,0,0,0,0,87.5,32.5396825396825,0,1,0,0,"Metro","Epic",1,1.6517192
"6930053",2025,1,1,1,1,1,0.5,0.5,0.5,0.5,0.5,0.5,0.5,0,0,0,0,0.25,0.333333333333333,0.333333333333333,0.4,0.355555555555556,0.666666666666667,0.428571428571429,0.428571428571429,0.507936507936508,0,0,0,0,58.3333333333333,28.7830687830688,1,0,0,0,"Metro","Epic",1,1.4737129
"6930067",2025,1,1,1,1,1,1,1,1,1,1,1,1,0.5,0,0.5,0,0.625,0.5,0.166666666666667,0.5,0.388888888888889,0.333333333333333,1,0.428571428571429,0.587301587301587,0,0,0,0,87.5,32.5396825396825,0,1,0,0,"Metro","Epic",1,1.6084419
"6930073",2025,1,1,1,1,1,1,1,1,1,1,1,1,1,0.5,1,0,0.8125,0.833333333333333,0.5,0.5,0.611111111111111,0.166666666666667,0.571428571428571,0.285714285714286,0.341269841269841,1,0,1,0.666666666666667,93.75,53.968253968254,1,0,0,0,"Metro","Epic",1,1.5074072
"6930075",2025,1,1,1,1,1,1,1,1,1,1,1,1,0.5,0,0.5,0,0.625,0.5,0.166666666666667,0.5,0.388888888888889,0.333333333333333,1,0.428571428571429,0.587301587301587,0,0,0,0,87.5,32.5396825396825,1,0,0,0,"Metro","Epic",1,1.6958193
"6930076",2025,1,1,1,0.5,0.875,1,1,1,1,1,1,0.5,0,0.5,0.5,0.5,0.625,0.5,0.666666666666667,0.6,0.588888888888889,0.333333333333333,0.571428571428571,0.571428571428571,0.492063492063492,0,0,0,0,83.3333333333333,36.031746031746,0,1,0,0,"Metro","Meditech",1,2.021028
"6930077",2025,1,1,1,1,1,1,1,1,1,1,1,1,1,0.5,1,0,0.8125,0.833333333333333,0.5,0.5,0.611111111111111,0.166666666666667,0.571428571428571,0.285714285714286,0.341269841269841,1,0,1,0.666666666666667,93.75,53.968253968254,0,0,1,0,"Metro","Epic",1,1.9822462
"6930079",2025,1,1,1,0.5,0.875,1,1,1,1,1,1,1,1,1,1,1,1,0.5,0.5,0.5,0.5,0.666666666666667,1,0.857142857142857,0.841269841269841,0,0,0,0,95.8333333333333,44.7089947089947,0,1,0,0,"Metro","Cerner",1,1.4752485
"6930092",2025,1,1,1,1,1,1,1,1,1,1,1,1,1,0.5,1,0,0.8125,0.833333333333333,0.5,0.5,0.611111111111111,0.166666666666667,0.571428571428571,0.285714285714286,0.341269841269841,1,0,1,0.666666666666667,93.75,53.968253968254,0,1,0,0,"Metro","Epic",1,1.7584192
"6930093",2025,0,0.5,0.5,0,0.25,0.5,0,0.25,0,0,0,0.5,0,0,0,0,0.0625,0.5,0.666666666666667,1,0.722222222222222,0,0,0,0,0,0,0,0,18.75,24.0740740740741,0,1,0,0,"Metro","Epic",1,1.6398071
"6930095",2025,1,1,1,0,0.75,1,1,1,1,1,1,1,1,1,1,1,1,0.833333333333333,0.5,0.7,0.677777777777778,0.833333333333333,0.857142857142857,0.857142857142857,0.849206349206349,0,0,0,0,91.6666666666667,50.8994708994709,0,1,0,0,"Metro","Epic",1,1.4752485
"6930096",2025,1,1,1,1,1,1,1,1,1,0.5,0.5,0.5,0.5,0,0,0,0.375,0.833333333333333,0.666666666666667,0.9,0.8,0.666666666666667,0.857142857142857,0.714285714285714,0.746031746031746,0,0,0,0,79.1666666666667,51.5343915343915,0,1,0,0,"Metro","Epic",NA,1.8556782
"6930098",2025,1,1,1,1,1,1,1,1,1,1,1,1,0.5,0,0.5,0,0.625,0.5,0.166666666666667,0.5,0.388888888888889,0.333333333333333,1,0.428571428571429,0.587301587301587,0,0,0,0,87.5,32.5396825396825,0,1,0,0,"Metro","Epic",1,1.6517192
"6930102",2025,1,1,1,0.5,0.875,1,1,1,1,1,1,1,1,1,1,1,1,0.5,0.5,0.5,0.5,0.666666666666667,1,0.857142857142857,0.841269841269841,0,0,0,0,95.8333333333333,44.7089947089947,0,1,0,0,"Metro","Cerner",1,1.6517192
"6930104",2025,1,1,1,1,1,0.5,0.5,0.5,0.5,0.5,0.5,0.5,0.5,0.5,0.5,0.5,0.5,0.166666666666667,0.333333333333333,0,0.166666666666667,0.833333333333333,0.714285714285714,0.142857142857143,0.563492063492063,0,0,0,0,66.6666666666667,24.3386243386243,0,1,0,0,"Metro","Azalea Health/Prognosis",NA,2.838347
"6930106",2025,1,1,1,0,0.75,1,1,1,1,1,1,1,1,1,1,1,1,0.833333333333333,0.5,0.7,0.677777777777778,0.833333333333333,0.857142857142857,0.857142857142857,0.849206349206349,0,0,0,0,91.6666666666667,50.8994708994709,0,1,0,0,"Micro","Epic",1,1.4632572
"6930109",2025,1,1,1,0,0.75,1,1,1,1,1,1,1,1,1,1,1,1,0.833333333333333,0.5,0.7,0.677777777777778,0.833333333333333,0.857142857142857,0.857142857142857,0.849206349206349,0,0,0,0,91.6666666666667,50.8994708994709,0,1,0,0,"Metro","Epic",1,1.5530564
"6930117",2025,0,0,0,0,0,0,0,0,0.5,0,0,0,0,0,0,0,0.0625,0,0,0,0,0,0,0,0,0,0,0,0,2.08333333333333,0,0,0,1,0,"Metro","Other",1,2.3223572
"6930119",2025,1,1,1,1,1,1,1,1,1,1,1,1,0,0,0,0,0.5,0.5,0.5,0.4,0.466666666666667,0.666666666666667,0.571428571428571,0.571428571428571,0.603174603174603,0,0,0,0,83.3333333333333,35.6613756613757,0,1,0,0,"Metro","Epic",1,1.7584192
"6930130",2025,1,1,1,0.5,0.875,1,1,1,1,1,1,1,1,1,1,1,1,0.5,0.5,0.5,0.5,0.666666666666667,1,0.857142857142857,0.841269841269841,0,0,0,0,95.8333333333333,44.7089947089947,0,1,0,0,"Metro","Cerner",1,1.6517192
"6930133",2025,1,1,1,1,1,1,1,1,1,1,1,1,1,0.5,1,0,0.8125,0.833333333333333,0.5,0.5,0.611111111111111,0.166666666666667,0.571428571428571,0.285714285714286,0.341269841269841,1,0,1,0.666666666666667,93.75,53.968253968254,0,1,0,0,"Metro","Epic",1,1.6517192
"6930159",2025,1,1,1,1,1,1,1,1,1,1,1,1,1,0.5,1,0,0.8125,0.833333333333333,0.5,0.5,0.611111111111111,0.166666666666667,0.571428571428571,0.285714285714286,0.341269841269841,1,0,1,0.666666666666667,93.75,53.968253968254,0,0,1,0,"Metro","Epic",1,1.6155051
"6930182",2025,1,0,0,0,0.25,0,0,0,0,0,1,0,1,0,1,0,0.375,0.666666666666667,0.5,1,0.722222222222222,0.333333333333333,0,0,0.111111111111111,0,0,0,0,20.8333333333333,27.7777777777778,0,0,1,1,"Metro","Athenahealth",NA,2.7685204
"6930190",2025,1,1,1,0.5,0.875,0.5,0.5,0.5,1,0.5,1,0.5,0,0,0,0,0.375,0.666666666666667,0.333333333333333,0.5,0.5,0.166666666666667,0.285714285714286,0.142857142857143,0.198412698412698,0,0,0,0,58.3333333333333,23.2804232804233,0,1,0,0,"Metro","Cerner",NA,2.1459692
"6930203",2025,0.5,0.5,0,0,0.25,0.5,0.5,0.5,0,0,0,0,0,0,0,0,0,0.333333333333333,0.5,0.2,0.344444444444444,0,0,0,0,1,1,1,1,25,44.8148148148148,0,0,1,0,"Metro","Cerner",NA,3.0459254
"6930206",2025,1,1,1,1,1,0.5,0.5,0.5,0.5,0.5,0.5,0.5,0,0,0,0,0.25,0.333333333333333,0.333333333333333,0.4,0.355555555555556,0.666666666666667,0.428571428571429,0.428571428571429,0.507936507936508,0,0,0,0,58.3333333333333,28.7830687830688,0,1,0,0,"Metro","Epic",1,1.4752485
"6930210",2025,1,1,1,1,1,1,1,1,1,1,1,1,0,0.5,0,0,0.5625,0.333333333333333,0.5,0.4,0.411111111111111,0.5,0.571428571428571,0.285714285714286,0.452380952380952,0,0,0,0,85.4166666666667,28.7830687830688,0,1,0,0,"Metro","Cerner",1,1.4752485
"6930243",2025,1,1,1,1,1,1,1,1,1,1,1,1,0.5,0,0.5,0,0.625,0.5,0.166666666666667,0.5,0.388888888888889,0.333333333333333,1,0.428571428571429,0.587301587301587,0,0,0,0,87.5,32.5396825396825,1,0,0,0,"Metro","Epic",1,1.6958193
"6930268",2025,1,1,1,1,1,1,1,1,1,1,1,1,0,0.5,0,0,0.5625,0.333333333333333,0.5,0.4,0.411111111111111,0.5,0.571428571428571,0.285714285714286,0.452380952380952,0,0,0,0,85.4166666666667,28.7830687830688,0,1,0,0,"Metro","Cerner",1,1.7584192
"6930274",2025,1,1,1,1,1,1,1,1,1,1,1,1,0,0.5,0,0,0.5625,0.333333333333333,0.5,0.4,0.411111111111111,0.5,0.571428571428571,0.285714285714286,0.452380952380952,0,0,0,0,85.4166666666667,28.7830687830688,0,1,0,0,"Metro","Cerner",1,1.6517192
"6930275",2025,1,1,1,1,1,1,1,1,1,1,1,1,0.5,0.5,1,0.5,0.8125,0.666666666666667,0.5,0.5,0.555555555555555,0.5,0.285714285714286,0.285714285714286,0.357142857142857,0,0,0,0,93.75,30.4232804232804,1,0,0,0,"Metro","Epic",1,1.6795462
"6930290",2025,1,1,1,1,1,1,1,1,1,1,1,1,1,0.5,1,0,0.8125,0.833333333333333,0.5,0.5,0.611111111111111,0.166666666666667,0.571428571428571,0.285714285714286,0.341269841269841,1,0,1,0.666666666666667,93.75,53.968253968254,1,0,0,0,"Metro","Epic",1,1.5074072
"6930315",2025,1,1,1,1,1,1,1,1,1,1,1,1,1,0.5,1,0,0.8125,0.833333333333333,0.5,0.5,0.611111111111111,0.166666666666667,0.571428571428571,0.285714285714286,0.341269841269841,1,0,1,0.666666666666667,93.75,53.968253968254,0,1,0,0,"Metro","Epic",1,1.6517192
"6930325",2025,1,1,0.5,1,0.875,1,1,1,1,0,1,0,1,0,1,0,0.5,0,0,0.1,0.0333333333333333,0.666666666666667,0.714285714285714,0,0.46031746031746,0,0,0,0,79.1666666666667,16.4550264550265,0,0,1,1,"Metro","Cerner",NA,2.7271605
"6930340",2025,1,1,1,0,0.75,1,1,1,1,1,1,1,1,1,1,1,1,0.833333333333333,0.5,0.7,0.677777777777778,0.833333333333333,0.857142857142857,0.857142857142857,0.849206349206349,0,0,0,0,91.6666666666667,50.8994708994709,0,1,0,0,"Metro","Epic",1,1.4752485
"6930376",2025,1,1,1,1,1,1,1,1,1,1,1,1,1,0.5,1,0,0.8125,0.833333333333333,0.5,0.5,0.611111111111111,0.166666666666667,0.571428571428571,0.285714285714286,0.341269841269841,1,0,1,0.666666666666667,93.75,53.968253968254,0,0,1,0,"Metro","Epic",1,1.9822462
"6930379",2025,1,1,1,1,1,1,1,1,1,1,1,1,0.5,0,0,0,0.5625,0.166666666666667,0,0,0.0555555555555556,0.333333333333333,0.285714285714286,0.285714285714286,0.301587301587302,0,0,0,0,85.4166666666667,11.9047619047619,0,1,0,0,"Metro","Epic",1,2.021028
"6930391",2025,0,1,0.5,0.5,0.5,0.5,0.5,0.5,0,0,0,0,0,0,0,0,0,0.5,0.833333333333333,0.2,0.511111111111111,0,0.285714285714286,0,0.0952380952380952,0,0,0,0,33.3333333333333,20.2116402116402,0,0,1,1,"Rural","Cerner",NA,2.6835818
"6930401",2025,0,0.5,0.5,0,0.25,0.5,0,0.25,0,0,0,0.5,0,0,0,0,0.0625,0.5,0.666666666666667,1,0.722222222222222,0,0,0,0,0,0,0,0,18.75,24.0740740740741,0,1,0,0,"Metro","Epic",1,1.8773825
"6930403",2025,1,1,1,0.5,0.875,1,0.5,0.75,1,1,1,1,0.5,0.5,0.5,0.5,0.75,0.833333333333333,0.666666666666667,0.2,0.566666666666667,0.166666666666667,0.285714285714286,0.285714285714286,0.246031746031746,0,0,0,0,79.1666666666667,27.0899470899471,0,1,0,0,"Metro","Cerner",NA,2.1734114
"6930405",2025,1,1,1,1,1,1,1,1,1,1,1,1,0,0,0,0,0.5,0.5,0.5,0.4,0.466666666666667,0.666666666666667,0.571428571428571,0.571428571428571,0.603174603174603,0,0,0,0,83.3333333333333,35.6613756613757,1,0,0,0,"Metro","Epic",1,1.5904801
"6930409",2025,1,1,1,1,1,0.5,0.5,0.5,0.5,0.5,0.5,0.5,0,0,0,0,0.25,0.333333333333333,0.333333333333333,0.4,0.355555555555556,0.666666666666667,0.428571428571429,0.428571428571429,0.507936507936508,0,0,0,0,58.3333333333333,28.7830687830688,0,1,0,0,"Metro","Epic",1,1.6517192
"6930413",2025,1,1,1,1,1,1,1,1,1,1,1,1,0.5,0,0.5,0,0.625,0.5,0.166666666666667,0.5,0.388888888888889,0.333333333333333,1,0.428571428571429,0.587301587301587,0,0,0,0,87.5,32.5396825396825,0,1,0,0,"Metro","Epic",1,1.6517192
"6930422",2025,1,1,1,1,1,1,1,1,1,1,1,1,0.5,0,0.5,0,0.625,0.5,0.166666666666667,0.5,0.388888888888889,0.333333333333333,1,0.428571428571429,0.587301587301587,0,0,0,0,87.5,32.5396825396825,0,1,0,0,"Metro","Epic",1,1.6517192
"6930425",2025,1,1,1,1,1,1,1,1,1,1,1,1,0,0.5,0,0,0.5625,0.333333333333333,0.5,0.4,0.411111111111111,0.5,0.571428571428571,0.285714285714286,0.452380952380952,0,0,0,0,85.4166666666667,28.7830687830688,0,0,1,1,"Micro","Cerner",1,1.9574628
"6930444",2025,1,1,1,1,1,1,1,1,1,1,0.5,0.5,0.5,0,0,0,0.4375,0.166666666666667,0.5,0.3,0.322222222222222,0.5,0.571428571428571,0.428571428571429,0.5,0,0,0,0,81.25,27.4074074074074,1,0,0,0,"Metro","Epic",1,1.4737129
"6930500",2025,1,1,1,1,1,1,1,1,1,1,1,1,0,0,0,0,0.5,0.5,0.5,0.4,0.466666666666667,0.666666666666667,0.571428571428571,0.571428571428571,0.603174603174603,0,0,0,0,83.3333333333333,35.6613756613757,0,1,0,0,"Metro","Epic",1,1.6517192
"6930520",2025,1,1,1,1,1,1,1,1,1,1,1,1,1,1,1,1,1,0.833333333333333,0.5,0.5,0.611111111111111,0.166666666666667,0.571428571428571,0.285714285714286,0.341269841269841,1,0,1,0.666666666666667,100,53.968253968254,0,0,1,0,"Micro","Epic",1,1.9574628
"6930548",2025,1,1,1,1,1,1,1,1,1,1,1,1,1,0.5,1,0,0.8125,0.833333333333333,0.5,0.5,0.611111111111111,0.166666666666667,0.571428571428571,0.285714285714286,0.341269841269841,1,0,1,0.666666666666667,93.75,53.968253968254,0,0,1,0,"Metro","Epic",1,1.8440566
"6930555",2025,1,1,1,1,1,1,1,1,1,1,1,1,0,0.5,0,0,0.5625,0.333333333333333,0.5,0.4,0.411111111111111,0.5,0.571428571428571,0.428571428571429,0.5,0,0,0,0,85.4166666666667,30.3703703703704,0,0,1,0,"Metro","Cerner",1,1.9822462
"6930590",2025,1,1,1,1,1,1,1,1,0,0.5,0,0.5,0,0,0,0,0.125,0.333333333333333,0.5,0.3,0.377777777777778,0.166666666666667,0.285714285714286,0.142857142857143,0.198412698412698,1,0,0,0.333333333333333,70.8333333333333,30.3174603174603,0,1,0,0,"Metro","Epic",1,1.6084419
"6930648",2025,1,1,1,1,1,1,1,1,0.5,1,0.5,1,0,0.5,0,0.5,0.5,0.5,0.666666666666667,0.6,0.588888888888889,0.166666666666667,0.428571428571429,0.285714285714286,0.293650793650794,0,0,0,0,83.3333333333333,29.4179894179894,0,1,0,0,"Metro","Epic",1,1.6517192
"6930651",2025,0,0.5,0.5,0,0.25,0.5,0,0.25,0,0,0,0.5,0,0,0,0,0.0625,0.5,0.666666666666667,1,0.722222222222222,0,0,0,0,0,0,0,0,18.75,24.0740740740741,0,0,1,0,"Metro","Meditech",1,1.9822462
"6930660",2025,0.5,0,0,0.5,0.25,0.5,0.5,0.5,0.5,0,0.5,0,0.5,0,0.5,0,0.25,0.5,0.5,0.5,0.5,0,0,0,0,0,0,0,0,33.3333333333333,16.6666666666667,0,1,0,0,"Metro","Cerner",1,1.4641339
"6930689",2025,1,1,0.5,1,0.875,0.5,0,0.25,1,0,1,0,1,0,1,0,0.5,0.5,0.666666666666667,0.3,0.488888888888889,0.333333333333333,0.285714285714286,0,0.206349206349206,0,0,0,0,54.1666666666667,23.1746031746032,0,1,0,0,"Metro","Meditech",1,1.4752485
"6930690",2025,0.5,0.5,0,1,0.5,0.5,0.5,0.5,0,0,0,0,0,0,0,0,0,0.333333333333333,0.5,0.5,0.444444444444444,0,0,0,0,0,0,0,0,33.3333333333333,14.8148148148148,0,1,0,0,"Metro","Cerner",1,1.8773825
"6930706",2025,1,1,1,1,1,0.5,1,0.75,1,1,1,0.5,0,0,0,0,0.4375,0.833333333333333,0.666666666666667,0.1,0.533333333333333,0.333333333333333,0.285714285714286,0.285714285714286,0.301587301587302,0,0,0,0,72.9166666666667,27.8306878306878,0,1,0,0,"Metro","Cerner",NA,2.1734114
"6930707",2025,1,1,1,1,1,1,1,1,1,1,1,1,0.5,0,0.5,0,0.625,0.5,0.166666666666667,0.5,0.388888888888889,0.333333333333333,1,0.428571428571429,0.587301587301587,0,0,0,0,87.5,32.5396825396825,0,1,0,0,"Metro","Epic",1,1.6517192
"6930734",2025,1,1,1,0.5,0.875,1,1,1,1,1,1,1,1,1,1,1,1,0.5,0.5,0.5,0.5,0.666666666666667,1,0.857142857142857,0.841269841269841,0,0,0,0,95.8333333333333,44.7089947089947,0,1,0,0,"Metro","Cerner",1,1.6517192
"6930737",2025,1,1,1,1,1,1,1,1,1,1,1,1,0.5,0,0.5,0,0.625,0.5,0.166666666666667,0.5,0.388888888888889,0.333333333333333,1,0.428571428571429,0.587301587301587,0,0,0,0,87.5,32.5396825396825,1,0,0,0,"Metro","Epic",1,1.5074072
"6930739",2025,1,0.5,0,0,0.375,0,0,0,0,0,0,0,0,0,0,0,0,0.5,0.5,0.5,0.5,0.166666666666667,0,0,0.0555555555555556,0,0,0,0,12.5,18.5185185185185,0,1,0,1,"Metro","Cerner",NA,2.3335879
"6930740",2025,1,1,1,1,1,1,1,1,1,1,1,1,0,0.5,0,0,0.5625,0.333333333333333,0.5,0.4,0.411111111111111,0.5,0.571428571428571,0.285714285714286,0.452380952380952,0,0,0,0,85.4166666666667,28.7830687830688,0,0,1,1,"Micro","Cerner",1,1.9574628
"6930745",2025,1,1,1,0,0.75,1,1,1,1,1,1,1,1,1,1,1,1,0.833333333333333,0.5,0.7,0.677777777777778,0.833333333333333,0.857142857142857,0.857142857142857,0.849206349206349,0,0,0,0,91.6666666666667,50.8994708994709,0,0,1,1,"Micro","Epic",1,1.6982034
"6930780",2025,1,1,1,0.5,0.875,1,1,1,1,1,1,1,1,1,1,1,1,0.5,0.5,0.5,0.5,0.666666666666667,1,0.857142857142857,0.841269841269841,0,0,0,0,95.8333333333333,44.7089947089947,0,1,0,0,"Metro","Cerner",NA,2.1459692
"6930790",2025,1,1,1,0,0.75,1,0.5,0.75,1,1,1,1,0,1,0,1,0.75,0.5,0.666666666666667,0.3,0.488888888888889,0.5,0.428571428571429,0.285714285714286,0.404761904761905,0,0,0,0,75,29.7883597883598,1,0,0,0,"Metro","Epic",1,1.4737129
"6930814",2025,1,1,1,0.5,0.875,0,0.5,0.25,1,0.5,1,0.5,1,0,0,0,0.5,0.833333333333333,0.833333333333333,0.4,0.688888888888889,1,0.857142857142857,0.285714285714286,0.714285714285714,0,0,0,0,54.1666666666667,46.7724867724868,0,1,0,0,"Metro","Epic",NA,2.0954914
"6930819",2025,1,0.5,0.5,1,0.75,1,0.5,0.75,0.5,0.5,0.5,0.5,0.5,0.5,0.5,0.5,0.5,0.5,0.5,0.6,0.533333333333333,0.333333333333333,0,0,0.111111111111111,1,1,1,1,66.6666666666667,54.8148148148148,0,0,1,1,"Micro","Epic",NA,2.6835818
"6930823",2025,1,1,1,0,0.75,1,1,1,1,1,1,1,1,1,1,1,1,0.833333333333333,0.5,0.7,0.677777777777778,0.833333333333333,0.857142857142857,0.857142857142857,0.849206349206349,0,0,0,0,91.6666666666667,50.8994708994709,0,1,0,0,"Metro","Epic",1,1.4752485
"6930830",2025,1,1,1,1,1,1,1,1,1,1,1,1,1,1,1,1,1,0.333333333333333,0.5,0.3,0.377777777777778,0.5,0.285714285714286,0.285714285714286,0.357142857142857,0,0,0,0,100,24.4973544973545,0,0,1,0,"Metro","Epic",1,1.6011106
"6930831",2025,1,1,1,1,1,1,1,1,1,1,1,1,0,0.5,0,0,0.5625,0.333333333333333,0.5,0.4,0.411111111111111,0.5,0.571428571428571,0.285714285714286,0.452380952380952,0,0,0,0,85.4166666666667,28.7830687830688,1,0,0,0,"Metro","Cerner",1,1.5074072
"6930833",2025,0,0.5,0.5,0,0.25,0.5,0,0.25,0,0,0,0.5,0,0,0,0,0.0625,0.5,0.666666666666667,1,0.722222222222222,0,0,0,0,0,0,0,0,18.75,24.0740740740741,0,0,1,0,"Metro","Epic",1,2.3223572
"6930835",2025,1,0.5,0.5,1,0.75,0.5,0.5,0.5,1,0,1,0,1,0,1,0,0.5,0.833333333333333,1,0.7,0.844444444444444,0.166666666666667,0,0,0.0555555555555556,0,0,0,0,58.3333333333333,30,0,1,0,0,"Metro","Cerner",1,1.4752485
"6930850",2025,1,1,1,0.5,0.875,1,1,1,1,1,1,1,1,1,1,1,1,0.5,0.5,0.5,0.5,0.666666666666667,1,0.857142857142857,0.841269841269841,0,0,0,0,95.8333333333333,44.7089947089947,0,1,0,0,"Metro","Cerner",1,1.7584192
"6930859",2025,1,1,0.5,1,0.875,1,0,0.5,0,0,0,0,0,0,0,0,0,0.5,0.666666666666667,0.3,0.488888888888889,0.333333333333333,0.285714285714286,0,0.206349206349206,0,0,0,0,45.8333333333333,23.1746031746032,0,0,1,0,"Metro","Meditech",1,1.6155051
"6930869",2025,1,1,1,1,1,1,1,1,1,1,1,1,0.5,0,0.5,0,0.625,0.5,0.166666666666667,0.5,0.388888888888889,0.333333333333333,1,0.428571428571429,0.587301587301587,0,0,0,0,87.5,32.5396825396825,0,1,0,0,"Metro","Epic",1,1.7584192
"6930875",2025,1,1,1,0.5,0.875,1,1,1,1,1,1,1,1,1,1,1,1,0.5,0.5,0.5,0.5,0.666666666666667,1,0.857142857142857,0.841269841269841,0,0,0,0,95.8333333333333,44.7089947089947,0,1,0,0,"Micro","Cerner",1,1.6352754
"6930887",2025,1,1,1,1,1,1,1,1,1,1,1,1,0,0,0,0,0.5,0.5,0.5,0.4,0.466666666666667,0.666666666666667,0.571428571428571,0.571428571428571,0.603174603174603,0,0,0,0,83.3333333333333,35.6613756613757,1,0,0,0,"Metro","Epic",1,1.5074072
"6930889",2025,0.5,0,0,0.5,0.25,0.5,0.5,0.5,0.5,0,0.5,0,0.5,0,0.5,0,0.25,0.5,0.5,0.5,0.5,0,0,0,0,0,0,0,0,33.3333333333333,16.6666666666667,0,1,0,0,"Metro","Cerner",1,1.7406821
"6930925",2025,1,1,1,1,1,1,1,1,1,1,1,1,0.5,0,0.5,0,0.625,0.5,0.166666666666667,0.5,0.388888888888889,0.333333333333333,1,0.428571428571429,0.587301587301587,0,0,0,0,87.5,32.5396825396825,0,1,0,0,"Metro","Epic",1,1.6517192
"6930950",2025,1,1,1,0,0.75,1,1,1,1,1,1,1,1,1,1,1,1,0.833333333333333,0.5,0.7,0.677777777777778,0.833333333333333,0.857142857142857,0.857142857142857,0.849206349206349,0,0,0,0,91.6666666666667,50.8994708994709,0,0,1,1,"Metro","Epic",1,1.9822462
"6931002",2025,0,0.5,0.5,0,0.25,0.5,0,0.25,0,0,0,0.5,0,0,0,0,0.0625,0.5,0.666666666666667,1,0.722222222222222,0,0,0,0,0,0,0,0,18.75,24.0740740740741,0,0,1,0,"Metro","Epic",1,1.716276
"6931050",2025,0,0.5,0.5,0,0.25,0.5,0,0.25,0,0,0,0.5,0,0,0,0,0.0625,0.5,0.666666666666667,1,0.722222222222222,0,0,0,0,0,0,0,0,18.75,24.0740740740741,0,1,0,0,"Metro","Meditech",1,1.6398071
"6931055",2025,1,1,1,1,1,1,1,1,1,1,1,1,0.5,0,0.5,0,0.625,0.5,0.166666666666667,0.5,0.388888888888889,0.333333333333333,1,0.428571428571429,0.587301587301587,0,0,0,0,87.5,32.5396825396825,0,1,0,0,"Metro","Epic",1,1.6517192
"6931075",2025,1,1,1,1,1,1,1,1,1,1,1,1,1,0.5,1,0,0.8125,0.833333333333333,0.5,0.5,0.611111111111111,0.166666666666667,0.571428571428571,0.285714285714286,0.341269841269841,1,0,1,0.666666666666667,93.75,53.968253968254,0,0,1,0,"Rural","Epic",1,1.8227599
"6931085",2025,0.5,1,0.5,0,0.5,0.5,0.5,0.5,1,0.5,0,0,1,0.5,1,0,0.5,0.333333333333333,0.666666666666667,0.2,0.4,0,0.142857142857143,0,0.0476190476190476,0,0,0,0,50,14.9206349206349,0,0,1,1,"Metro","Cerner",NA,2.5197122
"6931130",2025,1,1,1,1,1,1,1,1,0.5,1,0.5,1,0,0.5,0,0.5,0.5,0.5,0.666666666666667,0.6,0.588888888888889,0.166666666666667,0.428571428571429,0.285714285714286,0.293650793650794,0,0,0,0,83.3333333333333,29.4179894179894,1,0,0,0,"Metro","Epic",1,1.5074072
"6931140",2025,1,1,1,1,1,1,1,1,0.5,1,0.5,1,0,0.5,0,0.5,0.5,0.5,0.666666666666667,0.6,0.588888888888889,0.166666666666667,0.428571428571429,0.285714285714286,0.293650793650794,0,0,0,0,83.3333333333333,29.4179894179894,0,1,0,0,"Metro","Epic",1,1.4436897
"6931145",2025,1,1,1,0.5,0.875,0.5,0.5,0.5,1,0,1,0,1,0.5,1,0,0.5625,0.166666666666667,0.166666666666667,0.3,0.211111111111111,0.666666666666667,0.428571428571429,0.142857142857143,0.412698412698413,0,0,0,0,64.5833333333333,20.7936507936508,0,0,1,1,"Metro","Meditech",NA,2.7271605
"6931160",2025,1,1,1,1,1,1,1,1,1,1,1,1,1,0.5,1,0,0.8125,0.833333333333333,0.5,0.5,0.611111111111111,0.166666666666667,0.571428571428571,0.285714285714286,0.341269841269841,1,0,1,0.666666666666667,93.75,53.968253968254,0,0,1,1,"Micro","Epic",1,1.9574628
"6931173",2025,1,1,1,1,1,1,1,1,1,1,1,1,0.5,0,0.5,0,0.625,0.5,0.166666666666667,0.5,0.388888888888889,0.333333333333333,1,0.428571428571429,0.587301587301587,0,0,0,0,87.5,32.5396825396825,1,0,0,0,"Metro","Epic",1,1.6958193
"6931175",2025,0,0.5,0.5,0,0.25,0.5,0,0.25,0,0,0,0.5,0,0,0,0,0.0625,0.5,0.666666666666667,1,0.722222222222222,0,0,0,0,0,0,0,0,18.75,24.0740740740741,0,1,0,0,"Metro","Epic",1,1.5530564
"6931178",2025,1,0,1,0,0.5,1,0.5,0.75,0,0.5,0,0,0,0.5,0,0.5,0.1875,0.333333333333333,0.666666666666667,0.6,0.533333333333333,0.5,0,0.428571428571429,0.30952380952381,0,0,1,0.333333333333333,47.9166666666667,39.2063492063492,0,1,0,0,"Metro","Cerner",NA,2.1459692
"6931360",2025,1,1,1,0.5,0.875,1,1,1,1,1,1,1,1,1,1,1,1,0.5,0.5,0.5,0.5,0.666666666666667,1,0.857142857142857,0.841269841269841,0,0,0,0,95.8333333333333,44.7089947089947,0,1,0,0,"Metro","Cerner",1,1.6517192
"6931440",2025,1,1,1,0.5,0.875,1,1,1,1,1,1,1,1,1,1,1,1,0.5,0.5,0.5,0.5,0.666666666666667,1,0.857142857142857,0.841269841269841,0,0,0,0,95.8333333333333,44.7089947089947,0,1,0,0,"Metro","Cerner",1,1.4752485
"6931540",2025,1,1,1,0,0.75,0.5,0.5,0.5,0.5,0,0.5,0,0.5,0,0.5,0,0.25,0.333333333333333,0.666666666666667,0.4,0.466666666666667,0.166666666666667,0.142857142857143,0.142857142857143,0.150793650793651,0,0,0,0,50,20.5820105820106,0,1,0,0,"Metro","Altera Digital Health",1,1.4752485
"6931585",2025,1,0.5,0.5,1,0.75,0.5,0.5,0.5,1,0,1,0,1,0,1,0,0.5,0.833333333333333,1,0.7,0.844444444444444,0.166666666666667,0,0,0.0555555555555556,0,0,0,0,58.3333333333333,30,0,0,1,0,"Metro","Cerner",1,1.7880074
"6931630",2025,1,1,1,0,0.75,0.5,0,0.25,0.5,0,0,0,0,0,0,0,0.0625,0.833333333333333,0.5,0.2,0.511111111111111,0.333333333333333,0.142857142857143,0.142857142857143,0.206349206349206,0,0,0,0,35.4166666666667,23.9153439153439,0,1,0,0,"Metro","Altera Digital Health",1,1.4752485
"6931755",2025,1,1,1,1,1,1,1,1,1,1,1,1,0.5,0,0,0,0.5625,0.166666666666667,0,0,0.0555555555555556,0.333333333333333,0.285714285714286,0.285714285714286,0.301587301587302,0,0,0,0,85.4166666666667,11.9047619047619,1,0,0,0,"Metro","Epic",1,1.4626343
"6931770",2025,1,1,1,1,1,1,1,1,1,1,1,1,0,0.5,0,0,0.5625,0.333333333333333,0.5,0.4,0.411111111111111,0.5,0.571428571428571,0.285714285714286,0.452380952380952,0,0,0,0,85.4166666666667,28.7830687830688,1,0,0,0,"Metro","Cerner",1,1.5074072
"6931781",2025,1,1,1,1,1,1,1,1,1,1,1,1,1,0.5,1,0,0.8125,0.833333333333333,0.5,0.5,0.611111111111111,0.166666666666667,0.571428571428571,0.285714285714286,0.341269841269841,1,0,1,0.666666666666667,93.75,53.968253968254,0,0,1,0,"Metro","Epic",1,1.9822462
"6931790",2025,0,0.5,0.5,0,0.25,0.5,0,0.25,0,0,0,0.5,0,0,0,0,0.0625,0.5,0.666666666666667,1,0.722222222222222,0,0,0,0,0,0,0,0,18.75,24.0740740740741,0,1,0,0,"Metro","Epic",1,1.8773825
"6931840",2025,1,1,1,1,1,1,1,1,1,1,0.5,0.5,0.5,0,0,0,0.4375,0.166666666666667,0.5,0.3,0.322222222222222,0.5,0.571428571428571,0.428571428571429,0.5,0,0,0,0,81.25,27.4074074074074,0,1,0,0,"Metro","Epic",1,1.6517192
"6931915",2025,1,1,1,0,0.75,1,1,1,1,1,1,1,1,1,1,1,1,0.833333333333333,0.5,0.7,0.677777777777778,0.833333333333333,0.857142857142857,0.857142857142857,0.849206349206349,0,0,0,0,91.6666666666667,50.8994708994709,0,1,0,0,"Metro","Epic",1,1.4752485
"6931929",2025,1,1,1,1,1,1,1,1,1,1,1,1,1,0.5,1,0,0.8125,0.833333333333333,0.5,0.5,0.611111111111111,0.166666666666667,0.571428571428571,0.285714285714286,0.341269841269841,1,0,1,0.666666666666667,93.75,53.968253968254,1,0,0,0,"Metro","Epic",1,1.5074072
"6932000",2025,0,0.5,0.5,0,0.25,0.5,0,0.25,0,0,0,0.5,0,0,0,0,0.0625,0.5,0.666666666666667,1,0.722222222222222,0,0,0,0,0,0,0,0,18.75,24.0740740740741,0,1,0,0,"Metro","Epic",1,1.6517192
"6932032",2025,1,1,1,0.5,0.875,1,1,1,1,1,1,1,1,1,1,1,1,0.5,0.5,0.5,0.5,0.666666666666667,1,0.857142857142857,0.841269841269841,0,0,0,0,95.8333333333333,44.7089947089947,0,0,1,1,"Rural","Cerner",1,1.9574628
"6932050",2025,1,1,1,0,0.75,1,1,1,1,1,1,1,1,1,1,1,1,0.833333333333333,0.5,0.7,0.677777777777778,0.833333333333333,0.857142857142857,0.857142857142857,0.849206349206349,0,0,0,0,91.6666666666667,50.8994708994709,0,1,0,0,"Metro","Epic",1,1.7584192
"6932080",2025,0,0.5,0.5,0,0.25,0.5,0,0.25,0,0,0,0.5,0,0,0,0,0.0625,0.5,0.666666666666667,1,0.722222222222222,0,0,0,0,0,0,0,0,18.75,24.0740740740741,0,1,0,0,"Metro","Meditech",1,1.7445568
"6932116",2025,1,1,1,1,1,1,1,1,1,1,0.5,0.5,0.5,0.5,0.5,0.5,0.625,0.166666666666667,0,0,0.0555555555555556,0.333333333333333,0.285714285714286,0.142857142857143,0.253968253968254,0,0,0,0,87.5,10.3174603174603,0,1,0,0,"Metro","Epic",NA,2.1459692
"6932118",2025,1,1,1,0.5,0.875,1,1,1,1,1,1,1,1,1,1,1,1,0.5,0.5,0.5,0.5,0.666666666666667,1,0.857142857142857,0.841269841269841,0,0,0,0,95.8333333333333,44.7089947089947,0,1,0,0,"Metro","Cerner",1,1.4752485
"6932123",2025,1,1,1,1,1,1,1,1,1,1,1,1,1,0.5,1,0,0.8125,0.833333333333333,0.5,0.5,0.611111111111111,0.166666666666667,0.571428571428571,0.285714285714286,0.341269841269841,1,0,1,0.666666666666667,93.75,53.968253968254,0,0,1,0,"Metro","Epic",1,1.9822462
"6932267",2025,1,1,1,1,1,0.5,0.5,0.5,0.5,0,0,0,0,0,0,0,0.0625,0.666666666666667,0.833333333333333,0.5,0.666666666666667,0.333333333333333,0.285714285714286,0.285714285714286,0.301587301587302,0,0,0,0,52.0833333333333,32.2751322751323,0,1,0,0,"Metro","Cerner",NA,1.8356665
"6932290",2025,1,1,1,0.5,0.875,1,0.5,0.75,1,0.5,1,0.5,1,1,0.5,0.5,0.75,1,0.833333333333333,1,0.944444444444445,0.666666666666667,0.428571428571429,0.285714285714286,0.46031746031746,1,1,1,1,79.1666666666667,80.1587301587302,1,0,0,0,"Metro","Epic",1,1.4626343
"6932300",2025,1,1,1,0,0.75,1,1,1,1,1,1,1,1,1,1,1,1,0.833333333333333,0.5,0.7,0.677777777777778,0.833333333333333,0.857142857142857,0.857142857142857,0.849206349206349,0,0,0,0,91.6666666666667,50.8994708994709,1,0,0,0,"Metro","Epic",1,1.5074072
"6932310",2025,1,1,1,0.5,0.875,1,1,1,1,1,1,1,1,1,1,1,1,0.5,0.5,0.5,0.5,0.666666666666667,1,0.857142857142857,0.841269841269841,0,0,0,0,95.8333333333333,44.7089947089947,1,0,0,0,"Metro","Cerner",1,1.5074072
"6932324",2025,1,1,0.5,1,0.875,1,1,1,0.5,0.5,0.5,0.5,0.5,0,0.5,0,0.375,0.5,0.666666666666667,0.7,0.622222222222222,0.333333333333333,0.428571428571429,0,0.253968253968254,0,0,0,0,75,29.2063492063492,0,1,0,0,"Metro","Epic",NA,1.798857
"6932330",2025,1,1,1,1,1,0.5,1,0.75,0.5,1,0.5,1,0.5,1,0.5,0,0.625,0.666666666666667,0.333333333333333,0,0.333333333333333,0.666666666666667,0.428571428571429,0.428571428571429,0.507936507936508,0,0,0,0,79.1666666666667,28.042328042328,1,0,0,0,"Metro","Epic",1,1.4737129
"6932350",2025,1,1,1,1,1,1,1,1,1,1,0.5,0.5,0.5,0,0,0,0.4375,0.166666666666667,0.5,0.3,0.322222222222222,0.5,0.571428571428571,0.428571428571429,0.5,0,0,0,0,81.25,27.4074074074074,0,1,0,0,"Metro","Epic",1,1.6084419
"6932412",2025,1,1,1,0,0.75,1,1,1,1,1,1,1,1,1,1,1,1,0.833333333333333,0.5,0.7,0.677777777777778,0.833333333333333,0.857142857142857,0.857142857142857,0.849206349206349,0,0,0,0,91.6666666666667,50.8994708994709,0,0,1,0,"Metro","Epic",1,1.9822462
"6932466",2025,0.5,1,0,0.5,0.5,0,0,0,0,0,0.5,0.5,0,0,0,0,0.125,0.5,0.5,0.2,0.4,0,0.142857142857143,0,0.0476190476190476,0,0,0,0,20.8333333333333,14.9206349206349,0,1,0,0,"Metro","Meditech",NA,2.1459692
"6932485",2025,0.5,0.5,0.5,1,0.625,1,1,1,0.5,0.5,0.5,0.5,0.5,0.5,0.5,0.5,0.5,0.166666666666667,0.333333333333333,0.6,0.366666666666667,0,0,0,0,0,0,0,0,70.8333333333333,12.2222222222222,0,0,1,1,"Rural","Cerner",NA,2.4467235
"6932500",2025,1,1,1,0.5,0.875,1,1,1,1,1,1,1,1,1,1,1,1,0.5,0.5,0.5,0.5,0.666666666666667,1,0.857142857142857,0.841269841269841,0,0,0,0,95.8333333333333,44.7089947089947,0,0,1,0,"Micro","Cerner",1,1.9574628
"6932520",2025,1,1,1,0.5,0.875,1,1,1,1,1,1,1,1,1,1,1,1,0.5,0.5,0.5,0.5,0.666666666666667,1,0.857142857142857,0.841269841269841,0,0,0,0,95.8333333333333,44.7089947089947,0,1,0,0,"Metro","Cerner",1,1.4752485
"6932525",2025,0,0.5,0.5,0,0.25,0.5,0,0.25,0,0,0,0.5,0,0,0,0,0.0625,0.5,0.666666666666667,1,0.722222222222222,0,0,0,0,0,0,0,0,18.75,24.0740740740741,0,1,0,0,"Metro","Meditech",1,1.8773825
"6932551",2025,1,1,1,1,1,1,1,1,1,1,1,1,0.5,0,0.5,0,0.625,0.5,0.166666666666667,0.5,0.388888888888889,0.333333333333333,1,0.428571428571429,0.587301587301587,0,0,0,0,87.5,32.5396825396825,0,1,0,0,"Metro","Epic",1,1.6517192
"6932555",2025,1,1,1,0.5,0.875,1,1,1,1,1,1,1,1,1,1,1,1,0.5,0.5,0.5,0.5,0.666666666666667,1,0.857142857142857,0.841269841269841,0,0,0,0,95.8333333333333,44.7089947089947,0,1,0,0,"Metro","Cerner",1,1.7584192
"6932560",2025,1,1,1,1,1,1,1,1,1,1,1,1,0,0.5,0,0,0.5625,0.333333333333333,0.5,0.4,0.411111111111111,0.5,0.571428571428571,0.285714285714286,0.452380952380952,0,0,0,0,85.4166666666667,28.7830687830688,0,0,1,0,"Metro","Cerner",1,1.8440566
"6932585",2025,1,1,1,0.5,0.875,1,1,1,1,1,1,0.5,0,0.5,0.5,0.5,0.625,0.5,0.666666666666667,0.6,0.588888888888889,0.333333333333333,0.571428571428571,0.571428571428571,0.492063492063492,0,0,0,0,83.3333333333333,36.031746031746,1,0,0,0,"Metro","Meditech",1,1.9367526
"6932595",2025,0,0,0,0.5,0.125,0.5,0.5,0.5,0,0,0,0,0,0,0,0,0,0.333333333333333,0.666666666666667,0.3,0.433333333333333,0,0,0,0,0,0,0,0,20.8333333333333,14.4444444444444,0,1,0,1,"Metro","Altera Digital Health",NA,2.3655231
"6932605",2025,1,1,1,1,1,1,1,1,1,1,1,1,0.5,0,0.5,0,0.625,0.5,0.166666666666667,0.5,0.388888888888889,0.333333333333333,1,0.428571428571429,0.587301587301587,0,0,0,0,87.5,32.5396825396825,0,1,0,0,"Metro","Epic",1,1.4752485
"6932645",2025,1,1,1,1,1,1,1,1,1,1,1,1,1,0.5,1,0,0.8125,0.833333333333333,0.5,0.5,0.611111111111111,0.166666666666667,0.571428571428571,0.285714285714286,0.341269841269841,1,0,1,0.666666666666667,93.75,53.968253968254,0,1,0,0,"Metro","Epic",1,1.4752485
"6932662",2025,1,1,1,1,1,1,1,1,1,1,1,1,0.5,0,0.5,0,0.625,0.5,0.166666666666667,0.5,0.388888888888889,0.333333333333333,1,0.428571428571429,0.587301587301587,0,0,0,0,87.5,32.5396825396825,0,1,0,0,"Metro","Epic",1,1.4752485
"6932670",2025,1,1,1,0.5,0.875,1,1,1,1,1,1,1,1,1,1,1,1,0.5,0.5,0.5,0.5,0.666666666666667,1,0.857142857142857,0.841269841269841,0,0,0,0,95.8333333333333,44.7089947089947,0,1,0,0,"Metro","Cerner",1,1.4752485
"6932672",2025,1,1,1,0.5,0.875,1,1,1,1,1,1,1,1,1,1,1,1,0.5,0.5,0.5,0.5,0.666666666666667,1,0.857142857142857,0.841269841269841,0,0,0,0,95.8333333333333,44.7089947089947,0,1,0,0,"Metro","Cerner",1,1.4752485
"6932673",2025,1,1,1,1,1,1,1,1,1,1,1,1,0.5,0,0.5,0,0.625,0.5,0.166666666666667,0.5,0.388888888888889,0.333333333333333,1,0.428571428571429,0.587301587301587,0,0,0,0,87.5,32.5396825396825,0,1,0,0,"Metro","Epic",1,1.6517192
"6932680",2025,1,1,1,1,1,1,1,1,1,1,1,1,0.5,0.5,0,0,0.625,0.5,0.5,0.4,0.466666666666667,0.333333333333333,0.571428571428571,0.571428571428571,0.492063492063492,0,0,0,0,87.5,31.957671957672,1,0,0,0,"Metro","Epic",1,1.4737129
"6932720",2025,1,1,0.5,0.5,0.75,0.5,0.5,0.5,0.5,0,0.5,0,0,0,0,0,0.125,0.333333333333333,0.333333333333333,0.4,0.355555555555556,0.5,0.285714285714286,0.285714285714286,0.357142857142857,0,0,1,0.333333333333333,45.8333333333333,34.8677248677249,0,1,0,0,"Metro","Meditech",NA,2.1459692
"6932750",2025,1,1,1,0.5,0.875,1,1,1,1,1,1,1,1,1,1,1,1,0.5,0.5,0.5,0.5,0.666666666666667,1,0.857142857142857,0.841269841269841,0,0,0,0,95.8333333333333,44.7089947089947,0,0,1,1,"Rural","Meditech",1,1.9574628
"6932760",2025,1,1,1,0.5,0.875,1,1,1,1,1,1,1,1,1,1,1,1,0.5,0.5,0.5,0.5,0.666666666666667,1,0.857142857142857,0.841269841269841,0,0,0,0,95.8333333333333,44.7089947089947,0,1,0,0,"Metro","Cerner",1,1.4752485
"6932765",2025,1,1,1,0.5,0.875,1,1,1,1,1,1,1,1,1,1,1,1,0.5,0.5,0.5,0.5,0.666666666666667,1,0.857142857142857,0.841269841269841,0,0,0,0,95.8333333333333,44.7089947089947,1,0,0,0,"Metro","Cerner",1,1.5766708
"6932770",2025,1,1,1,0.5,0.875,1,1,1,1,1,0.5,0.5,0.5,0.5,1,1,0.75,0.333333333333333,0.5,0,0.277777777777778,0.833333333333333,1,0.714285714285714,0.849206349206349,0,0,1,0.333333333333333,87.5,48.6772486772487,1,0,0,0,"Metro","Epic",NA,2.2235136
"6932775",2025,1,1,1,1,1,1,1,1,1,1,1,1,1,1,1,1,1,0.5,0.5,0.7,0.566666666666667,0.666666666666667,1,0.571428571428571,0.746031746031746,1,1,1,1,100,77.0899470899471,0,1,0,0,"Metro","Epic",NA,1.8556782
"6932785",2025,1,1,1,1,1,1,1,1,1,1,1,1,0,0,0,0,0.5,0.5,0.5,0.4,0.466666666666667,0.666666666666667,0.571428571428571,0.571428571428571,0.603174603174603,0,0,0,0,83.3333333333333,35.6613756613757,1,0,0,0,"Metro","Epic",1,1.5904801
"6932810",2025,1,1,1,1,1,1,1,1,0.5,1,0.5,1,0,0.5,0,0.5,0.5,0.5,0.666666666666667,0.6,0.588888888888889,0.166666666666667,0.428571428571429,0.285714285714286,0.293650793650794,0,0,0,0,83.3333333333333,29.4179894179894,1,0,0,0,"Metro","Epic",1,1.5074072
"6932820",2025,1,1,1,1,1,1,1,1,1,0.5,1,0.5,1,0.5,1,0.5,0.75,0.5,0.333333333333333,0.6,0.477777777777778,0.833333333333333,0.571428571428571,0.571428571428571,0.658730158730159,0,0,0,0,91.6666666666667,37.8835978835979,1,0,0,0,"Metro","Epic",1,1.4626343
"6932850",2025,0,0.5,0.5,0,0.25,0.5,0,0.25,0,0,0,0.5,0,0,0,0,0.0625,0.5,0.666666666666667,1,0.722222222222222,0,0,0,0,0,0,0,0,18.75,24.0740740740741,0,0,1,0,"Metro","Epic",1,2.1363182
"6932860",2025,1,1,1,0,0.75,1,1,1,1,1,1,1,1,1,1,1,1,0.833333333333333,0.5,0.7,0.677777777777778,0.833333333333333,0.857142857142857,0.857142857142857,0.849206349206349,0,0,0,0,91.6666666666667,50.8994708994709,0,1,0,0,"Metro","Epic",1,1.5530564
"6932900",2025,1,1,1,1,1,1,1,1,1,1,1,1,1,0.5,1,0,0.8125,0.833333333333333,0.5,0.5,0.611111111111111,0.166666666666667,0.571428571428571,0.285714285714286,0.341269841269841,1,0,1,0.666666666666667,93.75,53.968253968254,0,1,0,0,"Metro","Epic",1,1.6517192
"6933040",2025,1,1,1,1,1,1,1,1,1,1,1,1,1,0.5,1,0,0.8125,0.833333333333333,0.5,0.5,0.611111111111111,0.166666666666667,0.571428571428571,0.285714285714286,0.341269841269841,1,0,1,0.666666666666667,93.75,53.968253968254,0,1,0,0,"Metro","Epic",1,1.6517192
"6933060",2025,1,1,1,1,1,1,0.5,0.75,1,1,1,1,0.5,0.5,0.5,0,0.6875,0.5,0.333333333333333,0.3,0.377777777777778,0.333333333333333,0.571428571428571,0.285714285714286,0.396825396825397,1,0,1,0.666666666666667,81.25,48.042328042328,0,1,0,0,"Metro","Epic",NA,2.1459692
"6933180",2025,1,1,1,1,1,1,1,1,1,1,1,1,0,0.5,0,0,0.5625,0.333333333333333,0.5,0.4,0.411111111111111,0.5,0.571428571428571,0.285714285714286,0.452380952380952,0,0,0,0,85.4166666666667,28.7830687830688,0,0,1,0,"Metro","Cerner",1,1.9822462
"6933199",2025,1,1,1,1,1,1,1,1,1,1,1,1,1,1,1,1,1,0.333333333333333,0.5,0.3,0.377777777777778,0.5,0.285714285714286,0.285714285714286,0.357142857142857,0,0,0,0,100,24.4973544973545,0,1,0,0,"Metro","Epic",1,2.021028
"6933210",2025,1,1,1,1,1,1,1,1,1,1,1,1,1,1,1,1,1,0.333333333333333,0.5,0.3,0.377777777777778,0.5,0.285714285714286,0.285714285714286,0.357142857142857,0,0,0,0,100,24.4973544973545,0,1,0,0,"Metro","Epic",1,1.4641339
"6933235",2025,1,1,1,1,1,1,1,1,1,1,1,1,0.5,0,0.5,0,0.625,0.5,0.166666666666667,0.5,0.388888888888889,0.333333333333333,1,0.428571428571429,0.587301587301587,0,0,0,0,87.5,32.5396825396825,0,1,0,0,"Metro","Epic",1,1.6517192
"6933240",2025,1,1,1,1,1,1,1,1,1,1,1,1,1,1,1,1,1,0.333333333333333,0.5,0.3,0.377777777777778,0.5,0.285714285714286,0.285714285714286,0.357142857142857,0,0,0,0,100,24.4973544973545,1,0,0,0,"Metro","Epic",1,1.4955405
"6933270",2025,1,1,1,0.5,0.875,1,1,1,1,1,1,1,1,1,1,1,1,0.5,0.5,0.5,0.5,0.666666666666667,1,0.857142857142857,0.841269841269841,0,0,0,0,95.8333333333333,44.7089947089947,0,0,1,0,"Metro","Cerner",1,1.8440566
"6933295",2025,1,0.5,1,0,0.625,1,1,1,1,1,1,1,1,1,1,1,1,0.333333333333333,0.5,0.1,0.311111111111111,0.5,0,0.428571428571429,0.30952380952381,0,0,0,0,87.5,20.6878306878307,0,0,1,0,"Metro","Cerner",1,1.9642926
"6933310",2025,1,1,1,1,1,1,1,1,0.5,0.5,1,1,0.5,0.5,0,0.5,0.5625,0.166666666666667,0.166666666666667,0.1,0.144444444444444,0.166666666666667,0.428571428571429,0.428571428571429,0.341269841269841,0,0,0,0,85.4166666666667,16.1904761904762,0,0,1,0,"Metro","Epic",NA,2.4841712
"6933340",2025,1,1,1,0,0.75,1,1,1,1,1,1,1,1,1,1,1,1,0.833333333333333,0.5,0.7,0.677777777777778,0.833333333333333,0.857142857142857,0.857142857142857,0.849206349206349,0,0,0,0,91.6666666666667,50.8994708994709,0,1,0,0,"Metro","Epic",1,1.7584192
"6933370",2025,1,1,1,0.5,0.875,1,1,1,0.5,0.5,0.5,0.5,0,0,0,0,0.25,0.333333333333333,0.333333333333333,0.5,0.388888888888889,0.833333333333333,0.571428571428571,0.142857142857143,0.515873015873016,0,0,0,0,70.8333333333333,30.1587301587302,0,1,0,0,"Metro","Epic",NA,2.3655231
"6933375",2025,1,1,1,0,0.75,1,1,1,1,1,1,1,1,0.5,1,0.5,0.875,0.666666666666667,0.5,0.4,0.522222222222222,0.833333333333333,0.571428571428571,0.428571428571429,0.611111111111111,0,0,0,0,87.5,37.7777777777778,1,0,0,0,"Metro","Epic",1,1.5074072
"6933401",2025,1,1,1,0,0.75,1,1,1,1,1,1,1,1,0.5,1,0.5,0.875,0.666666666666667,0.5,0.4,0.522222222222222,0.833333333333333,0.571428571428571,0.428571428571429,0.611111111111111,0,0,0,0,87.5,37.7777777777778,0,0,1,0,"Metro","Epic",1,1.9822462
"6933402",2025,1,1,1,1,1,1,1,1,1,1,1,1,0.5,0,0.5,0,0.625,0.5,0.166666666666667,0.5,0.388888888888889,0.333333333333333,1,0.428571428571429,0.587301587301587,0,0,0,0,87.5,32.5396825396825,0,1,0,0,"Metro","Epic",1,1.4752485
"6933440",2025,1,1,1,0.5,0.875,1,1,1,1,1,1,1,1,1,1,1,1,0.5,0.5,0.5,0.5,0.666666666666667,1,0.857142857142857,0.841269841269841,0,0,0,0,95.8333333333333,44.7089947089947,0,1,0,0,"Metro","Cerner",1,1.4752485
"6933450",2025,1,1,1,0,0.75,1,1,1,1,1,1,1,1,1,1,1,1,0.833333333333333,0.5,0.7,0.677777777777778,0.833333333333333,0.857142857142857,0.857142857142857,0.849206349206349,0,0,0,0,91.6666666666667,50.8994708994709,0,1,0,0,"Metro","Epic",1,1.4752485
"6933460",2025,1,1,1,1,1,1,1,1,1,1,1,1,0.5,0,0,0,0.5625,0.166666666666667,0,0,0.0555555555555556,0.333333333333333,0.285714285714286,0.285714285714286,0.301587301587302,0,0,0,0,85.4166666666667,11.9047619047619,0,1,0,0,"Metro","Epic",1,1.6364776
"6933461",2025,0.5,0.5,0.5,0.5,0.5,0.5,0,0.25,0.5,0.5,0.5,0.5,0.5,0.5,0.5,0.5,0.5,0.5,0.166666666666667,0,0.222222222222222,0,0,0,0,0,0,1,0.333333333333333,41.6666666666667,18.5185185185185,0,1,0,1,"Metro","CPSI/Evident",NA,2.3335879
"6933480",2025,1,1,1,1,1,1,1,1,1,1,1,1,1,0.5,1,0,0.8125,0.833333333333333,0.5,0.5,0.611111111111111,0.166666666666667,0.571428571428571,0.285714285714286,0.341269841269841,1,0,1,0.666666666666667,93.75,53.968253968254,0,1,0,0,"Metro","Epic",1,1.6517192
"6933488",2025,1,1,1,0,0.75,0,0,0,0.5,1,0.5,0.5,0.5,0.5,0.5,0.5,0.5625,0.666666666666667,0.5,0.4,0.522222222222222,0.5,0.428571428571429,0.428571428571429,0.452380952380952,0,0,0,0,43.75,32.4867724867725,0,1,0,0,"Metro","Meditech",NA,1.9957703
"6933505",2025,1,1,1,1,1,1,1,1,1,1,1,1,0,0.5,0,0,0.5625,0.333333333333333,0.5,0.4,0.411111111111111,0.5,0.571428571428571,0.285714285714286,0.452380952380952,0,0,0,0,85.4166666666667,28.7830687830688,0,1,0,0,"Metro","Cerner",1,1.7584192
"6933516",2025,0,0.5,0.5,0,0.25,0.5,0,0.25,0,0,0,0.5,0,0,0,0,0.0625,0.5,0.666666666666667,1,0.722222222222222,0,0,0,0,0,0,0,0,18.75,24.0740740740741,0,0,1,0,"Metro","Meditech",1,1.8440566
"6933525",2025,1,1,1,0,0.75,1,1,1,1,1,1,1,1,0.5,1,0.5,0.875,0.666666666666667,0.5,0.4,0.522222222222222,0.833333333333333,0.571428571428571,0.428571428571429,0.611111111111111,0,0,0,0,87.5,37.7777777777778,0,0,1,1,"Metro","Epic",1,1.9822462
"6933533",2025,1,1,1,1,1,1,1,1,1,1,1,1,0,0.5,0,0,0.5625,0.333333333333333,0.5,0.4,0.411111111111111,0.5,0.571428571428571,0.285714285714286,0.452380952380952,0,0,0,0,85.4166666666667,28.7830687830688,0,1,0,0,"Micro","Cerner",1,1.4632572
"6933580",2025,1,1,1,1,1,1,1,1,1,1,1,1,0.5,0,0.5,0,0.625,0.5,0.166666666666667,0.5,0.388888888888889,0.333333333333333,1,0.428571428571429,0.587301587301587,0,0,0,0,87.5,32.5396825396825,0,1,0,0,"Metro","Epic",1,1.6517192
"6933605",2025,1,1,1,1,1,1,1,1,0.5,1,0.5,1,0.5,0.5,0.5,0.5,0.625,0.833333333333333,0.666666666666667,0.6,0.7,0.666666666666667,0.571428571428571,0.857142857142857,0.698412698412698,1,0,0,0.333333333333333,87.5,57.7248677248677,0,1,0,0,"Metro","Epic",NA,1.8556782
"6933620",2025,1,1,1,0.5,0.875,1,1,1,1,1,1,1,1,1,1,1,1,0.5,0.5,0.5,0.5,0.666666666666667,1,0.857142857142857,0.841269841269841,0,0,0,0,95.8333333333333,44.7089947089947,0,1,0,0,"Metro","Cerner",1,1.4752485
"6933670",2025,1,1,1,0,0.75,1,1,1,1,1,1,1,1,1,1,1,1,0.833333333333333,0.5,0.7,0.677777777777778,0.833333333333333,0.857142857142857,0.857142857142857,0.849206349206349,0,0,0,0,91.6666666666667,50.8994708994709,0,1,0,0,"Metro","Epic",1,1.5530564
"6933672",2025,1,1,1,0.5,0.875,1,1,1,1,1,1,0.5,0,0.5,0.5,0.5,0.625,0.5,0.666666666666667,0.6,0.588888888888889,0.333333333333333,0.571428571428571,0.571428571428571,0.492063492063492,0,0,0,0,83.3333333333333,36.031746031746,0,1,0,0,"Metro","Meditech",1,1.6398071
"6933675",2025,1,1,1,1,1,1,1,1,1,1,1,1,0,0.5,0,0,0.5625,0.333333333333333,0.5,0.4,0.411111111111111,0.5,0.571428571428571,0.285714285714286,0.452380952380952,0,0,0,0,85.4166666666667,28.7830687830688,0,0,1,1,"Metro","Cerner",1,1.9592744
"6933679",2025,1,1,1,0.5,0.875,0.5,1,0.75,1,0.5,1,0.5,1,1,1,0,0.75,0.5,0.5,0.5,0.5,0.666666666666667,0.571428571428571,0.571428571428571,0.603174603174603,0,0,0,0,79.1666666666667,36.7724867724868,1,0,0,0,"Metro","Cerner",1,1.5904801
"6933681",2025,1,1,1,0,0.75,1,1,1,1,1,1,1,1,1,1,1,1,0.833333333333333,0.5,0.7,0.677777777777778,0.833333333333333,0.857142857142857,0.857142857142857,0.849206349206349,0,0,0,0,91.6666666666667,50.8994708994709,1,0,0,0,"Metro","Epic",1,1.5904801
"6933683",2025,0,0,0,0,0,0,0,0,0,0,0,0,0,0,0,0,0,0,0,0,0,0,0,0,0,0,0,0,0,0,0,0,1,0,0,"Metro","Cerner",1,1.4641339
"6933685",2025,1,1,1,1,1,1,1,1,1,1,1,1,1,0.5,1,0,0.8125,0.833333333333333,0.5,0.5,0.611111111111111,0.166666666666667,0.571428571428571,0.285714285714286,0.341269841269841,1,0,1,0.666666666666667,93.75,53.968253968254,0,0,1,0,"Metro","Epic",1,1.9822462
"6933687",2025,1,1,1,0,0.75,1,1,1,1,1,1,1,1,1,1,1,1,0.333333333333333,0.5,0.1,0.311111111111111,0.5,0.428571428571429,0.428571428571429,0.452380952380952,0,0,0,0,91.6666666666667,25.4497354497354,0,0,1,0,"Metro","Cerner",1,2.3223572
"6933700",2025,1,1,1,1,1,1,0.5,0.75,0.5,1,0.5,0,0.5,0.5,0.5,0,0.4375,0.333333333333333,0.333333333333333,0.3,0.322222222222222,0.833333333333333,0.571428571428571,0.428571428571429,0.611111111111111,0,0,0,0,72.9166666666667,31.1111111111111,0,0,1,1,"Micro","Epic",1,1.8035183
"6933721",2025,1,1,1,1,1,1,1,1,1,1,1,1,0,0.5,0,0,0.5625,0.333333333333333,0.5,0.4,0.411111111111111,0.5,0.571428571428571,0.285714285714286,0.452380952380952,0,0,0,0,85.4166666666667,28.7830687830688,0,0,1,0,"Metro","Cerner",1,1.8440566
"6933735",2025,1,1,1,1,1,1,1,1,1,1,1,1,0,0.5,0,0,0.5625,0.333333333333333,0.5,0.4,0.411111111111111,0.5,0.571428571428571,0.285714285714286,0.452380952380952,0,0,0,0,85.4166666666667,28.7830687830688,0,0,1,0,"Micro","Cerner",1,1.5999751
"6933750",2025,0.5,1,1,0.5,0.75,0,0,0,0.5,0,0.5,0,0.5,0,0.5,0,0.25,1,1,0.8,0.933333333333333,0,0.428571428571429,0.285714285714286,0.238095238095238,0,0,0,0,33.3333333333333,39.047619047619,0,1,0,0,"Metro","Cerner",NA,1.8556782
"6933755",2025,1,1,1,1,1,1,1,1,1,1,1,1,0.5,0,0.5,0,0.625,0.5,0.166666666666667,0.5,0.388888888888889,0.333333333333333,1,0.428571428571429,0.587301587301587,0,0,0,0,87.5,32.5396825396825,0,1,0,0,"Metro","Epic",1,1.6517192
"6933777",2025,1,1,1,1,1,1,1,1,1,1,1,1,1,0.5,1,0,0.8125,0.833333333333333,0.5,0.5,0.611111111111111,0.166666666666667,0.571428571428571,0.285714285714286,0.341269841269841,1,0,1,0.666666666666667,93.75,53.968253968254,0,1,0,0,"Metro","Epic",1,1.7584192
"6933784",2025,1,1,1,1,1,1,1,1,1,1,1,1,0.5,0,0.5,0,0.625,0.5,0.166666666666667,0.5,0.388888888888889,0.333333333333333,1,0.428571428571429,0.587301587301587,0,0,0,0,87.5,32.5396825396825,0,1,0,0,"Metro","Epic",1,1.6517192
"6933804",2025,1,1,1,0,0.75,0.5,0.5,0.5,1,0.5,1,0.5,1,0.5,1,0.5,0.75,0.5,0.5,0.4,0.466666666666667,0.833333333333333,0.571428571428571,0.857142857142857,0.753968253968254,0,0,0,0,66.6666666666667,40.6878306878307,0,1,0,0,"Metro","Meditech",NA,2.3655231
"6933850",2025,0.5,1,0.5,0.5,0.625,0.5,0.5,0.5,1,0.5,0.5,0,0,0,0,0,0.25,0.833333333333333,0.833333333333333,0.6,0.755555555555556,0,0.571428571428571,0,0.19047619047619,0,0,0,0,45.8333333333333,31.5343915343915,1,0,0,0,"Metro","Cerner",NA,2.2235136
"6933885",2025,1,1,1,0,0.75,0.5,0.5,0.5,0.5,0,0.5,0,0.5,0,0.5,0,0.25,0.333333333333333,0.666666666666667,0.4,0.466666666666667,0.166666666666667,0.142857142857143,0.142857142857143,0.150793650793651,0,0,0,0,50,20.5820105820106,0,1,0,0,"Metro","Altera Digital Health",1,1.6517192
"6933889",2025,1,1,1,1,1,1,1,1,1,1,1,1,0,0.5,0,0,0.5625,0.333333333333333,0.5,0.4,0.411111111111111,0.5,0.571428571428571,0.285714285714286,0.452380952380952,0,0,0,0,85.4166666666667,28.7830687830688,0,0,1,1,"Micro","Cerner",1,1.9574628
"6933910",2025,1,1,1,0.5,0.875,1,1,1,1,1,1,1,1,1,1,1,1,0.5,0.5,0.5,0.5,0.666666666666667,1,0.857142857142857,0.841269841269841,0,0,0,0,95.8333333333333,44.7089947089947,0,1,0,0,"Metro","Cerner",1,1.7584192
"6933915",2025,1,1,1,1,1,1,1,1,1,1,1,1,0.5,0,0.5,0,0.625,0.5,0.166666666666667,0.5,0.388888888888889,0.333333333333333,1,0.428571428571429,0.587301587301587,0,0,0,0,87.5,32.5396825396825,0,1,0,0,"Metro","Epic",1,1.6517192
"6939111",2025,1,1,1,0,0.75,1,0.5,0.75,1,1,1,1,0,1,0,1,0.75,0.5,0.666666666666667,0.3,0.488888888888889,0.5,0.428571428571429,0.285714285714286,0.404761904761905,0,0,0,0,75,29.7883597883598,0,1,0,0,"Metro","Epic",1,1.6517192
"6940015",2025,1,1,1,0.5,0.875,1,1,1,1,1,1,0.5,0,0.5,0.5,0.5,0.625,0.5,0.666666666666667,0.6,0.588888888888889,0.333333333333333,0.571428571428571,0.571428571428571,0.492063492063492,0,0,0,0,83.3333333333333,36.031746031746,0,1,0,0,"Metro","Epic",1,2.021028
"6940020",2025,1,1,1,0,0.75,1,1,1,1,1,1,1,1,1,1,1,1,0.833333333333333,0.5,0.7,0.677777777777778,0.833333333333333,0.857142857142857,0.857142857142857,0.849206349206349,0,0,0,0,91.6666666666667,50.8994708994709,1,0,0,0,"Metro","Epic",1,1.5074072
"6940050",2025,0.5,0,0,0,0.125,0,0,0,0,0.5,0,0,0,0,0,0,0.0625,0,0,0,0,0,0,0,0,0,0,0,0,6.25,0,0,0,1,1,"Rural","CPSI/Evident",NA,2.6835818
"6940085",2025,1,1,1,0,0.75,1,0.5,0.75,1,0,1,0,1,0,1,0,0.5,0.166666666666667,0.333333333333333,0.2,0.233333333333333,0.5,0.428571428571429,0.285714285714286,0.404761904761905,0,0,1,0.333333333333333,66.6666666666667,32.3809523809524,0,1,0,0,"Micro","Meditech",NA,2.2999396
"6940110",2025,1,1,1,0,0.75,1,1,1,1,1,1,1,1,1,1,1,1,0.833333333333333,0.5,0.7,0.677777777777778,0.833333333333333,0.857142857142857,0.857142857142857,0.849206349206349,0,0,0,0,91.6666666666667,50.8994708994709,0,0,1,1,"Rural","Epic",1,1.9574628
"6940180",2025,1,1,1,0,0.75,1,1,1,1,1,1,1,1,1,1,1,1,0.833333333333333,0.5,0.7,0.677777777777778,0.833333333333333,0.857142857142857,0.857142857142857,0.849206349206349,0,0,0,0,91.6666666666667,50.8994708994709,0,0,1,1,"Rural","Epic",1,1.9574628
"6940215",2025,1,1,1,0,0.75,0.5,0.5,0.5,0,0.5,0,0.5,0,0.5,0,0,0.1875,0.666666666666667,0.5,0.8,0.655555555555556,0.166666666666667,0.428571428571429,0.285714285714286,0.293650793650794,0,0,0,0,47.9166666666667,31.6402116402116,0,1,0,0,"Rural","Epic",NA,2.1438048
"6940230",2025,1,1,1,0,0.75,1,1,1,1,1,1,1,1,1,1,1,1,0.833333333333333,0.5,0.7,0.677777777777778,0.833333333333333,0.857142857142857,0.857142857142857,0.849206349206349,0,0,0,0,91.6666666666667,50.8994708994709,0,0,1,1,"Rural","Epic",1,1.8227599
"6949030",2025,0.5,0.5,0.5,0,0.375,0,0.5,0.25,1,0,1,0,0,0,0,0,0.25,0.5,0.5,0.6,0.533333333333333,0.166666666666667,0.142857142857143,0,0.103174603174603,0,0,0,0,29.1666666666667,21.2169312169312,0,0,1,1,"Rural","CPSI/Evident",NA,2.7238984
"6950001",2025,1,1,1,1,1,1,1,1,1,1,1,1,1,1,1,1,1,0.166666666666667,0.333333333333333,0.1,0.2,0.5,1,0.571428571428571,0.69047619047619,0,0,0,0,100,29.6825396825397,0,1,0,0,"Metro","Epic",1,1.6517192
"6950003",2025,1,1,1,1,1,0.5,1,0.75,1,1,1,1,1,1,1,1,1,0.166666666666667,0.5,0.1,0.255555555555556,0.166666666666667,0.428571428571429,0.428571428571429,0.341269841269841,1,1,0,0.666666666666667,91.6666666666667,42.1164021164021,0,0,1,0,"Micro","Epic",1,1.8227599
"6950070",2025,1,1,1,0.5,0.875,0,0,0,1,1,0,0,0,0,1,0,0.375,0.833333333333333,0.5,0.6,0.644444444444444,0.333333333333333,0.142857142857143,0.285714285714286,0.253968253968254,0,0,0,0,41.6666666666667,29.9470899470899,0,0,1,0,"Micro","Epic",1,1.9350708
"6950190",2025,1,1,1,1,1,1,1,1,1,1,1,1,1,1,1,1,1,0.166666666666667,0.333333333333333,0.1,0.2,0.5,1,0.571428571428571,0.69047619047619,0,0,0,0,100,29.6825396825397,0,0,1,0,"Micro","Epic",1,1.9574628
"6950295",2025,1,1,1,0.5,0.875,0.5,0.5,0.5,1,0.5,1,0,1,0,1,0,0.5625,0.666666666666667,0.833333333333333,0.9,0.8,0.333333333333333,0.285714285714286,0.285714285714286,0.301587301587302,0,0,0,0,64.5833333333333,36.7195767195767,0,0,1,1,"Metro","Epic",1,1.9822462
"6950330",2025,1,1,1,1,1,1,1,1,0.5,0.5,0.5,0.5,0,0,0,0,0.25,0.333333333333333,0.5,0.2,0.344444444444444,0.333333333333333,0.285714285714286,0.285714285714286,0.301587301587302,0,0,0,0,75,21.5343915343915,0,1,0,0,"Metro","Epic",1,1.4752485
"6950335",2025,1,1,1,1,1,1,1,1,1,1,1,1,1,1,1,1,1,0.166666666666667,0.333333333333333,0.1,0.2,0.5,1,0.571428571428571,0.69047619047619,0,0,0,0,100,29.6825396825397,0,1,0,0,"Metro","Epic",1,1.6517192
"6950360",2025,0.5,1,1,0.5,0.75,1,0,0.5,1,0.5,1,0,0,0,0,0,0.3125,1,0.666666666666667,0.6,0.755555555555556,0,0.285714285714286,0.142857142857143,0.142857142857143,1,0,0,0.333333333333333,52.0833333333333,41.0582010582011,0,1,0,0,"Metro","Cerner",NA,2.1734114
"6950380",2025,1,1,1,0.5,0.875,1,1,1,1,0.5,0.5,0.5,0.5,0.5,0.5,0.5,0.5625,0.5,0.5,0.2,0.4,0.666666666666667,0.571428571428571,0.285714285714286,0.507936507936508,0,0,0,0,81.25,30.2645502645503,1,0,0,0,"Metro","Epic",1,1.5074072
"6950405",2025,1,1,1,1,1,1,1,1,1,1,1,1,1,1,1,1,1,0.166666666666667,0.333333333333333,0.1,0.2,0.5,1,0.571428571428571,0.69047619047619,0,0,0,0,100,29.6825396825397,0,1,0,0,"Metro","Epic",1,1.6517192
"6950425",2025,1,1,1,1,1,1,1,1,1,1,1,1,0,0.5,0,0,0.5625,0.333333333333333,0.5,0.4,0.411111111111111,0.5,0.571428571428571,0.285714285714286,0.452380952380952,0,0,0,0,85.4166666666667,28.7830687830688,0,1,0,0,"Metro","Cerner",1,1.7584192
